ID,Source,Severity,Start_Time_parsed,End_Time_parsed,reported_duration_minutes,Description,Street,City,County,State,event_year,split
A-5399002,Source1,2,2018-04-19 09:24:00,2022-07-20 10:49:45,2236405.75,NYSDOT - Region 10: Crash on NY 27 eastbound area of Exit 66 - North Shore Highway; CR 39; North Shore Road (Suffolk) left lane closed,Inlet Rd W,Southampton,Suffolk,NY,2018.0,train
A-5292352,Source1,2,2018-04-19 09:24:00,2022-07-20 09:34:38,2236330.6333333333,NYSDOT - Region 10: Crash on NY 27 eastbound area of Exit 66 - North Shore Highway; CR 39; North Shore Road (Suffolk) left lane closed,NY-27 E,Southampton,Suffolk,NY,2018.0,train
A-7277768,Source1,2,2020-02-27 11:06:26,2023-02-27 12:06:00,1578299.5666666667,At Wells Ave/Exit 14 - Accident.,I-80 E,Reno,Washoe,NV,2020.0,train
A-3520162,Source1,4,2016-05-05 14:47:55,2018-04-27 16:00:00,1039752.0833333334,Closed between Roanoke Ave and US-1-9-TRUCK/Tonnele Ave - Road closed due to accident. Roadwork.,US-9 N,Newark,Essex,NJ,2016.0,train
A-3825588,Source1,2,2020-10-13 19:19:34,2022-04-15 14:43:16,790283.7,A disabled vehicle is creating a hazard. Use caution., N Santiam Hwy,Detroit,Marion,OR,2020.0,train
A-3899728,Source1,2,2021-05-28 05:23:00,2022-10-16 10:53:36,728970.6,Construction on US-13 SB near SCHOOL LN Expect long delays.,N Dupont Hwy,New Castle,New Castle,DE,2021.0,validation
A-3572241,Source1,4,2016-01-14 20:18:33,2017-02-17 23:22:00,576183.45,Closed at Fullerton Ave - Road closed due to accident. Roadwork. Lane blocked.,US-22 E,Whitehall,Lehigh,PA,2016.0,train
A-4710354,Source1,2,2020-12-30 22:58:00,2022-01-30 00:54:42,568916.7,Construction on I-495 NB near YALE AVE Right lane blocked. Expect delays.,I-495,Wilmington,New Castle,DE,2020.0,train
A-3558690,Source1,4,2016-01-14 20:18:33,2017-01-30 13:25:19,549666.7666666667,Closed at Fullerton Ave - Road closed due to accident. Roadwork. Lane blocked.,US-22 E,Whitehall,Lehigh,PA,2016.0,train
A-6371292,Source1,2,2020-05-23 09:23:48,2021-06-01 10:45:00,538641.2,All Tribal lands and Bureau of Indian Affairs roads on the Warm Springs Reservation are. closed to non-tribal public. Local traffic only.,Warm Springs Hwy,Maupin,Wasco,OR,2020.0,train
A-4783324,Source1,2,2022-02-03 08:08:00,2023-02-04 10:21:00,527173.0,Incident on I-20 EB near COMMON ST Expect long delays.,I-20 E,Shreveport,Caddo,LA,2022.0,calibration
A-5582249,Source1,2,2021-11-27 15:52:00,2022-11-28 17:49:00,527157.0,Incident on I-20 WB near PINES RD Drive with caution.,I-20,Shreveport,Caddo,LA,2021.0,validation
A-6230031,Source1,2,2021-07-25 15:25:00,2022-07-26 17:15:00,527150.0,Incident on I-20 EB near TRAFFIC ST Expect long delays.,I-20 E,Shreveport,Caddo,LA,2021.0,validation
A-5562692,Source1,4,2021-05-15 03:24:30,2022-05-15 23:59:59,526835.4833333333,I-65 S is closed from Pennsylvania St/Exit 113 (I-65) to I-70/Exit 111 (I-65) due to accident.,I-65 S,Indianapolis,Marion,IN,2021.0,validation
A-6057612,Source1,2,2021-07-12 12:07:00,2022-07-12 15:07:00,525780.0,Construction on US-61 NB near SPRINGFIELD RD Road closed. Take alternate route., Scenic Hwy,Baton Rouge,East Baton Rouge,LA,2021.0,validation
A-5770467,Source1,2,2021-05-28 14:07:00,2022-05-28 16:24:00,525737.0,Construction on LA-3132 EB near LA-526 Road closed. Take alternate route.,Inner Loop Expy E,Shreveport,Caddo,LA,2021.0,validation
A-6334806,Source1,2,2021-12-06 14:33:00,2022-12-06 16:38:00,525725.0,Construction on I-110 SB near LA-67 Road closed. Take alternate route.,I-110 S,Baton Rouge,East Baton Rouge,LA,2021.0,validation
A-5969861,Source1,2,2021-12-23 09:30:59,2022-12-23 11:27:00,525716.0166666667,Incident on I-10 WB near FLORIDA BLVD EXIT Drive with caution.,I-10 W,Metairie,Jefferson,LA,2021.0,validation
A-6239748,Source1,2,2021-10-27 00:26:00,2022-10-27 02:18:00,525712.0,Construction on I-10 EB near CITY PARK LAKE Road closed. Take alternate route.,I-10 E,Baton Rouge,East Baton Rouge,LA,2021.0,validation
A-6242842,Source1,2,2021-03-17 19:10:00,2022-03-17 21:00:00,525710.0,Incident on I-10 EB near I-10 Expect long delays.,I-10,Baton Rouge,East Baton Rouge,LA,2021.0,validation
A-6374702,Source1,2,2021-02-21 19:09:00,2022-02-21 20:58:00,525709.0,Incident on I-10 WB near MISSISSIPPI RIVER Right lane blocked. Expect delays.,I-10 W,Baton Rouge,East Baton Rouge,LA,2021.0,validation
A-5712476,Source1,2,2021-07-07 11:43:00,2022-07-07 13:30:00,525707.0,Incident on LA-182 EB near BAYOU BLACK DR Right lane blocked. Expect delays., Barrow St,Houma,Terrebonne,LA,2021.0,validation
A-5975559,Source1,2,2021-11-02 17:28:00,2022-11-02 19:13:00,525705.0,Construction on I-10 EB near US-190 Road closed. Take alternate route.,I-10,Slidell,St Tammany,LA,2021.0,validation
A-6174084,Source1,2,2021-07-09 15:25:00,2022-07-09 17:10:00,525705.0,Incident on I-20 EB near HAMILTON RD Drive with caution.,I-20 E,Bossier City,Bossier,LA,2021.0,validation
A-5631920,Source1,2,2021-07-17 11:40:00,2022-07-17 13:25:00,525705.0,Incident on I-210 EB near D'LNDE BAYOU Right lane blocked. Expect delays.,I-210 E,Westlake,Calcasieu,LA,2021.0,validation
A-6371531,Source1,2,2021-02-11 07:40:00,2022-02-11 09:25:00,525705.0,Incident on LA-47 NB near MARINA RD Drive with caution.,Paris Rd N,New Orleans,Orleans,LA,2021.0,validation
A-5673666,Source1,2,2021-11-26 20:20:00,2022-11-26 22:05:00,525705.0,Construction on I-10 WB near ASCENSION ST JAMES PARISH LINE Road closed. Take alternate route.,I-10,Sorrento,Ascension,LA,2021.0,validation
A-6012685,Source1,4,2021-06-06 16:48:00,2022-06-06 18:33:00,525705.0,Construction on I-20 WB near FIFI BAYOU Road closed. Take alternate route.,I-20,Bossier City,Bossier,LA,2021.0,validation
A-5665631,Source1,2,2021-05-24 14:28:00,2022-05-24 16:13:00,525705.0,Construction on US-190 EB near LA-983 Road closed. Take alternate route.,Grand Bayou Rd,Port Allen,West Baton Rouge,LA,2021.0,validation
A-5661317,Source1,2,2021-12-01 16:36:00,2022-12-01 18:21:00,525705.0,Incident on US-71 SB near LA-1208-2 Right lane blocked. Expect delays.,MacArthur Dr,Alexandria,Rapides,LA,2021.0,validation
A-5755211,Source1,2,2021-05-07 18:41:00,2022-05-07 20:26:00,525705.0,Incident on US-90-BR EB near INTRACOASTAL WATERWAY Right lane blocked. Expect delays.,Farrington Dr,Marrero,Jefferson,LA,2021.0,validation
A-6355101,Source1,2,2021-01-22 06:00:00,2022-01-22 07:45:00,525705.0,Incident on I-10 WB near CANAL NO 17 Right lane blocked. Expect delays.,I-10 W,Saint Rose,St. Charles,LA,2021.0,validation
A-5597007,Source1,2,2021-05-28 23:05:00,2022-05-29 00:50:00,525705.0,Construction on I-10 WB near LA-395 Road closed. Take alternate route.,I-10 W,Roanoke,Jefferson Davis,LA,2021.0,validation
A-3996914,Source1,2,2022-01-11 05:49:00,2023-01-11 07:34:00,525705.0,Incident on US-90-BR EB near I-10 Left lane blocked.,Pontchartrain Expy E,New Orleans,Orleans,LA,2022.0,calibration
A-5534294,Source1,2,2021-05-29 01:05:00,2022-05-29 02:50:00,525705.0,Incident on I-10 EB near ELTON RD Drive with caution.,I-10,Welsh,Jefferson Davis,LA,2021.0,validation
A-4297530,Source1,2,2022-01-31 14:52:00,2023-01-31 16:37:00,525705.0,Construction on LA-347 NB near MARTHA HEBERT RD Road closed. Take alternate route.,Grand Point Hwy,Breaux Bridge,St. Martin,LA,2022.0,calibration
A-6209538,Source1,2,2021-12-04 10:05:00,2022-12-04 11:50:00,525705.0,Incident on I-10 WB near CALCASIEU RIVER Expect long delays.,I-10 W,Lake Charles,Calcasieu,LA,2021.0,validation
A-4411126,Source1,2,2022-02-03 12:13:00,2023-02-03 13:58:00,525705.0,Incident on I-10 WB near SAINT BERNARD AVE Drive with caution.,I-10,New Orleans,Orleans,LA,2022.0,calibration
A-6690031,Source1,2,2020-12-29 12:45:00,2021-12-29 14:30:00,525705.0,Incident on I-20 EB near LA-154 Left lane blocked.,I-20 E,Gibsland,Bienville,LA,2020.0,train
A-5717182,Source1,2,2021-12-01 17:18:00,2022-12-01 19:03:00,525705.0,Incident on I-10 WB near VERDINE BAYOU Left lane blocked.,I-10 W,Westlake,Calcasieu,LA,2021.0,validation
A-6595787,Source1,2,2020-09-13 20:20:00,2021-09-13 22:05:00,525705.0,Construction on I-10 EB near MISSISSIPPI RIVER Road closed. Take alternate route.,I-10 E,Baton Rouge,East Baton Rouge,LA,2020.0,train
A-6837527,Source1,2,2020-11-17 13:48:00,2021-11-17 15:33:00,525705.0,Incident on I-12 WB near LA-447 Right lane blocked. Expect delays.,I-12 W,Walker,Livingston,LA,2020.0,train
A-6870457,Source1,2,2020-11-17 06:47:00,2021-11-17 08:32:00,525705.0,Incident on I-10 EB near MORRISON RD Drive with caution.,I-10 E,New Orleans,Orleans,LA,2020.0,train
A-5944702,Source1,2,2021-08-21 14:54:00,2022-08-21 16:39:00,525705.0,Incident on LA-1 SB near LA-523 Left lane blocked., Youree Dr,Shreveport,Caddo,LA,2021.0,validation
A-5675791,Source1,2,2021-10-23 10:08:00,2022-10-23 11:53:00,525705.0,Incident on US-90-BR WB near LOYOLA AVE Right lane blocked. Expect delays.,Pontchartrain Expy,New Orleans,Orleans,LA,2021.0,validation
A-5986230,Source1,2,2021-11-24 17:44:00,2022-11-24 19:29:00,525705.0,Construction on US-61 SB near I-10 Road closed. Take alternate route.,US-61,St Amant,Ascension,LA,2021.0,validation
A-6831335,Source1,2,2020-12-21 23:14:00,2021-12-22 00:59:00,525705.0,Incident on I-20 EB near LA-157 Left lane blocked.,I-20 E,Haughton,Bossier,LA,2020.0,train
A-4785479,Source1,2,2022-03-19 20:06:00,2023-03-19 21:51:00,525705.0,Incident on US-90 EB near THALIA ST Expect long delays.,S Claiborne Ave,New Orleans,Orleans,LA,2022.0,calibration
A-6501428,Source1,2,2021-01-16 12:45:00,2022-01-16 14:30:00,525705.0,Incident on I-610 EB near LONDON AVE CANAL Drive with caution.,I-610 E,New Orleans,Orleans,LA,2021.0,validation
A-4636883,Source1,2,2022-02-05 22:27:00,2023-02-06 00:12:00,525705.0,Incident on US-90-BR EB near WESTBANK EXPY HOV LN Right lane blocked. Expect delays., Bodenger Blvd,New Orleans,Orleans,LA,2022.0,calibration
A-6684888,Source1,2,2020-12-18 00:06:00,2021-12-18 01:51:00,525705.0,Incident on US-71 SB near LA-496 Left lane blocked.,N MacArthur Dr,Alexandria,Rapides,LA,2020.0,train
A-5624544,Source1,4,2021-06-04 14:14:00,2022-06-04 15:59:00,525705.0,Construction on I-10 WB near CALCASIEU RIVER Road closed. Take alternate route., Front St,Lake Charles,Calcasieu,LA,2021.0,validation
A-5703641,Source1,2,2021-07-25 03:49:00,2022-07-25 05:34:00,525705.0,Incident on I-10 EB near I-510 Drive with caution.,I-10,New Orleans,Orleans,LA,2021.0,validation
A-5065513,Source1,2,2022-01-10 08:55:00,2023-01-10 10:40:00,525705.0,Construction on I-20 EB near CLARKE BAYOU Road closed. Take alternate route.,I-20,Minden,Webster,LA,2022.0,calibration
A-6133714,Source1,4,2021-06-09 17:30:00,2022-06-09 19:15:00,525705.0,Construction on I-220 EB near TWELVEMILE BAYOU Road closed. Take alternate route.,I-220,Bossier City,Bossier,LA,2021.0,validation
A-5492571,Source1,2,2021-09-25 07:48:00,2022-09-25 09:33:00,525705.0,Incident on I-10 WB near ACADIA LAFAYETTE PARISH LINE Right lane blocked. Expect delays.,I-10 W,Scott,Lafayette,LA,2021.0,validation
A-5918302,Source1,2,2021-05-10 17:41:00,2022-05-10 19:26:00,525705.0,Incident on I-220 WB near TWELVEMILE BAYOU Left lane blocked.,I-220,Shreveport,Caddo,LA,2021.0,validation
A-6193823,Source1,2,2021-12-04 06:56:00,2022-12-04 08:41:00,525705.0,Incident on I-12 WB near BLOOD RIVER Right lane blocked. Expect delays.,I-12 W,Holden,Livingston,LA,2021.0,validation
A-6574083,Source1,2,2020-12-31 19:00:00,2021-12-31 20:45:00,525705.0,Incident on I-20 WB near FLAT RIVER Left lane blocked.,I-20 W,Bossier City,Bossier,LA,2020.0,train
A-6306711,Source1,2,2021-07-01 12:51:00,2022-07-01 14:36:00,525705.0,Construction on I-210 WB near CAMERON (LA-14) Road closed. Take alternate route.,I-210,Lake Charles,Calcasieu,LA,2021.0,validation
A-5624598,Source1,2,2021-11-02 15:01:00,2022-11-02 16:46:00,525705.0,Incident on I-10 EB near LA-77 Right lane blocked. Expect delays.,Sidney Rd,Grosse Tete,Iberville,LA,2021.0,validation
A-6791552,Source1,2,2020-10-28 23:40:00,2021-10-29 01:25:00,525705.0,Incident on I-220 EB near LA-173 Left lane blocked.,Lakeshore Dr,Shreveport,Caddo,LA,2020.0,train
A-5569332,Source1,2,2021-07-29 07:02:00,2022-07-29 08:47:00,525705.0,Incident on I-12 WB near LA-43 Right lane blocked. Expect delays.,I-12 W,Hammond,Tangipahoa,LA,2021.0,validation
A-5719316,Source1,2,2021-08-10 21:31:00,2022-08-10 23:16:00,525705.0,Incident on I-10 EB near LA-99 Right lane blocked. Expect delays.,I-10,Iowa,Jefferson Davis,LA,2021.0,validation
A-6600252,Source1,2,2020-10-17 17:46:00,2021-10-17 19:31:00,525705.0,Incident on I-10 WB near GROSSE TETE (LA-77) Left lane blocked.,I-10 W,Port Allen,West Baton Rouge,LA,2020.0,train
A-6106262,Source1,2,2021-08-15 15:34:00,2022-08-15 17:19:00,525705.0,Construction on I-10 WB near COLLEGE DR Road closed. Take alternate route.,I-10,Baton Rouge,East Baton Rouge,LA,2021.0,validation
A-6144170,Source1,2,2021-05-09 17:00:00,2022-05-09 18:45:00,525705.0,Construction on I-10 EB near LOYOLA DRIVE Road closed. Take alternate route.,I-10,Kenner,Jefferson,LA,2021.0,validation
A-6715030,Source1,2,2020-09-15 00:12:00,2021-09-15 01:57:00,525705.0,Incident on I-10 EB near CONWAY BAYOU Right lane blocked. Expect delays.,I-10 E,Garyville,St. John the Baptist,LA,2020.0,train
A-4703013,Source1,2,2022-02-02 08:59:00,2023-02-02 10:44:00,525705.0,Incident on I-220 EB near TWELVEMILE BAYOU Right lane blocked. Expect delays.,I-220,Shreveport,Caddo,LA,2022.0,calibration
A-5697734,Source1,4,2021-04-21 06:49:00,2022-04-21 08:34:00,525705.0,Construction on I-10 WB near US-51 Road closed. Take alternate route.,I-10,Reserve,St John the Baptist,LA,2021.0,validation
A-5929719,Source1,4,2021-03-02 16:58:00,2022-03-02 18:43:00,525705.0,Construction on I-10 WB near LAKE BIGEAUX Road closed. Take alternate route.,I-10 W,Lafayette,Lafayette,LA,2021.0,validation
A-6859620,Source1,2,2020-11-28 00:50:00,2021-11-28 02:35:00,525705.0,Incident on I-10 WB near ACADIAN THWY Left lane blocked.,I-10,Baton Rouge,East Baton Rouge,LA,2020.0,train
A-5940509,Source1,2,2021-10-28 08:57:00,2022-10-28 10:42:00,525705.0,Incident on I-220 WB near CROSS LAKE Left lane blocked.,I-220 W,Shreveport,Caddo,LA,2021.0,validation
A-6127431,Source1,2,2021-05-24 14:35:00,2022-05-24 16:20:00,525705.0,Construction on US-190 WB near LA-983 Road closed. Take alternate route., Highway 190 W,Port Allen,West Baton Rouge,LA,2021.0,validation
A-6244402,Source1,2,2021-04-16 19:02:00,2022-04-16 20:47:00,525705.0,Incident on I-210 WB near I-10 Left lane blocked.,I-210 W,Lake Charles,Calcasieu,LA,2021.0,validation
A-4982208,Source1,2,2022-02-25 13:36:00,2023-02-25 15:21:00,525705.0,Incident on I-10 EB near ST CHARLES ST JOHN THE BAPTIST PARISH LINE Expect long delays.,I-10 E,Kenner,Jefferson,LA,2022.0,calibration
A-6679378,Source1,2,2020-12-10 01:34:00,2021-12-10 03:19:00,525705.0,Incident on I-20 WB near FIFI BAYOU Drive with caution.,I-20 W,Bossier City,Bossier,LA,2020.0,train
A-5644431,Source1,2,2021-05-14 13:33:00,2022-05-14 15:18:00,525705.0,Construction on I-12 EB near US-190 Road closed. Take alternate route.,I-12,Covington,St Tammany,LA,2021.0,validation
A-6350362,Source1,2,2021-01-21 03:21:00,2022-01-21 05:06:00,525705.0,Incident on I-20 EB near TRAFFIC ST Right lane blocked. Expect delays.,I-20 E,Shreveport,Caddo,LA,2021.0,validation
A-6780840,Source1,2,2020-11-26 00:53:00,2021-11-26 02:38:00,525705.0,Incident on US-61 NB near I-12 Left lane blocked.,Airline Hwy,Baton Rouge,East Baton Rouge,LA,2020.0,train
A-5623677,Source1,4,2021-08-16 17:05:00,2022-08-16 18:50:00,525705.0,Construction on US-61 SB near COMMERCE LN Road closed. Take alternate route.,LA-42,Prairieville,Ascension,LA,2021.0,validation
A-6549307,Source1,2,2021-01-01 13:55:00,2022-01-01 15:40:00,525705.0,Incident on I-10 WB near I-610 Left lane blocked.,I-10 W,New Orleans,Orleans,LA,2021.0,validation
A-6464595,Source1,2,2021-02-02 15:58:00,2022-02-02 17:43:00,525705.0,Incident on LA-70 WB near ASCENSION ST JAMES PARISH LINE Left lane blocked.,LA-70,Convent,St James,LA,2021.0,validation
A-4795971,Source1,2,2022-01-13 16:03:00,2023-01-13 17:48:00,525705.0,Incident on I-12 WB near TANGIPAHOA RIVER Right lane blocked. Expect delays.,I-12,Hammond,Tangipahoa,LA,2022.0,calibration
A-5599805,Source1,2,2021-06-10 10:01:00,2022-06-10 11:46:00,525705.0,Incident on I-10 WB near LA-3000 Right lane blocked. Expect delays.,I-10 W,Maringouin,Iberville,LA,2021.0,validation
A-6608470,Source1,2,2020-12-10 23:10:00,2021-12-11 00:55:00,525705.0,Incident on I-55 NB near N PASS Left lane blocked.,I-55 N,Ponchatoula,Tangipahoa,LA,2020.0,train
A-6343025,Source1,2,2021-02-06 19:11:00,2022-02-06 20:56:00,525705.0,Incident on I-12 WB near US-61 Drive with caution.,I-12,Baton Rouge,East Baton Rouge,LA,2021.0,validation
A-6649489,Source1,2,2020-09-23 22:53:00,2021-09-24 00:38:00,525705.0,Incident on I-210 WB near BAYOU CONTRABAND Right lane blocked. Expect delays.,I-210 W,Lake Charles,Calcasieu,LA,2020.0,train
A-6530342,Source1,2,2021-01-22 00:47:00,2022-01-22 02:32:00,525705.0,Incident on US-61 SB near LA-73 Left lane blocked., Airline Hwy,Prairieville,Ascension,LA,2021.0,validation
A-5620031,Source1,2,2021-09-08 17:25:00,2022-09-08 19:10:00,525705.0,Construction on US-90 EB near FOLSE BAYOU Road closed. Take alternate route., Highway 90 E,Des Allemands,Lafourche,LA,2021.0,validation
A-6499317,Source1,2,2021-01-18 00:58:00,2022-01-18 02:43:00,525705.0,Incident on I-10 EB near VETERANS BLVD Right lane blocked. Expect delays.,I-10 E,Metairie,Jefferson,LA,2021.0,validation
A-4783946,Source1,2,2022-01-19 13:35:00,2023-01-19 15:20:00,525705.0,Incident on LA-28 WB near LA-3054 Right lane blocked. Expect delays., Coliseum Blvd,Alexandria,Rapides,LA,2022.0,calibration
A-6718480,Source1,2,2020-10-23 01:39:00,2021-10-23 03:24:00,525705.0,Incident on I-12 EB near TANGIPAHOA RIVER Drive with caution.,I-12 E,Hammond,Tangipahoa,LA,2020.0,train
A-6965258,Source1,2,2020-11-27 07:53:00,2021-11-27 09:38:00,525705.0,Incident on I-10 EB near INNER HARBOR NAVIGATION CANAL Expect long delays.,I-10 E,New Orleans,Orleans,LA,2020.0,train
A-6629370,Source1,2,2020-12-17 04:36:00,2021-12-17 06:21:00,525705.0,Incident on I-55 SB near S SLOUGH Drive with caution.,I-55 S,Ponchatoula,Tangipahoa,LA,2020.0,train
A-6947612,Source1,2,2020-12-08 02:23:00,2021-12-08 04:08:00,525705.0,Incident on I-10 WB near MISSISSIPPI RIVER Drive with caution.,I-10 W,Baton Rouge,East Baton Rouge,LA,2020.0,train
A-6053880,Source1,2,2021-09-28 15:56:00,2022-09-28 17:41:00,525705.0,Construction on US-190 EB near SANCHEZ ST Road closed. Take alternate route.,Airline Hwy,Baton Rouge,East Baton Rouge,LA,2021.0,validation
A-6567386,Source1,2,2021-01-10 07:24:00,2022-01-10 09:09:00,525705.0,Construction on I-10 EB near SUBURBAN CANAL Road closed. Take alternate route.,I-10 E,Metairie,Jefferson,LA,2021.0,validation
A-6328844,Source1,2,2021-11-17 07:53:00,2022-11-17 09:38:00,525705.0,Incident on I-12 WB near LACOMBE BAYOU Left lane blocked.,I-12 W,Lacombe,St. Tammany,LA,2021.0,validation
A-6927799,Source1,2,2020-12-31 23:43:00,2022-01-01 01:28:00,525705.0,Incident on I-12 EB near LA-59 Right lane blocked. Expect delays.,I-12,Covington,St Tammany,LA,2020.0,train
A-4729903,Source1,2,2022-01-04 15:23:00,2023-01-04 17:08:00,525705.0,Incident on I-10 EB near SUBURBAN CANAL Left lane blocked.,I-10 E,Metairie,Jefferson,LA,2022.0,calibration
A-5573923,Source1,2,2021-07-01 12:37:00,2022-07-01 14:22:00,525705.0,Incident on I-10 WB near CITY PARK LAKE Left lane blocked.,I-10,Baton Rouge,East Baton Rouge,LA,2021.0,validation
A-5991629,Source1,2,2021-09-19 18:31:00,2022-09-19 20:16:00,525705.0,Incident on I-10 WB near LA-395 Left lane blocked.,I-10,Welsh,Jefferson Davis,LA,2021.0,validation
A-5890946,Source1,4,2021-12-22 19:14:00,2022-12-22 20:59:00,525705.0,Construction on US-61 NB near VICTORIA DR Road closed. Take alternate route., Airline Hwy,Baton Rouge,East Baton Rouge,LA,2021.0,validation
A-6304725,Source1,2,2021-11-12 17:15:00,2022-11-12 19:00:00,525705.0,Construction on I-12 EB near HOG BRANCH Road closed. Take alternate route.,I-12,Livingston,Livingston,LA,2021.0,validation
A-6566476,Source1,2,2021-02-15 06:15:00,2022-02-15 08:00:00,525705.0,Incident on I-12 WB near LA-1068 Left lane blocked.,I-12 W,Baton Rouge,East Baton Rouge,LA,2021.0,validation
A-5710359,Source1,4,2021-09-30 16:01:00,2022-09-30 17:46:00,525705.0,Construction on I-10 WB near LA-95 Road closed. Take alternate route.,I-10 W,Scott,Acadia,LA,2021.0,validation
A-6174608,Source1,2,2021-05-07 15:06:00,2022-05-07 16:51:00,525705.0,Construction on I-10 EB near ATCHAFALAYA RIVER Road closed. Take alternate route.,I-10,Grosse Tete,Iberville,LA,2021.0,validation
A-4642359,Source1,2,2022-03-16 06:47:00,2023-03-16 08:32:00,525705.0,Incident on I-10 WB near US-51 Left lane blocked.,I-10,Gramercy,St James,LA,2022.0,calibration
A-6382979,Source1,2,2021-01-24 12:36:00,2022-01-24 14:21:00,525705.0,Construction on I-10 WB near VETERANS BLVD Road closed. Take alternate route.,I-10 W,Metairie,Jefferson,LA,2021.0,validation
A-6797968,Source1,2,2020-11-09 19:19:00,2021-11-09 21:04:00,525705.0,Construction on I-10 WB near LA-91 Road closed. Take alternate route.,I-10 W,Crowley,Acadia,LA,2020.0,train
A-6323457,Source1,2,2021-06-18 09:00:00,2022-06-18 10:45:00,525705.0,Incident on I-10 WB near CANAL NO 17 Right lane blocked. Expect delays.,I-10,St Rose,St Charles,LA,2021.0,validation
A-6072001,Source1,4,2021-11-06 21:30:00,2022-11-06 23:15:00,525705.0,Construction on I-55 NB near MANCHAC Road closed. Take alternate route.,I-55 N,LA Place,St. John the Baptist,LA,2021.0,validation
A-5753429,Source1,2,2021-10-31 21:36:00,2022-10-31 23:21:00,525705.0,Construction on I-10 WB near ATCHAFALAYA BASIN MAIN CHANNEL Road closed. Take alternate route.,Bayou Teche Scenic Bywy,Breaux Bridge,St Martin,LA,2021.0,validation
A-6799215,Source1,2,2020-09-12 14:07:00,2021-09-12 15:52:00,525705.0,Incident on I-10 WB near SMITH BAYOU Drive with caution.,I-10 W,Prairieville,Ascension,LA,2020.0,train
A-6791793,Source1,2,2020-10-13 22:11:00,2021-10-13 23:56:00,525705.0,Incident on I-55 NB near MANCHAC Left lane blocked.,US-51 N,LA Place,St. John the Baptist,LA,2020.0,train
A-5773058,Source1,2,2021-11-21 02:34:00,2022-11-21 04:19:00,525705.0,Incident on I-10 EB near MARTIN PARISH LINE Right lane blocked. Expect delays.,I-10,Grosse Tete,Iberville,LA,2021.0,validation
A-6345012,Source1,4,2021-01-31 23:38:00,2022-02-01 01:23:00,525705.0,Construction on I-10 EB near PERKINS RD Road closed. Take alternate route.,I-10,Baton Rouge,East Baton Rouge,LA,2021.0,validation
A-5932709,Source1,2,2021-06-11 15:14:00,2022-06-11 16:59:00,525705.0,Incident on I-210 EB near BROAD ST Left lane blocked.,I-210,Lake Charles,Calcasieu,LA,2021.0,validation
A-6099862,Source1,2,2021-09-09 16:01:00,2022-09-09 17:46:00,525705.0,Incident on I-10 WB near MISSISSIPPI RIVER Expect long delays.,I-10,Baton Rouge,East Baton Rouge,LA,2021.0,validation
A-5664295,Source1,2,2021-06-07 08:03:00,2022-06-07 09:48:00,525705.0,Incident on LA-488 WB near BRUYNINCKX RD Drive with caution., Twin Bridges Rd,Alexandria,Rapides,LA,2021.0,validation
A-5771859,Source1,2,2021-09-18 05:45:00,2022-09-18 07:30:00,525705.0,Incident on I-10 EB near OLD NEW RIVER Left lane blocked.,I-10,Laplace,St John the Baptist,LA,2021.0,validation
A-6648634,Source1,2,2020-10-27 02:57:00,2021-10-27 04:42:00,525705.0,Construction on US-61 NB near BLOUNT RD Road closed. Take alternate route.,Scenic Hwy,Baton Rouge,East Baton Rouge,LA,2020.0,train
A-5671662,Source1,2,2021-10-08 16:43:00,2022-10-08 18:28:00,525705.0,Incident on I-10 EB near COON GULLY Left lane blocked.,I-10 E,Sulphur,Calcasieu,LA,2021.0,validation
A-3789239,Source1,2,2022-02-04 16:37:00,2023-02-04 18:22:00,525705.0,Incident on I-55 SB near RUDDOCK Right lane blocked. Expect delays.,I-55,Laplace,St John the Baptist,LA,2022.0,calibration
A-4026935,Source1,4,2022-02-12 06:49:00,2023-02-12 08:34:00,525705.0,Construction on I-10 WB near D'LNDE BAYOU Road closed. Take alternate route.,I-10,Sulphur,Calcasieu,LA,2022.0,calibration
A-6427821,Source1,2,2021-01-19 01:19:00,2022-01-19 03:04:00,525705.0,Incident on I-10 EB near OPELOUSAS ST Expect long delays.,US-90 E,Lake Charles,Calcasieu,LA,2021.0,validation
A-5676353,Source1,2,2021-09-24 00:47:00,2022-09-24 02:32:00,525705.0,Incident on I-10 EB near LAKE PONTCHARTRAIN Expect long delays.,I-10 E,New Orleans,St. Tammany,LA,2021.0,validation
A-5749164,Source1,2,2021-09-15 10:57:00,2022-09-15 12:42:00,525705.0,Construction on I-10 EB near LA-1 Road closed. Take alternate route.,I-10 E,Port Allen,West Baton Rouge,LA,2021.0,validation
A-6901282,Source1,2,2020-12-24 01:52:00,2021-12-24 03:37:00,525705.0,Incident on I-10 EB near LA-3188 Left lane blocked.,I-10 E,Saint Rose,St. Charles,LA,2020.0,train
A-6074812,Source1,2,2021-07-16 04:57:00,2022-07-16 06:42:00,525705.0,Construction on US-63 SB near LA-9 Road closed. Take alternate route., E 4th St,Lillie,Union,LA,2021.0,validation
A-6675357,Source1,2,2020-10-26 00:48:00,2021-10-26 02:33:00,525705.0,Incident on I-20 EB near JEWELLA AVE Drive with caution.,I-20 E,Shreveport,Caddo,LA,2020.0,train
A-6424064,Source1,2,2021-01-17 11:08:00,2022-01-17 12:53:00,525705.0,Incident on I-110 SB near I-10 Left lane blocked.,I-110 S,Baton Rouge,East Baton Rouge,LA,2021.0,validation
A-6734094,Source1,2,2020-10-23 06:57:00,2021-10-23 08:42:00,525705.0,Incident on I-10 WB near CANAL NO 17 Left lane blocked.,I-10 W,Saint Rose,St. Charles,LA,2020.0,train
A-3933641,Source1,2,2022-03-15 18:02:00,2023-03-15 19:47:00,525705.0,Incident on I-10 EB near ST CHARLES ST JOHN THE BAPTIST PARISH LINE Left lane blocked.,I-10,Kenner,Jefferson,LA,2022.0,calibration
A-6034936,Source1,2,2021-10-16 23:33:00,2022-10-17 01:18:00,525705.0,Construction on I-10 WB near FRANKLIN AVE Road closed. Take alternate route.,I-10 W,New Orleans,Orleans,LA,2021.0,validation
A-6009069,Source1,2,2021-04-30 14:48:00,2022-04-30 16:33:00,525705.0,Construction on LA-73 NB near C BRAUD RD Road closed. Take alternate route., LA-73,Geismar,Ascension,LA,2021.0,validation
A-6562815,Source1,2,2021-02-23 17:27:00,2022-02-23 19:12:00,525705.0,Incident on I-10 EB near MIDDLE RIVER Left lane blocked.,I-10 E,Slidell,St. Tammany,LA,2021.0,validation
A-5071900,Source1,2,2022-01-24 10:01:00,2023-01-24 11:46:00,525705.0,Construction on I-610 WB near PARIS AVE Road closed. Take alternate route.,I-10,New Orleans,Orleans,LA,2022.0,calibration
A-6708674,Source1,2,2020-11-29 15:57:00,2021-11-29 17:42:00,525705.0,Construction on I-610 EB near LONDON AVE CANAL Road closed. Take alternate route.,I-610 E,New Orleans,Orleans,LA,2020.0,train
A-5765253,Source1,2,2021-11-18 16:43:00,2022-11-18 18:28:00,525705.0,Construction on I-10 EB near BAYOU MANCHAC Road closed. Take alternate route.,I-10 E,Baton Rouge,East Baton Rouge,LA,2021.0,validation
A-6940296,Source1,2,2020-11-09 22:43:00,2021-11-10 00:28:00,525705.0,Incident on I-10 WB near LAKE PONTCHARTRAIN Drive with caution.,I-10 W,Slidell,St. Tammany,LA,2020.0,train
A-5908110,Source1,2,2021-10-15 23:58:00,2022-10-16 01:43:00,525705.0,Construction on I-59 SB near W PEARL RIVER Road closed. Take alternate route.,I-59,Pearl River,St Tammany,LA,2021.0,validation
A-6591069,Source1,2,2021-01-01 01:24:00,2022-01-01 03:09:00,525705.0,Construction on I-49 SB near LA-3250 Road closed. Take alternate route.,I-49 S,Alexandria,Rapides,LA,2021.0,validation
A-6693789,Source1,2,2020-10-21 23:54:00,2021-10-22 01:39:00,525705.0,Construction on I-10 EB near LA-347 Road closed. Take alternate route.,I-10 E,Breaux Bridge,St. Martin,LA,2020.0,train
A-6598792,Source1,2,2020-11-29 02:37:00,2021-11-29 04:22:00,525705.0,Incident on I-10 WB near LOUISE ST Left lane blocked.,I-10 W,Baton Rouge,East Baton Rouge,LA,2020.0,train
A-6907527,Source1,2,2020-12-23 20:29:00,2021-12-23 22:14:00,525705.0,Incident on I-10 WB near MORRISON RD Right lane blocked. Expect delays.,I-10 W,New Orleans,Orleans,LA,2020.0,train
A-5788857,Source1,2,2021-12-17 18:40:00,2022-12-17 20:25:00,525705.0,Incident on I-49 NB near I-10 Right lane blocked. Expect delays.,NW Evangeline Trwy,Lafayette,Lafayette,LA,2021.0,validation
A-6843660,Source1,2,2020-12-24 09:26:00,2021-12-24 11:11:00,525705.0,Incident on I-10 EB near MISSISSIPPI RIVER Right lane blocked. Expect delays.,I-10 E,Baton Rouge,East Baton Rouge,LA,2020.0,train
A-6874023,Source1,2,2020-12-22 22:24:00,2021-12-23 00:09:00,525705.0,Incident on LA-1 NB near PORT ALLEN CANAL Right lane blocked. Expect delays.,LA Highway 1 S,Port Allen,West Baton Rouge,LA,2020.0,train
A-6486848,Source1,2,2021-01-20 01:37:00,2022-01-20 03:22:00,525705.0,Incident on I-10 WB near LAFAYETTE ST MARTIN PARISH LINE Right lane blocked. Expect delays.,I-10 W,Lafayette,Lafayette,LA,2021.0,validation
A-6697310,Source1,2,2020-10-22 07:15:00,2021-10-22 09:00:00,525705.0,Incident on I-510 NB near LAKE FOREST BLVD Drive with caution.,Paris Rd N,New Orleans,Orleans,LA,2020.0,train
A-6179754,Source1,2,2021-04-27 15:42:00,2022-04-27 17:27:00,525705.0,Incident on I-610 WB near ORLEANS CANAL Right lane blocked. Expect delays.,I-610 W,New Orleans,Orleans,LA,2021.0,validation
A-6116826,Source1,2,2021-09-15 05:58:00,2022-09-15 07:43:00,525705.0,Incident on US-90-BR EB near US-90 Left lane blocked.,Pontchartrain Expy W,New Orleans,Orleans,LA,2021.0,validation
A-5826801,Source1,2,2021-02-19 03:06:00,2022-02-19 04:51:00,525705.0,Construction on I-10 EB near LAKE BIGEAUX Expect long delays.,I-10,Breaux Bridge,St Martin,LA,2021.0,validation
A-6145147,Source1,2,2021-07-04 17:52:00,2022-07-04 19:37:00,525705.0,Incident on I-12 WB near BLOOD RIVER Right lane blocked. Expect delays.,I-12,Holden,Livingston,LA,2021.0,validation
A-6894437,Source1,2,2020-12-18 20:45:00,2021-12-18 22:30:00,525705.0,Incident on I-110 SB near I-10 Road closed. Take alternate route.,I-110 S,Baton Rouge,East Baton Rouge,LA,2020.0,train
A-5948574,Source1,2,2021-11-30 08:15:00,2022-11-30 10:00:00,525705.0,Incident on I-10 WB near JAHNCKE CANAL Left lane blocked.,I-10 W,New Orleans,Orleans,LA,2021.0,validation
A-5593294,Source1,2,2021-12-14 18:24:00,2022-12-14 20:09:00,525705.0,Incident on I-10 WB near BAYOU MANCHAC Right shoulder closed.,I-10 W,Baton Rouge,East Baton Rouge,LA,2021.0,validation
A-5230622,Source1,2,2022-03-21 10:40:00,2023-03-21 12:25:00,525705.0,Incident on I-12 EB near LA-1077 Right lane blocked. Expect delays.,I-12 E,Ponchatoula,Tangipahoa,LA,2022.0,calibration
A-5631028,Source1,2,2021-11-20 23:40:00,2022-11-21 01:25:00,525705.0,Incident on I-10 EB near LA-3188 Left lane blocked.,I-10 E,Norco,St. Charles,LA,2021.0,validation
A-6502907,Source1,2,2021-01-29 11:31:00,2022-01-29 13:16:00,525705.0,Incident on I-10 WB near HAMPTON COULEE Right lane blocked. Expect delays.,I-10 W,Vinton,Calcasieu,LA,2021.0,validation
A-6061040,Source1,2,2021-04-16 17:38:00,2022-04-16 19:23:00,525705.0,Incident on I-10 EB near RIDGEWAY BLVD Right lane blocked. Expect delays.,I-10 E,New Orleans,Orleans,LA,2021.0,validation
A-5555059,Source1,2,2021-06-06 10:49:00,2022-06-06 12:34:00,525705.0,Incident on I-12 WB near LA-3002 Left lane blocked.,I-12,Denham Springs,Livingston,LA,2021.0,validation
A-4436066,Source1,4,2022-02-18 06:55:00,2023-02-18 08:40:00,525705.0,Construction on I-10 WB near BAYOU LA BRANCH Road closed. Take alternate route.,I-10,Laplace,St John the Baptist,LA,2022.0,calibration
A-5904176,Source1,2,2021-07-26 21:30:00,2022-07-26 23:15:00,525705.0,Incident on I-12 EB near COLYELL CRK Right lane blocked. Expect delays.,I-12,Walker,Livingston,LA,2021.0,validation
A-6764214,Source1,2,2020-11-30 01:02:00,2021-11-30 02:47:00,525705.0,Incident on I-10 WB near WESTLAKE (LA-378) Drive with caution.,I-10 W,Lake Charles,Calcasieu,LA,2020.0,train
A-3829882,Source1,2,2022-02-10 17:40:00,2023-02-10 19:25:00,525705.0,Incident on US-61 NB near LA-426 Right lane blocked. Expect delays., Airline Hwy,Baton Rouge,East Baton Rouge,LA,2022.0,calibration
A-5544114,Source1,2,2021-06-25 11:03:00,2022-06-25 12:48:00,525705.0,Incident on I-55 SB near I-12 Left lane blocked.,I-55,Hammond,Tangipahoa,LA,2021.0,validation
A-6968076,Source1,2,2020-10-09 11:25:00,2021-10-09 13:10:00,525705.0,Incident on I-610 EB near LONDON AVE CANAL Drive with caution.,I-610 E,New Orleans,Orleans,LA,2020.0,train
A-5842662,Source1,2,2021-05-27 06:43:00,2022-05-27 08:28:00,525705.0,Incident on I-12 EB near LA-43 Right lane blocked. Expect delays.,I-12 E,Hammond,Tangipahoa,LA,2021.0,validation
A-3961616,Source1,2,2022-03-11 20:27:00,2023-03-11 22:12:00,525705.0,Construction on LA-946 WB near TYNEWOOD AVE Road closed. Take alternate route., Joor Rd,Baton Rouge,East Baton Rouge,LA,2022.0,calibration
A-6843319,Source1,2,2020-09-12 03:19:00,2021-09-12 05:04:00,525705.0,Incident on I-220 WB near LA-3105 Right lane blocked. Expect delays.,I-220 W,Bossier City,Bossier,LA,2020.0,train
A-5758145,Source1,2,2021-10-28 16:07:00,2022-10-28 17:52:00,525705.0,Incident on I-12 WB near LA-43 Left lane blocked.,I-12,Hammond,Tangipahoa,LA,2021.0,validation
A-5561856,Source1,2,2021-09-23 05:14:00,2022-09-23 06:59:00,525705.0,Incident on I-10 WB near MORRISON RD Right lane blocked. Expect delays.,I-10,New Orleans,Orleans,LA,2021.0,validation
A-6563652,Source1,4,2021-02-20 22:54:00,2022-02-21 00:39:00,525705.0,Construction on I-10 EB near INNER HARBOR NAVIGATION CANAL Road closed. Take alternate route.,I-10,New Orleans,Orleans,LA,2021.0,validation
A-6424844,Source1,2,2021-01-22 16:22:00,2022-01-22 18:07:00,525705.0,Incident on I-12 WB near LA-59 Left lane blocked.,I-12 W,Mandeville,St. Tammany,LA,2021.0,validation
A-6721707,Source1,2,2020-12-31 18:45:00,2021-12-31 20:30:00,525705.0,Construction on I-10 EB near VERMILION RIVER Road closed. Take alternate route.,I-10 E,Breaux Bridge,St. Martin,LA,2020.0,train
A-6749437,Source1,2,2020-11-29 15:38:00,2021-11-29 17:23:00,525705.0,Incident on I-10 WB near ATCHAFALAYA BASIN MAIN CHANNEL Left lane blocked.,I-10 W,Breaux Bridge,St. Martin,LA,2020.0,train
A-5607989,Source1,2,2021-07-09 14:19:00,2022-07-09 16:04:00,525705.0,Incident on I-20 EB near LA-72 Right lane blocked. Expect delays.,I-20 E,Bossier City,Bossier,LA,2021.0,validation
A-6399375,Source1,2,2021-02-20 22:54:00,2022-02-21 00:39:00,525705.0,Construction on I-10 EB near INNER HARBOR NAVIGATION CANAL Road closed. Take alternate route.,I-10,New Orleans,Orleans,LA,2021.0,validation
A-5603984,Source1,4,2021-09-30 16:01:00,2022-09-30 17:46:00,525705.0,Construction on I-10 WB near ACADIA LAFAYETTE PARISH LINE Road closed. Take alternate route.,I-10 W,Rayne,Acadia,LA,2021.0,validation
A-5553029,Source1,2,2021-03-18 07:01:00,2022-03-18 08:46:00,525705.0,Incident on I-10 EB near I-610 Right lane blocked. Expect delays.,I-10 E,Metairie,Jefferson,LA,2021.0,validation
A-6704139,Source1,4,2020-10-27 21:49:00,2021-10-27 23:34:00,525705.0,Construction on I-10 WB near MISSISSIPPI RIVER Road closed. Take alternate route.,I-10 W,Baton Rouge,East Baton Rouge,LA,2020.0,train
A-5605731,Source1,2,2021-08-13 17:14:00,2022-08-13 18:59:00,525705.0,Incident on I-49 SB near COTTONWOOD BAYOU Right lane blocked. Expect delays.,I-49,Shreveport,Caddo,LA,2021.0,validation
A-6214256,Source1,2,2021-11-02 01:17:00,2022-11-02 03:02:00,525705.0,Incident on LA-47 NB near INTRACOASTAL WATERWAY Right lane blocked. Expect delays.,Paris Rd N,New Orleans,Orleans,LA,2021.0,validation
A-6844479,Source1,2,2020-10-28 01:16:00,2021-10-28 03:01:00,525705.0,Incident on I-12 WB near LACOMBE BAYOU Drive with caution.,I-12 W,Mandeville,St. Tammany,LA,2020.0,train
A-6250515,Source1,2,2021-10-23 22:23:00,2022-10-24 00:08:00,525705.0,Incident on I-10 EB near LITTLE IRISH BAYOU Left lane blocked.,I-10 E,New Orleans,Orleans,LA,2021.0,validation
A-6507291,Source1,2,2021-01-27 08:18:00,2022-01-27 10:03:00,525705.0,Incident on I-10 EB near LOUISA ST NORTH Expect long delays.,I-10 E,New Orleans,Orleans,LA,2021.0,validation
A-6202713,Source1,2,2021-12-29 11:48:00,2022-12-29 13:33:00,525705.0,Incident on I-10 WB near WING GULLY Expect long delays.,I-10,Vinton,Calcasieu,LA,2021.0,validation
A-5588371,Source1,2,2021-12-10 15:55:00,2022-12-10 17:40:00,525705.0,Construction on I-10 EB near OLD NEW RIVER Road closed. Take alternate route.,I-10,Laplace,St John the Baptist,LA,2021.0,validation
A-6752675,Source1,2,2020-09-30 06:21:00,2021-09-30 08:06:00,525705.0,Construction on I-610 WB near ORLEANS CANAL Road closed. Take alternate route.,I-610 W,New Orleans,Orleans,LA,2020.0,train
A-5809998,Source1,2,2021-09-25 02:46:00,2022-09-25 04:31:00,525705.0,Incident on I-10 EB near MAXENT CANAL Right lane blocked. Expect delays.,I-10 E,New Orleans,Orleans,LA,2021.0,validation
A-6350363,Source1,2,2021-01-09 03:18:00,2022-01-09 05:03:00,525705.0,Incident on I-20 EB near TRAFFIC ST Right lane blocked. Expect delays.,I-20 E,Shreveport,Caddo,LA,2021.0,validation
A-5410872,Source1,4,2022-02-04 06:13:00,2023-02-04 07:58:00,525705.0,Construction on LA-3132 WB near BRUSH BAYOU Road closed. Take alternate route.,LA-3132,Shreveport,Caddo,LA,2022.0,calibration
A-6311438,Source1,4,2021-12-01 17:18:00,2022-12-01 19:03:00,525705.0,Construction on I-10 WB near VERDINE BAYOU Road closed. Take alternate route.,I-10 W,Westlake,Calcasieu,LA,2021.0,validation
A-4866038,Source1,2,2022-01-02 05:29:00,2023-01-02 07:14:00,525705.0,Incident on US-90 WB near MARTIN LUTHER KING JR BLVD Left lane blocked.,US-90,New Orleans,Orleans,LA,2022.0,calibration
A-6817570,Source1,2,2020-12-03 17:00:00,2021-12-03 18:45:00,525705.0,Incident on LA-3132 EB near WALKER RD Right lane blocked. Expect delays.,Inner Loop Expy E,Shreveport,Caddo,LA,2020.0,train
A-6607209,Source1,2,2020-10-04 13:40:00,2021-10-04 15:25:00,525705.0,Incident on I-10 EB near LA-30 Right lane blocked. Expect delays.,I-10 E,Port Allen,West Baton Rouge,LA,2020.0,train
A-6313691,Source1,2,2021-08-14 13:30:00,2022-08-14 15:15:00,525705.0,Incident on US-61 NB near I-110 Right lane blocked. Expect delays.,Scenic Hwy,Baton Rouge,East Baton Rouge,LA,2021.0,validation
A-6618821,Source1,2,2020-09-29 02:02:00,2021-09-29 03:47:00,525705.0,Incident on I-20 WB near LA-145 Drive with caution.,I-20 W,Calhoun,Ouachita,LA,2020.0,train
A-5616533,Source1,2,2021-05-31 17:37:00,2022-05-31 19:22:00,525705.0,Incident on I-20 WB near TRAFFIC ST Right lane blocked. Expect delays.,I-20 W,Bossier City,Bossier,LA,2021.0,validation
A-5679277,Source1,2,2021-10-18 07:49:00,2022-10-18 09:34:00,525705.0,Incident on I-20 WB near FLAT RIVER Left lane blocked.,I-20 W,Bossier City,Bossier,LA,2021.0,validation
A-6396970,Source1,2,2021-01-14 04:52:00,2022-01-14 06:37:00,525705.0,Construction on I-10 WB near LA-347 Road closed. Take alternate route.,I-10 W,Breaux Bridge,St. Martin,LA,2021.0,validation
A-6418970,Source1,2,2021-01-23 18:43:00,2022-01-23 20:28:00,525705.0,Incident on I-20 WB near RED RIVER Right lane blocked. Expect delays.,I-20 W,Bossier City,Bossier,LA,2021.0,validation
A-5898371,Source1,2,2021-05-07 12:58:00,2022-05-07 14:43:00,525705.0,Construction on I-220 WB near CROSS LAKE Road closed. Take alternate route.,I-220,Shreveport,Caddo,LA,2021.0,validation
A-4342264,Source1,2,2022-03-07 22:29:00,2023-03-08 00:14:00,525705.0,Incident on I-10 EB near LA-397 Expect long delays.,I-10,Lake Charles,Calcasieu,LA,2022.0,calibration
A-5751680,Source1,2,2021-09-13 15:22:00,2022-09-13 17:07:00,525705.0,Incident on I-210 EB near PRIEN LAKE Right lane blocked. Expect delays.,I-210 E,Westlake,Calcasieu,LA,2021.0,validation
A-5673727,Source1,2,2021-05-01 17:18:00,2022-05-01 19:03:00,525705.0,Construction on I-10 EB near ATCHAFALAYA RIVER Road closed. Take alternate route.,I-10,Grosse Tete,Iberville,LA,2021.0,validation
A-5640918,Source1,4,2021-06-01 16:09:00,2022-06-01 17:54:00,525705.0,Construction on I-20 EB near MACKS BAYOU Road closed. Take alternate route.,I-20,Bossier City,Bossier,LA,2021.0,validation
A-5554737,Source1,2,2021-10-06 13:37:00,2022-10-06 15:22:00,525705.0,Incident on I-10 WB near US-190-BR Drive with caution.,I-10 W,Slidell,St. Tammany,LA,2021.0,validation
A-4210709,Source1,2,2022-01-26 16:10:00,2023-01-26 17:55:00,525705.0,Incident on I-59 SB near W PEARL RIVER Right lane blocked. Expect delays.,I-59,Pearl River,St Tammany,LA,2022.0,calibration
A-6635514,Source1,2,2020-10-16 22:39:00,2021-10-17 00:24:00,525705.0,Incident on I-20 WB near FLAT RIVER Right lane blocked. Expect delays.,I-20,Bossier City,Bossier,LA,2020.0,train
A-6734909,Source1,2,2020-11-10 23:03:00,2021-11-11 00:48:00,525705.0,Incident on I-10 WB near LOYOLA DRIVE Right lane blocked. Expect delays.,I-10 W,Kenner,Jefferson,LA,2020.0,train
A-4056457,Source1,4,2022-02-02 08:39:00,2023-02-02 10:24:00,525705.0,Construction on LA-28 EB near PALMETTO ST Road closed. Take alternate route., Hwy 28 E,Pineville,Rapides,LA,2022.0,calibration
A-3887188,Source1,2,2022-02-20 16:02:00,2023-02-20 17:47:00,525705.0,Incident on I-10 WB near LAKE CHARLES Right lane blocked. Expect delays.,I-10,Lake Charles,Calcasieu,LA,2022.0,calibration
A-5793176,Source1,2,2021-07-27 19:57:00,2022-07-27 21:42:00,525705.0,Incident on I-10 EB near LA-101 Left lane blocked.,I-10 E,Iowa,Jefferson Davis,LA,2021.0,validation
A-6794994,Source1,2,2020-11-04 23:56:00,2021-11-05 00:41:00,525645.0,Incident on I-210 WB near I-10 Left lane blocked.,I-210 W,Lake Charles,Calcasieu,LA,2020.0,train
A-6827007,Source1,2,2020-11-05 13:47:00,2021-11-05 14:32:00,525645.0,Incident on I-10 WB near FRANKLIN AVE Expect long delays.,I-10 W,New Orleans,Orleans,LA,2020.0,train
A-5556447,Source1,4,2020-10-23 00:00:00,2021-10-22 23:59:59,525599.9833333333,Closed road from Magnolia St (Edinger Ave) to I-405/San Diego Fwy (Edinger Ave) due to accident., Edinger Ave,Westminster,Orange,CA,2020.0,train
A-3894556,Source1,2,2021-11-19 12:01:00,2022-10-07 17:23:56,464002.93333333335,Construction on I-95 SB near BRANDYWINE RIVER BRG Left lane blocked.,I-95,Wilmington,New Castle,DE,2021.0,validation
A-5953787,Source1,4,2021-01-20 14:32:07,2021-11-01 08:45:00,410052.88333333336,Incident on OR-224 EB near MP 31 Expect delays., Clackamas Hwy,Estacada,Clackamas,OR,2021.0,validation
A-3510662,Source1,4,2016-03-29 00:01:00,2016-11-21 05:00:00,341579.0,Closed past 275th St/Exit 134 - Road closed due to accident.,275th St,Salix,Woodbury,IA,2016.0,train
A-7569808,Source1,2,2018-06-10 11:39:20,2019-01-31 15:00:00,338600.6666666667,Between OH-48/Exit 28 and CR-7/Wilmington Rd/Exit 36 - Accident. Right lane blocked. Traffic problem.,I-71 N,Lebanon,Warren,OH,2018.0,train
A-4711399,Source1,2,2022-01-03 11:08:07,2022-07-30 15:40:04,299791.95,Incident on HILLSIDE AVE near HILLSIDE AVE Drive with caution.,Hillside Ave,Queens Village,Queens,NY,2022.0,calibration
A-7569295,Source1,3,2018-06-08 05:59:35,2018-12-31 06:00:00,296640.4166666667,At 185th St/200th St/Exit 182 - Accident. Right lane blocked. Roadwork.,OH-2 E,Cleveland,Cuyahoga,OH,2018.0,train
A-3435091,Source1,2,2016-09-24 18:11:55,2017-04-01 19:00:00,272208.0833333333,Between US-34/Exit 35 and US-275/IA-92/Exit 47 - Accident. Right lane closed. Contraflow.,US-275 N,Council Bluffs,Mills,IA,2016.0,train
A-6457710,Source1,2,2020-10-13 19:19:34,2021-04-18 21:21:06,269401.5333333333,A disabled vehicle is creating a hazard causing no to minimum delays. Use caution., N Santiam Hwy,Idanha,Marion,OR,2020.0,train
A-5857104,Source1,2,2021-07-01 18:22:48,2021-12-31 23:59:00,263856.2,Accident from Harrisburg School Rd to E Saw Mill Rd., Deerwood Ln,Quakertown,Bucks,PA,2021.0,validation
A-5171556,Source1,2,2021-12-08 12:17:51,2022-05-26 11:23:49,243305.96666666667,A hazardous materials cleanup is occurring. Prepare to slow., Highway 95 W,Jordan Valley,Malheur,OR,2021.0,validation
A-3595594,Source1,3,2017-04-26 10:33:32,2017-09-28 17:00:00,223586.46666666667,Between CR-614/Exit 65 and CR-G50/Exit 52 - Accident. Contraflow.,I-35 S,Prole,Warren,IA,2017.0,train
A-6099533,Source1,2,2021-04-12 17:36:27,2021-09-04 16:32:59,208736.53333333333,Incident on OR-126 EB near MP 31 Drive with caution., McKenzie Hwy,Vida,Lane,OR,2021.0,validation
A-5681317,Source1,2,2021-05-03 08:00:00,2021-09-24 16:45:00,207885.0,Construction on I-75 SB near COUNTY HWY-99 Drive with caution.,I-75 S,Findlay,Hancock,OH,2021.0,validation
A-6091403,Source1,4,2021-02-05 11:37:00,2021-06-28 23:59:00,206662.0,US-1 Alt N - US-1 Alt S is closed from Louisiana Ave (Constitution Ave) to Maryland Ave (Constitution Ave) due to accident.,Constitution Ave NW,Washington,District of Columbia,DC,2021.0,validation
A-6435288,Source1,2,2020-10-02 17:45:00,2021-02-14 20:26:00,194561.0,A disabled vehicle is creating a hazard causing no to minimum delays. Use caution., McKenzie Hwy,Vida,Lane,OR,2020.0,train
A-5698888,Source1,2,2021-03-23 07:58:25,2021-08-01 18:41:38,189283.21666666667,I-84 is closed WB due to a crash. Use alternate routes. Ramps Affected.,I-84 W,Baker City,Baker,OR,2021.0,validation
A-5851308,Source1,4,2021-03-22 22:01:00,2021-07-30 05:44:00,186223.0,Construction on CA-99 NB near MING AVE Take alternate route., Ming Ave,Bakersfield,Kern,CA,2021.0,validation
A-4594855,Source1,2,2022-01-13 06:54:00,2022-05-19 14:19:00,181885.0,Incident on ROBERT F KENNEDY BRG WB near HARLEM RIVER Center lane blocked. Expect Delays.,Robert F Kennedy Brg,New York,New York,NY,2022.0,calibration
A-3456653,Source1,4,2017-01-06 01:05:18,2017-05-01 06:00:00,165894.7,Closed between Berdan Ave/Exit 205 and Suder Ave/Exit 209 - Road closed due to accident. Construction work.,I-75 N,Toledo,Lucas,OH,2017.0,train
A-6591995,Source1,2,2020-12-09 21:39:51,2021-04-01 00:00:00,161420.15,Animals are on the roadway. There should be no to minimum delay to traffic. Use caution.,Steens Hwy,Jordan Valley,Malheur,OR,2020.0,train
A-3624275,Source1,4,2017-06-09 07:15:31,2017-09-28 17:00:00,160424.48333333334,Closed between CR-G50/Exit 52 and CR-614/Exit 65 - Road closed due to accident. Contraflow.,I-35 N,Prole,Warren,IA,2017.0,train
A-6838998,Source1,4,2020-09-19 03:53:00,2021-01-07 05:33:00,158500.0,Hazard @ National Forest Development Road 46 -- Impact: Closure,NFD Road 46,Estacada,Clackamas,OR,2020.0,train
A-4122919,Source1,2,2022-05-10 15:30:00,2022-08-18 20:56:12,144326.2,Construction on 20TH ST near AVENUE H Road closed. Take alternate route., 20th St E,Lancaster,Los Angeles,CA,2022.0,calibration
A-3516017,Source1,4,2016-07-22 14:39:38,2016-10-30 14:00:00,143960.36666666667,Closed between I-15-BL/US-91/Exit 89 and River Rd/Rose-Firth Rd/Exit 98 - Road closed due to accident. Construction work. Lane closed.,I-15 N,Blackfoot,Bingham,ID,2016.0,train
A-7544469,Source1,4,2018-08-02 05:15:05,2018-10-30 17:00:00,128864.91666666667,Closed between GA-92/Campbellton Fairburn Rd and GA-154/GA-166/Campbellton Rd - Road closed due to accident. Construction work. Left lane closed., Cascade Palmetto Hwy,Fairburn,Fulton,GA,2018.0,train
A-6250455,Source1,2,2021-03-23 07:58:25,2021-06-18 06:00:00,125161.58333333333,Rough roads in area both EB and WB. Use caution.,I-84 W,La Grande,Union,OR,2021.0,validation
A-6358676,Source1,4,2020-11-11 08:00:00,2021-02-02 07:59:59,119519.98333333334,Bridge Closed due to structural repairs. Expect opening 2/1/21. Please use detour routes., Union Hwy,Enoree,Spartanburg,SC,2020.0,train
A-7747102,Source1,4,2019-08-03 06:17:07,2019-10-18 00:19:00,109081.88333333333,Closed at I-80 - Road closed due to accident. Roadwork., W Highway 31,Springfield,Sarpy,NE,2019.0,train
A-6148757,Source1,4,2021-03-04 08:56:00,2021-05-17 12:42:13,106786.21666666666,Incident on I-95 SB near US-202 Road closed. Take alternate route.,I-95 S,Wilmington,New Castle,DE,2021.0,validation
A-6897216,Source1,4,2020-10-06 07:01:00,2020-12-16 07:59:00,102298.0,Construction on I-278 eastbound at Exit 28A - Old Fulton Street; Cadman Plaza West (New York) Continuous Tuesday October 6th 2020 12:01 AM thru Tuesday December 15th 2020 05:00 AM all lanes closed,Brooklyn Queens Expy,Brooklyn,Kings,NY,2020.0,train
A-6716588,Source1,2,2020-10-14 02:19:34,2020-12-15 21:19:00,90419.43333333333,Incident on OR-22 EB near MP 55 Drive with caution.,Church St,Idanha,Marion,OR,2020.0,train
A-6119405,Source1,4,2021-11-01 19:00:00,2022-01-03 05:00:00,89880.0,Closed road from exit [172] to I-25 N due to accident., Upper Lake Gulch Rd,Castle Rock,Douglas,CO,2021.0,validation
A-4253744,Source1,2,2022-05-06 15:04:12,2022-07-04 10:37:02,84692.83333333333,Incident on US-12 near 270TH ST Drive with caution., US Highway 12,Litchfield,Meeker,MN,2022.0,calibration
A-6150273,Source1,2,2021-03-23 07:58:25,2021-05-15 10:30:00,76471.58333333333,A crash has occurred causing no to minimum delays. Use caution.,I-84 W,La Grande,Union,OR,2021.0,validation
A-6761935,Source1,4,2020-11-11 13:53:00,2021-01-01 07:59:00,73086.0,I-75 N - I-71 N is closed from 12th St/Pike St/Exit 191 (I-71/I-75) to I-71/Exit 1 (I-71/I-75).,I-71 N,Covington,Kenton,KY,2020.0,train
A-6802684,Source1,2,2020-11-13 21:14:02,2021-01-01 07:59:00,69764.96666666666,Accident on 5th St/Exit 192 (I-71/I-75) from I-71/Exit 1 (I-71/I-75) to I-75 N - I-71 N.,Brent Spence Bridge,Covington,Kenton,KY,2020.0,train
A-6897938,Source1,2,2020-11-13 21:14:02,2021-01-01 07:59:00,69764.96666666666,Accident on I-71/Exit 1 (I-71/I-75) from 5th St/Exit 192 (I-71/I-75) to I-75 S - I-71 S.,I-75 S,Cincinnati,Hamilton,OH,2020.0,train
A-1886499,Source2,3,2019-07-14 13:19:10,2019-08-31 10:30:00,68950.83333333333,Entry ramp to I-29 Southbound from 155th St closed due to flooding.,155th St,Thurman,Fremont,IA,2019.0,train
A-3617215,Source1,4,2017-05-23 19:46:38,2017-07-10 08:00:00,68413.36666666667,Closed at County Road 9 - Road closed due to accident. Construction work., US Highway 6,Nappanee,Elkhart,IN,2017.0,train
A-6564335,Source1,2,2021-01-16 23:47:18,2021-03-05 12:00:00,68412.7,The WB Exit 35 off-ramp is closed use an alternate route. Ramps Affected.,I-84 W,Cascade Locks,Multnomah,OR,2021.0,validation
A-5781604,Source1,2,2021-09-24 14:00:00,2021-11-09 17:20:51,66440.85,Multi vehicle crash on I-81 northbound between Exit 10: PA 914 MARION and Exit 14: PA 316 - WAYNE AVE. All lanes closed.,I-81 N,Chambersburg,Franklin,PA,2021.0,validation
A-6713332,Source1,2,2020-09-08 03:30:50,2020-10-22 14:35:00,64024.166666666664,The highway is closed. Use alternate routes., McKenzie Hwy,Walterville,Lane,OR,2020.0,train
A-6616052,Source1,2,2020-09-08 03:30:50,2020-10-22 14:35:00,64024.166666666664,The highway is closed. Use alternate routes., McKenzie Hwy,Vida,Lane,OR,2020.0,train
A-7678108,Source1,4,2017-09-01 05:09:00,2017-10-15 05:30:00,63381.0,Closed between OR-34/Exit 228 and OR-99E/Exit 234 - Road closed due to accident. Construction work.,I-5 N,Albany,Linn,OR,2017.0,train
A-6766116,Source1,2,2020-09-08 12:28:58,2020-10-19 15:30:00,59221.03333333333,Hazardous tree or vegetation is causing no to minimum delays. Use caution., Boundary Rd,Idleyld Park,Douglas,OR,2020.0,train
A-6815089,Source1,2,2020-09-08 12:28:58,2020-10-19 15:30:00,59221.03333333333,An unconfirmed report of animals on the roadway has been received. Use caution.,NFD Road 37,Glide,Douglas,OR,2020.0,train
A-7493618,Source1,2,2018-10-22 09:30:00,2018-11-30 15:00:00,56490.0,Between US-29/VA-237/Old Lee Hwy and St Regents Dr - Accident. Right lane blocked., Lee Hwy,Fairfax,Fairfax City,VA,2018.0,train
A-7501187,Source1,2,2018-10-22 09:30:00,2018-11-30 15:00:00,56490.0,Between US-29/VA-237/Old Lee Hwy and St Regents Dr - Accident. Right lane blocked., Lee Hwy,Fairfax,Fairfax City,VA,2018.0,train
A-6353032,Source1,2,2021-01-08 07:26:22,2021-02-15 22:08:25,55602.05,Incident on ALDENE AVE near FANWOOD RD Drive with caution., Aldene Ave,Goose Creek,Berkeley,SC,2021.0,validation
A-3442807,Source1,4,2016-07-05 05:03:00,2016-08-10 06:00:00,51897.0,Closed between I-80/Exit 0 and County Rd F-12/Exit 10 - Road closed due to accident. Construction work. Traffic problem.,IA-27 N,North Liberty,Johnson,IA,2016.0,train
A-7694076,Source1,4,2017-08-10 18:18:41,2017-09-15 13:00:00,51521.316666666666,Closed between I-35W/Exit 41 and Lexington Ave/Exit 43A - Road closed due to accident. Roadwork. Roadway reduced to 2 lanes.,I-694 E,Saint Paul,Ramsey,MN,2017.0,train
A-1772970,Source2,3,2019-09-19 03:36:55,2019-10-24 07:45:00,50648.083333333336,Entry ramp to I-29 Southbound from Waubonsie Ave Eastbound closed due to flooding.,I-29 S,Thurman,Fremont,IA,2019.0,train
A-6304023,Source1,4,2021-03-11 19:28:48,2021-04-15 14:16:00,50087.2,Incident on US-101 SB near MP 327 Expect delays., Highway 101,Gold Beach,Curry,OR,2021.0,validation
A-3720607,Source1,2,2022-02-10 18:32:00,2022-03-15 12:43:00,47171.0,A disabled vehicle is creating a hazard causing no to minimum delays. Use caution.,I-84 W,Pendleton,Umatilla,OR,2022.0,calibration
A-3463716,Source1,4,2016-10-23 23:54:17,2016-11-23 15:00:00,44105.71666666667,Closed between 111th St/Exit 66A and I-57/Exit 63 - Road closed due to accident. Construction work.,I-94 W,Chicago,Cook,IL,2016.0,train
A-6636606,Source1,2,2020-10-02 17:45:00,2020-11-01 16:45:00,43140.0,Incident on OR-126 EB near MP 30 Drive with caution., McKenzie Hwy,Vida,Lane,OR,2020.0,train
A-7139186,Source1,2,2020-02-27 05:00:54,2020-03-26 06:30:51,40409.95,Between Old Emigrant Rd/Exit 234 and Summit Rd/Exit 243 - Accident.,I-84 E,Pendleton,Umatilla,OR,2020.0,train
A-7278540,Source1,2,2020-02-14 03:16:49,2020-03-13 04:46:46,40409.95,Between Old Emigrant Rd/Exit 234 and Summit Rd/Exit 243 - Accident.,I-84 E,Pendleton,Umatilla,OR,2020.0,train
A-3487151,Source1,4,2016-08-05 15:01:04,2016-08-31 15:00:00,37438.933333333334,Closed past Rodney Ave - Road closed due to accident., Pilottown Rd,Lewes,Sussex,DE,2016.0,train
A-3481497,Source1,4,2016-10-06 13:46:47,2016-11-01 08:00:00,37093.21666666667,Closed between US-127-BR/Center St and US-127-BR/Lincoln Rd - Road closed due to accident. Construction work.,US-127 N,Ithaca,Gratiot,MI,2016.0,train
A-3804659,Source1,4,2022-09-06 00:00:00,2022-10-01 00:30:00,36030.0,Construction on MN-55 EB near US-52 Road closed. Take alternate route., Clayton Ave E,Rosemount,Dakota,MN,2022.0,calibration
A-7673710,Source1,4,2017-10-20 14:52:52,2017-11-13 18:00:00,34747.13333333333,Closed at North Territorial Rd/Exit 49 - Road closed due to accident. Construction work.,US-23 N,Ann Arbor,Washtenaw,MI,2017.0,train
A-6447540,Source1,2,2021-01-05 18:25:55,2021-01-29 20:00:00,34654.083333333336,A landslide has closed the EB right lane MP 34 to 36. EB and WB exits 35 and 37 are closed. Use caution. Ramps Affected.,I-84 E,Corbett,Multnomah,OR,2021.0,validation
A-6515749,Source1,2,2021-01-05 18:25:55,2021-01-29 20:00:00,34654.083333333336,A landslide has closed the Historic Columbia River Highway from NW Palmer Mill Rd to I-84. Use an alternate route.,E Historic Columbia River Hwy,Corbett,Multnomah,OR,2021.0,validation
A-3830563,Source1,2,2022-12-01 19:58:27,2022-12-23 21:13:30,31755.05,A hazardous materials cleanup is causing minimal delay to traffic. Use caution.,I-84 E,La Grande,Umatilla,OR,2022.0,calibration
A-6493159,Source1,2,2021-01-29 20:57:09,2021-02-20 14:58:00,31320.85,High water is causing no to minimum delays. Use caution., Highway 101,Coos Bay,Coos,OR,2021.0,validation
A-6359191,Source1,2,2021-01-26 20:13:00,2021-02-15 13:18:26,28385.433333333334,Incident on I-90 WB near US-41 Road closed. Take alternate route.,I-90 W,Hammond,Lake,IN,2021.0,validation
A-6775052,Source1,2,2020-10-15 18:09:24,2020-11-03 22:02:21,27592.95,Incident on US-12 near LOMBARDY DR Expect delays., W US Highway 12,Helena,Lewis and Clark,MT,2020.0,train
A-5633959,Source1,2,2021-10-20 07:51:56,2021-11-07 02:13:44,25581.8,MTA NYC Transit Bus: due to Crash both directions X27 Bus X28 Bus X37 Bus and X38 Bus area of Gowanus Exp./22 St (N.B.) (New York) bus service delayed.,Gowanus Expy HOV Ln,Brooklyn,Kings,NY,2021.0,validation
A-6230210,Source1,4,2021-08-13 22:13:00,2021-08-30 05:00:00,23447.0,On VA-120 (N Glebe Rd) in the County of Arlington from the ramp to VA-120W (Glebe Road) to Chain Bridge Rd; VA-123N/S motorists can expect potential delays in this area from 08/13/21 at 10:13 PM until 08/30/21 at 5:00 AM due to bridge work. All east lanes are closed. All west lanes are closed., N Glebe Rd,Arlington,Arlington,VA,2021.0,validation
A-5018303,Source1,2,2023-01-07 06:55:03,2023-01-23 03:09:24,22814.35,Incident on POINSETT HWY near US-276 Drive with caution., Poinsett Hwy,Greenville,Greenville,SC,2023.0,test
A-6802417,Source1,2,2020-09-08 14:38:06,2020-09-23 19:43:00,21904.9,The highway is closed due to wildfire. Use alternate routes.,Old McKenzie Hwy,Blue River,Lane,OR,2020.0,train
A-4416563,Source1,2,2022-01-24 08:56:45,2022-02-08 03:18:04,21261.316666666666,Incident on WAXHAW HWY near PEACEWOOD TRL Drive with caution., Waxhaw Hwy,Lancaster,Lancaster,SC,2022.0,calibration
A-7266575,Source1,2,2020-02-08 06:12:45,2020-02-22 22:12:43,21119.966666666667,Between Old Emigrant Rd/Exit 234 and Summit Rd/Exit 243 - Accident.,I-84 E,Pendleton,Umatilla,OR,2020.0,train
A-6683052,Source1,4,2020-09-08 03:30:50,2020-09-22 15:20:00,20869.166666666668,Incident on OR-126 EB near MP 12 Expect delays., McKenzie Hwy,Springfield,Lane,OR,2020.0,train
A-6661493,Source1,4,2020-09-08 03:30:50,2020-09-22 15:20:00,20869.166666666668,Incident on OR-126 EB near MP 12 Expect delays., Thienes Ln,Springfield,Lane,OR,2020.0,train
A-4378721,Source1,2,2022-07-08 18:11:53,2022-07-23 03:31:58,20720.083333333332,Incident on I-26 WB near MM 69 Road closed. Take alternate route.,I-26 W,Newberry,Newberry,SC,2022.0,calibration
A-3313047,Source2,3,2017-09-15 22:37:05,2017-09-30 05:50:00,20592.916666666668,Entry ramp to Viento State Park at Exit 56 from I-84 Eastbound closed due to Eagle Creek wild fire.,US-30 E,Cascade Locks,Hood River,OR,2017.0,train
A-5981130,Source1,2,2021-04-09 12:57:58,2021-04-23 17:52:03,20454.083333333332,Incident on OR-194 EB near MP 7 Road hazard. Expect long delays., Main St E,Monmouth,Polk,OR,2021.0,validation
A-5554761,Source1,2,2021-04-09 12:57:58,2021-04-23 17:07:03,20409.083333333332,A hazardous materials cleanup has closed the road and a detour is in place. Follow detour., Pacific Ave N,Monmouth,Polk,OR,2021.0,validation
A-6588990,Source1,2,2020-11-26 00:38:25,2020-12-09 02:31:31,18833.1,Incident on GOLF COURSE RD near DOGWOOD RD Expect delays., Golf Course Rd,Roundup,Musselshell,MT,2020.0,train
A-6555305,Source1,4,2021-02-16 09:15:00,2021-03-01 09:00:00,18705.0,Incident on OR-204 EB near MP 0 Expect delays., Weston Elgin Hwy,Weston,Umatilla,OR,2021.0,validation
A-6868627,Source1,4,2020-12-04 16:45:30,2020-12-17 10:55:14,18369.733333333334,Closed road from Redwood Ave to Baily Rd due to accident., Redwood Ave,Lansdowne,Delaware,PA,2020.0,train
A-6806505,Source1,4,2020-12-04 16:45:30,2020-12-17 10:55:14,18369.733333333334,Closed road from Whitby Ave to Cedar Ave due to accident., Yeadon Ave,Lansdowne,Delaware,PA,2020.0,train
A-6081510,Source1,2,2021-10-24 00:45:45,2021-11-05 15:12:20,18146.583333333332,Incident on ANCHOR ST near VIADUCT RD Expect delays., Anchor St,Spartanburg,Spartanburg,SC,2021.0,validation
A-5752049,Source1,2,2021-12-03 02:36:49,2021-12-15 09:28:52,17692.05,Incident on MT-59 near MM 59 Drive with caution., Highway 59 N,Cohagen,Garfield,MT,2021.0,validation
A-1854326,Source2,3,2019-09-19 03:36:55,2019-10-01 02:37:00,17220.083333333332,Entry ramp to I-29 Northbound from Waubonsie Ave Westbound closed due to flooding.,I-29 N,Thurman,Fremont,IA,2019.0,train
A-5643120,Source1,2,2021-05-11 04:51:30,2021-05-22 18:47:23,16675.883333333335,Slow traffic on FL-948 - FL-953 from Miami to S Royal Poinciana Blvd due to accident.,NW 42nd Ave,Miami,Miami-Dade,FL,2021.0,validation
A-4382706,Source1,2,2022-09-23 20:51:27,2022-10-05 10:33:31,16662.066666666666,Incident on OR-370 WB near MM 10 Drive with caution., NW O'Neil Hwy,Powell Butte,Crook,OR,2022.0,calibration
A-6824683,Source1,2,2020-09-20 06:31:16,2020-10-01 15:52:23,16401.116666666665,The highway is closed. Use alternate routes., Caves Hwy,Cave Junction,Josephine,OR,2020.0,train
A-7140892,Source1,2,2020-03-16 09:15:00,2020-03-27 15:09:12,16194.2,At I-35/I-535 - Accident. Traffic problem.,Blatnik Bridge,Duluth,St. Louis,MN,2020.0,train
A-6639716,Source1,2,2020-09-08 18:05:39,2020-09-19 14:07:00,15601.35,The highway is closed. Use alternate routes.,State Highway 126,Blue River,Linn,OR,2020.0,train
A-5529180,Source1,2,2021-05-12 04:45:30,2021-05-22 21:00:01,15374.516666666666,Stationary traffic on I-195 E from exit [5] to Miami Beach due to accident.,I-195 E,Miami Beach,Miami-Dade,FL,2021.0,validation
A-6272321,Source1,2,2021-03-30 05:21:03,2021-04-08 18:46:11,13765.133333333333,Stationary traffic on NJ-21 from Rector St (NJ-21) to South St (NJ-21) due to accident., McCarter Hwy,Newark,Essex,NJ,2021.0,validation
A-6795330,Source1,2,2020-12-22 00:53:00,2020-12-31 05:38:13,13245.216666666667,Construction on 165TH ST near 170TH ST Road closed. Take alternate route., 165th St E,Llano,Los Angeles,CA,2020.0,train
A-7495786,Source1,3,2018-10-28 09:35:03,2018-11-06 12:00:00,13104.95,At S South End Rd - Accident. Rockfalls., Pacific Hwy,Oregon City,Clackamas,OR,2018.0,train
A-5643877,Source1,2,2021-03-30 20:44:30,2021-04-08 15:54:22,12669.866666666667,Slow traffic on US-1 S - US-9 S from Elmora Ave/Bayway Ave (US-9/US-1) to I-278 (US-9/US-1) due to accident., Carlton St,Elizabeth,Union,NJ,2021.0,validation
A-6824795,Source1,4,2020-09-09 14:20:00,2020-09-18 06:59:00,12519.0,Road OR-99 is closed from Colver Rd/Suncrest Rd (OR-99) to S Valley View Rd (OR-99) due to accident landslips. Passable with care roadwork., W Valley View Rd,Talent,Jackson,OR,2020.0,train
A-7248147,Source1,2,2020-02-03 12:40:35,2020-02-11 16:40:00,11759.416666666666,At S Main St/S Columbia St/SE 3rd Ave - Accident.,Oregon-Washington Hwy,Weston,Umatilla,OR,2020.0,train
A-7728917,Source1,2,2019-05-22 05:17:36,2019-05-30 09:17:00,11759.4,At Dick Creek Rd - Accident.,John Day Hwy,Kimberly,Grant,OR,2019.0,train
A-5852584,Source1,4,2021-04-08 23:42:00,2021-04-16 23:59:00,11537.0,Incident on I-10 WB near WASHINGTON BLVD Road closed. Take alternate route.,I-10 W,Los Angeles,Los Angeles,CA,2021.0,validation
A-5924577,Source1,2,2021-08-06 00:00:00,2021-08-13 23:59:59,11519.983333333334,Crash - Avoid the Area,S John Young Pkwy,Orlando,Orange,FL,2021.0,validation
A-5704070,Source1,2,2021-08-06 00:00:00,2021-08-13 23:59:59,11519.983333333334,Crash - Avoid the Area,S John Young Pkwy,Orlando,Orange,FL,2021.0,validation
A-3717468,Source1,2,2023-02-01 00:00:00,2023-02-08 23:59:59,11519.983333333334,Accident from exit [62] to I-4 W.,I-4 W,Kissimmee,Osceola,FL,2023.0,test
A-4562553,Source1,2,2023-01-20 00:00:00,2023-01-27 23:59:59,11519.983333333334,Accident from exit [19] to N Dean Rd.,E West Expy E,Orlando,Orange,FL,2023.0,test
A-7292679,Source1,2,2019-12-22 17:34:06,2019-12-30 15:30:00,11395.9,At NW Fir Ln - Accident., NW Highway 26,Madras,Jefferson,OR,2019.0,train
A-4250864,Source1,4,2022-06-19 02:39:04,2022-06-26 23:59:00,11359.933333333332,Closed road from Elm St to Indiana Blvd due to accident., Elm St,Dallas,Dallas,TX,2022.0,calibration
A-6255743,Source1,4,2021-09-23 03:21:00,2021-09-30 23:59:00,11318.0,Bridge closure from exit [7B] to I-110 N.,Glenn Anderson Fwy E,Los Angeles,Los Angeles,CA,2021.0,validation
A-5987603,Source1,4,2021-05-16 05:26:00,2021-05-23 23:59:00,11193.0,I-95 S is closed from I-95 (North) (I-95) to US-441/Florida's Tpke/Exit 12 (I-95) due to accident.,I-95,Miami,Miami-Dade,FL,2021.0,validation
A-4033378,Source1,4,2022-02-20 06:36:46,2022-02-27 23:59:00,11122.233333333334,TN-24 - US-70 W - US-70 E is closed from 1st Ave (US-70) to US-41/US-70/US-31/8th Ave (US-70) due to accident., Broadway,Nashville,Davidson,TN,2022.0,calibration
A-6306587,Source1,4,2021-09-16 07:13:14,2021-09-23 23:59:00,11085.766666666666,I-87 N is closed from Willis Ave/Exit 2 (I-87) to 138th St/Grand Concourse/3rd Ave/Exit 3 (I-87) due to accident.,Major Deegan Expy N,Bronx,Bronx,NY,2021.0,validation
A-5620058,Source1,4,2021-08-14 07:16:05,2021-08-21 23:59:00,11082.916666666666,Incident on MD-295 NB near MD-410 Road closed. Take alternate route.,Baltimore Washington Pkwy,Hyattsville,Prince George's,MD,2021.0,validation
A-5209804,Source1,4,2023-01-23 07:49:00,2023-01-30 23:59:00,11050.0,Incident on I-95 NB near EXIT 183 Use alternate exit ramp.,,Melbourne,Brevard,FL,2023.0,test
A-5812052,Source1,4,2021-03-05 08:35:06,2021-03-12 23:59:00,11003.9,Closed road from exit [37] to NE Warrendale Rd due to accident.,I-84 E,Cascade Locks,Multnomah,OR,2021.0,validation
A-3453519,Source1,4,2016-12-15 12:07:59,2016-12-23 01:51:22,10903.383333333333,Closed at The Plaza - Road closed due to accident. Roadwork., E Sugar Creek Rd,Charlotte,Mecklenburg,NC,2016.0,train
A-6537181,Source1,2,2021-01-29 08:00:00,2021-02-05 20:00:00,10800.0,Incident on I-70 WB near MISSOURI STATE LINE Road closed. Take alternate route.,I-70 W,Kansas City,Wyandotte,KS,2021.0,validation
A-5569697,Source1,4,2021-06-06 13:51:17,2021-06-13 23:59:00,10687.716666666667,Incident on I-280 EB near COUNTY HWY-577 Road closed. Take alternate route.,I-280,West Orange,Essex,NJ,2021.0,validation
A-6961133,Source1,2,2020-09-20 06:31:16,2020-09-27 15:29:05,10617.816666666668,The highway is closed. Use alternate routes., Caves Hwy,Cave Junction,Josephine,OR,2020.0,train
A-6837862,Source1,2,2020-09-20 06:31:16,2020-09-27 15:29:05,10617.816666666668,The highway is closed. Use alternate routes., Caves Hwy,Cave Junction,Josephine,OR,2020.0,train
A-6537515,Source1,2,2021-02-15 08:34:53,2021-02-22 15:34:00,10499.116666666667,The highway is closed. Use alternate routes., Silver Falls Hwy SE,Aumsville,Marion,OR,2021.0,validation
A-5596443,Source1,2,2021-07-05 17:16:43,2021-07-12 23:54:31,10477.8,A wildfire is in the area. Use an alternate route., N Umpqua Hwy,Glide,Douglas,OR,2021.0,validation
A-5275337,Source1,4,2022-07-14 19:36:42,2022-07-21 23:59:00,10342.3,Incident on MD-200 EB near MM 7 Road closed. Take alternate route.,MD-200,Derwood,Montgomery,MD,2022.0,calibration
A-3764747,Source1,2,2023-01-27 19:41:10,2023-02-03 23:59:00,10337.833333333334,Accident at exit [4]., Beach St,New York,New York,NY,2023.0,test
A-4434981,Source1,2,2022-11-07 20:10:00,2022-11-14 23:59:00,10309.0,Incident on I-95 NB near MM 216 Three lanes blocked. Expect delays.,I-95,Titusville,Brevard,FL,2022.0,calibration
A-4298315,Source1,4,2022-09-25 06:44:30,2022-10-02 10:00:00,10275.5,Road Closed - on I-580 in both directions from Eastlake Blvd to Hobart St in Washoe County Nevada. October 2nd from 7:00am to 10:00am road will be closed periodically. Expect delays. Estimated End Time is 10:00 AM on 10/02/22,I-580 S,Washoe Valley,Washoe,NV,2022.0,calibration
A-6948411,Source1,2,2020-12-16 13:53:25,2020-12-23 17:05:00,10271.583333333334,Slow traffic on FL-858 from SW 40th Ave (Hallandale Beach Blvd) to I-95 (Hallandale Beach Blvd) due to accident., W Hallandale Beach Blvd,Hallandale,Broward,FL,2020.0,train
A-3929573,Source1,4,2022-11-07 20:57:23,2022-11-14 23:59:00,10261.616666666667,I-95 N is closed from FL-407/Exit 78 (I-95) to FL-406/Exit 80 (I-95) due to accident.,I-95,Titusville,Brevard,FL,2022.0,calibration
A-5316110,Source1,2,2022-06-08 01:31:58,2022-06-15 03:59:00,10227.033333333333,Accident from Bircher Blvd to E I70 Hwy., Bircher Blvd,St Louis,St Louis (City),MO,2022.0,calibration
A-5066309,Source1,2,2022-08-30 00:48:19,2022-09-06 02:59:00,10210.683333333332,Accident on Page Ave from US-67/Lindbergh Blvd to Woodson Rd., Page Ave,St Louis,St Louis,MO,2022.0,calibration
A-5482781,Source1,2,2021-06-15 13:38:00,2021-06-22 15:00:00,10162.0,Accident from CA-180 (S McCall Ave) to E Jensen Ave (S McCall Ave)., E Kings Canyon Rd,Sanger,Fresno,CA,2021.0,validation
A-6019445,Source1,2,2021-06-24 14:15:00,2021-07-01 15:30:00,10155.0,Incident on I-81 NB near MARYLAND Drive with caution.,I-81,Chambersburg,Franklin,PA,2021.0,validation
A-7050682,Source1,4,2020-06-19 05:04:14,2020-06-26 05:00:00,10075.766666666666,Closed between NE Corbett Hill Rd and I-84 - Road closed due to accident. Roadwork., E Historic Columbia River Hwy,Corbett,Multnomah,OR,2020.0,train
A-7053304,Source1,4,2020-06-19 05:04:14,2020-06-26 05:00:00,10075.766666666666,Closed between NE Corbett Hill Rd and I-84/US-30/Columbia Riv Hwy/FRTG Rd - Road closed due to accident. Roadwork., E Historic Columbia River Hwy,Corbett,Multnomah,OR,2020.0,train
A-3843806,Source1,2,2022-09-21 01:57:07,2022-09-28 01:17:20,10040.216666666667,A crash has occurred causing no to minimum delays. Use caution.,I-5 N,Wolf Creek,Josephine,OR,2022.0,calibration
A-6351768,Source1,2,2021-02-12 18:03:56,2021-02-19 15:45:00,9941.066666666668,Hazardous tree or vegetation. Use an alternate route., Mount Angel Scotts Mills Rd NE,Silverton,Marion,OR,2021.0,validation
A-6793584,Source1,2,2020-10-03 07:19:32,2020-10-10 03:25:55,9846.383333333333,Incident on BEAR TRL near BOWDISH RD Drive with caution., Bear Trl,Whitefish,Flathead,MT,2020.0,train
A-7454344,Source1,2,2019-02-19 20:03:01,2019-02-26 10:16:52,9493.85,At Old Emigrant Rd/Exit 234 - Accident.,Old Oregon Trl,Meacham,Umatilla,OR,2019.0,train
A-6270943,Source1,2,2021-03-15 06:25:17,2021-03-21 20:01:00,9455.716666666667,Stationary traffic on FL-826 from 10th Ave (FL-826) to 2nd Ave (FL-826) due to accident., N Miami Beach Blvd,North Miami Beach,Miami-Dade,FL,2021.0,validation
A-6899403,Source1,2,2020-12-16 13:53:25,2020-12-23 01:39:30,9346.083333333334,Slow traffic on FL-858 from SW 40th Ave (Hallandale Beach Blvd) to I-95 (Hallandale Beach Blvd) due to accident., W Hallandale Beach Blvd,Hallandale,Broward,FL,2020.0,train
A-6729386,Source1,2,2020-09-09 03:02:09,2020-09-15 14:15:00,9312.85,A wildfire in the area has OR-211 closed between Estacada and OR-213. Use alternate route., Woodburn-Estacada Hwy,Molalla,Clackamas,OR,2020.0,train
A-5784090,Source1,2,2021-04-04 07:10:30,2021-04-10 17:12:42,9242.2,Slow traffic from W 74th St to I-110 S due to accident., S Figueroa St,Los Angeles,Los Angeles,CA,2021.0,validation
A-6000617,Source1,2,2021-04-01 02:04:00,2021-04-07 12:03:52,9239.866666666667,Slow traffic on FL-826 - FL-826 E - FL-91 S - Florida's Tpke S from Florida's Tpke (FL-826) to FL-915/6th Ave (FL-826) due to accident.,Palmetto Expy N,Miami,Miami-Dade,FL,2021.0,validation
A-6586743,Source1,2,2020-12-16 13:53:25,2020-12-22 23:08:32,9195.116666666667,Stationary traffic on FL-858 from SW 40th Ave (Hallandale Beach Blvd) to I-95 (Hallandale Beach Blvd) due to accident.,W Hallandale Beach Blvd,Hallandale,Broward,FL,2020.0,train
A-6814924,Source1,2,2020-12-22 20:38:50,2020-12-29 03:41:00,9062.166666666666,A landslide has occurred. Use caution.,Hyland Ln,Coos Bay,Coos,OR,2020.0,train
A-6858404,Source1,2,2020-09-24 20:01:03,2020-09-30 23:27:33,8846.5,Incident on I-580 near MOANA LN Expect delays.,Martin Luther King Jr Memorial Fwy,Reno,Washoe,NV,2020.0,train
A-5670415,Source1,2,2021-07-29 15:09:28,2021-08-04 16:32:19,8722.85,Incident on CLARKS ADDITION LN near CLARKS ADDITION LOOP Expect delays., Clarks Addition Loop,Noxon,Sanders,MT,2021.0,validation
A-5578871,Source1,2,2021-05-27 14:17:00,2021-06-02 15:30:00,8713.0,Incident on I-81 SB near PA-316 Road closed. Take alternate route.,I-81 S,Chambersburg,Franklin,PA,2021.0,validation
A-7297133,Source1,2,2019-11-27 16:56:36,2019-12-03 09:29:58,8193.366666666667,At North Fork Ryegrass Creek Rd - Accident.,Steens Hwy,Riverside,Malheur,OR,2019.0,train
A-6427838,Source1,4,2021-01-15 20:04:29,2021-01-21 09:57:54,8033.416666666667,TN-43 is closed from Wade St to Dice St due to accident., Wade St,South Fulton,Obion,TN,2021.0,validation
A-6884769,Source1,4,2020-09-12 17:38:00,2020-09-18 06:59:00,8001.0,Road US-199 is closed from Waldo Rd (US-199) to OR--CA State Border (US-199) due to accident landslips. Passable with care.,Arrowhead Dr,O Brien,Josephine,OR,2020.0,train
A-7346953,Source1,4,2019-10-18 19:00:00,2019-10-24 06:00:00,7860.0,Closed between I-220/US-49/Exit 41 and I-55/Terry Rd/Exit 43 - Road closed due to accident. Roadwork. Right lane blocked.,I-20 E,Jackson,Hinds,MS,2019.0,train
A-5583379,Source1,2,2021-03-22 06:30:42,2021-03-27 17:12:25,7841.716666666666,Stationary traffic on FL-826 - US-1 S - FL-5 from US-1 to NE 26th Ave due to accident., Biscayne Blvd,North Miami Beach,Miami-Dade,FL,2021.0,validation
A-6091950,Source1,2,2021-03-22 06:30:42,2021-03-27 15:49:09,7758.45,Stationary traffic on FL-826 from 19th Ave (FL-826) to FL-A1A/Collins Ave (FL-826) due to accident., NE 163rd St,North Miami Beach,Miami-Dade,FL,2021.0,validation
A-3915416,Source1,2,2022-08-17 06:03:51,2022-08-22 14:47:59,7724.133333333333,Incident on TRENHOLM RD near DECKER BLVD Drive with caution.,Decker Blvd,Columbia,Richland,SC,2022.0,calibration
A-5925206,Source1,4,2021-07-23 22:00:00,2021-07-29 05:00:00,7620.0,Closed road from Portland East to SE 96th Dr / SE Division St due to accident.,E Portland Fwy N,Portland,Multnomah,OR,2021.0,validation
A-6777761,Source1,2,2020-12-24 01:03:57,2020-12-29 05:52:25,7488.466666666666,Incident on I-94 EB near CR-19 Drive with caution.,Labeaux Ave NE,Albertville,Wright,MN,2020.0,train
A-6913040,Source1,2,2020-12-24 01:03:57,2020-12-29 05:52:25,7488.466666666666,Incident on I-94 EB near CR-19 Drive with caution.,Labeaux Ave NE,Albertville,Wright,MN,2020.0,train
A-7282628,Source1,2,2020-01-04 03:23:45,2020-01-09 07:23:00,7439.25,At Coyote Creek Rd/Exit 76 - Accident.,I-5 N,Wolf Creek,Josephine,OR,2020.0,train
A-7447350,Source1,2,2019-02-14 16:12:56,2019-02-19 20:12:00,7439.066666666667,At County Road 3-10/County Road 3-14 - Accident., Highway 140,Adel,Lake,OR,2019.0,train
A-6807513,Source1,4,2020-09-08 04:53:00,2020-09-13 08:52:00,7439.0,Incident on OR-126 SB near MP 0 Expect delays.,State Highway 126,Blue River,Linn,OR,2020.0,train
A-3434496,Source1,4,2016-09-14 04:54:06,2016-09-19 08:00:00,7385.9,Closed between IA-146/Exit 182 and IA-224/Exit 173 - Road closed due to accident. Lane closed.,I-80 W,Grinnell,Jasper,IA,2016.0,train
A-6201790,Source1,2,2021-07-07 12:25:00,2021-07-12 15:10:32,7365.533333333334,Incident on FL-874 NB near SW 152ND ST Drive with caution.,FL-874 N,Miami,Miami-Dade,FL,2021.0,validation
A-6004339,Source1,2,2021-07-07 12:25:00,2021-07-12 15:10:32,7365.533333333334,Incident on I-95 SB near MM 357 Drive with caution.,I-95 S,Jacksonville,Duval,FL,2021.0,validation
A-5474666,Source1,2,2021-07-07 13:55:00,2021-07-12 15:10:30,7275.5,Incident on US-17 near SW OGDEN ACRES RD Right lane blocked. Expect delays., SW Highway 17,Arcadia,DeSoto,FL,2021.0,validation
A-7063538,Source1,4,2020-06-26 09:58:11,2020-07-01 06:00:00,6961.816666666667,Closed between NE Corbett Hill Rd and I-84 - Road closed due to accident. Roadwork. Lane closed., E Historic Columbia River Hwy,Corbett,Multnomah,OR,2020.0,train
A-7063451,Source1,4,2020-06-26 09:58:11,2020-07-01 06:00:00,6961.816666666667,Closed between NE Corbett Hill Rd and I-84/US-30/Columbia Riv Hwy/FRTG Rd - Road closed due to accident. Roadwork. Lane closed., E Historic Columbia River Hwy,Corbett,Multnomah,OR,2020.0,train
A-6897988,Source1,2,2020-09-10 23:15:57,2020-09-15 19:17:00,6961.05,The highway is closed. Use alternate routes.,E Diamond Lake Hwy,Chemult,Klamath,OR,2020.0,train
A-6934031,Source1,2,2020-09-08 06:38:26,2020-09-13 02:06:38,6928.2,Incident on OR-22 EB near MP 16 Drive with caution., N Santiam Hwy SE,Stayton,Marion,OR,2020.0,train
A-5002365,Source1,4,2022-01-06 05:27:30,2022-01-10 23:59:00,6871.5,Closed road from US-30/NW St Helens Rd (Portland) (North) (US-30 Byp/NW Bridge Ave) to US-30/NW St Helens Rd (Portland) (South) (US-30 Byp/NW Bridge Ave) due to accident., NW Bridge Ave,Portland,Multnomah,OR,2022.0,calibration
A-6206695,Source1,2,2021-04-20 04:06:00,2021-04-24 20:45:00,6759.0,Slow traffic on FL-826 - FL-A1A from NE 163rd St to 170th St due to accident.,Sunny Isles Blvd,North Miami Beach,Miami-Dade,FL,2021.0,validation
A-6738568,Source1,2,2020-12-26 06:53:36,2020-12-30 22:38:00,6704.4,A crash has occurred causing no to minimum delays. Use caution., Highway 126,Sisters,Deschutes,OR,2020.0,train
A-7253626,Source1,2,2020-02-06 01:16:00,2020-02-10 16:30:00,6674.0,At UT-209/S Little Cottonwood Rd - Accident. Lane closed., E Little Cottonwood Rd,Sandy,Salt Lake,UT,2020.0,train
A-6607946,Source1,2,2020-09-28 13:21:25,2020-10-03 03:14:00,6592.583333333333,Slow traffic on FL-826 from FL-7/Florida's Tpke (FL-826) to 2nd Ave (FL-826) due to accident.,FL-7,Miami,Miami-Dade,FL,2020.0,train
A-6689601,Source1,4,2020-09-25 15:25:30,2020-09-30 02:22:15,6416.75,Road OR-22 is closed from NFD-11 (OR-22) to Gates Hill Rd (OR-22) due to accident.,N Santiam Hwy,Idanha,Linn,OR,2020.0,train
A-6819272,Source1,2,2020-09-08 08:05:21,2020-09-12 19:00:00,6414.65,The highway is closed. Use alternate routes., Highway 97 N,Chiloquin,Klamath,OR,2020.0,train
A-5629853,Source1,2,2021-04-19 03:28:00,2021-04-23 12:27:03,6299.05,Slow traffic on Riverside Fwy E - CA-91 E from 7th St (CA-91) to I-215/CA-60 (CA-91) due to accident.,CA-91 E,Riverside,Riverside,CA,2021.0,validation
A-7777133,Source1,2,2019-08-21 23:22:46,2019-08-26 08:00:00,6277.233333333334,At Spring Creek Rd/Exit 248 - Accident.,I-84 E,La Grande,Union,OR,2019.0,train
A-7446624,Source1,2,2019-02-11 03:14:07,2019-02-15 11:30:00,6255.883333333333,At Freezeout Ridge Rd - Accident., Highway 74 Lena,Heppner,Morrow,OR,2019.0,train
A-6007690,Source1,2,2021-06-21 09:30:00,2021-06-25 17:45:00,6255.0,Construction on CENTER ST near HOUSE 1106 Expect delays., N Center St,Mesa,Maricopa,AZ,2021.0,validation
A-6001782,Source1,2,2021-11-12 04:38:49,2021-11-16 12:46:52,6248.05,Falling rock has closed the road; a detour is in place. Use an alternate route., Scott Rd,Oakland,Douglas,OR,2021.0,validation
A-5066230,Source1,4,2022-05-20 06:30:00,2022-05-24 13:37:58,6187.966666666666,Incident on KIMBERLINA RD near POPLAR AVE Road closed. Take alternate route., Kimberlina Rd,Wasco,Kern,CA,2022.0,calibration
A-6775511,Source1,2,2020-11-12 12:29:00,2020-11-16 19:10:30,6161.5,Slow traffic on FL-826 E from 12th Ave (FL-826) to FL-7/Florida's Tpke (FL-826) due to accident.,Palmetto Expy N,Miami,Miami-Dade,FL,2020.0,train
A-6455312,Source1,2,2021-01-15 11:15:30,2021-01-19 17:27:30,6132.0,Stationary traffic on FL-854 - US-1 S - FL-5 from NE 205th Ter / NE 16th Ave to Aventura Blvd due to accident., NE 205th St,Miami,Miami-Dade,FL,2021.0,validation
A-6532985,Source1,2,2021-02-12 09:05:41,2021-02-16 15:06:00,6120.316666666667,A crash has occurred causing no to minimum delays. Use caution., Highway 20,Harper,Malheur,OR,2021.0,validation
A-7444381,Source1,2,2019-02-11 10:00:00,2019-02-15 15:00:00,6060.0,At I-66/Exit 49 - Accident. Lane blocked.,Capital Beltway N,Falls Church,Fairfax County,VA,2019.0,train
A-6748596,Source1,4,2020-09-10 22:40:07,2020-09-15 03:21:35,6041.466666666666,Road OR-126 is closed from Goodpasture Rd (OR-126) to Heritage Ln (OR-126) due to accident., McKenzie Hwy,Walterville,Lane,OR,2020.0,train
A-3442126,Source1,3,2016-06-26 01:48:46,2016-06-30 06:00:00,6011.233333333334,At IA-28/IA-401/Merle Hay/Exit 131 - Accident. Lane closed.,I-80 W,Des Moines,Polk,IA,2016.0,train
A-4950728,Source1,2,2022-06-23 15:37:36,2022-06-27 19:36:58,5999.366666666667,A stall has the EB right lane closed at MP-65. Use caution.,Sunset Hwy E,Beaverton,Washington,OR,2022.0,calibration
A-6643767,Source1,4,2020-10-29 07:00:00,2020-11-02 08:45:00,5865.0,Construction on CLEARVIEW RD SB near LITTLE TEXAS RD Expect delays., State Park Rd,Travelers Rest,Greenville,SC,2020.0,train
A-7777709,Source1,2,2019-08-23 10:14:30,2019-08-27 10:14:14,5759.733333333334,Between Buckhorn Ridge Rd and Inspiration Dr W - Accident. Construction work., Buckhorn Ridge Rd,Pioneer,Amador,CA,2019.0,train
A-7096169,Source1,4,2020-06-18 20:01:14,2020-06-22 20:00:55,5759.683333333333,Closed at RT-290/Chevy Dr - Road closed due to accident. Roadwork. Left lane closed. Ramp restrictions., Bridge St,East Syracuse,Onondaga,NY,2020.0,train
A-6989823,Source1,4,2020-05-28 18:34:14,2020-06-01 18:33:55,5759.683333333333,Closed at I-10/I-10 Frontage/Casa Grande Hwy - Road closed due to accident. Roadwork., N Davis Ave,Tucson,Pima,AZ,2020.0,train
A-7247370,Source1,4,2020-02-03 13:25:05,2020-02-07 13:24:44,5759.65,Closed between Central Park W and 5th Ave - Road closed due to accident. Roadwork., W 81st Transverse Rd,New York,New York,NY,2020.0,train
A-7164862,Source1,4,2020-04-07 20:56:22,2020-04-11 20:55:57,5759.583333333333,Closed at N Victory Pl/N Lincoln St - Road closed due to accident. Roadwork. Right lane blocked.,N Buena Vista St,Burbank,Los Angeles,CA,2020.0,train
A-7413388,Source1,2,2019-09-10 05:00:22,2019-09-14 04:59:57,5759.583333333333,At I-65/Exit 20 - Accident. Roadwork.,I-65 S,Indianapolis,Marion,IN,2019.0,train
A-7267268,Source1,2,2020-02-18 13:21:06,2020-02-22 13:20:28,5759.366666666667,At IN-1/Exit 164 - Accident. Roadwork.,I-74 E,Brookville,Dearborn,IN,2020.0,train
A-7708715,Source1,4,2019-04-12 22:38:41,2019-04-16 22:37:59,5759.3,Ramp to I-84 Eastbound - Accident. Roadwork. Left lane closed.,I-82 E,Hermiston,Umatilla,OR,2019.0,train
A-6181768,Source1,2,2021-06-24 00:00:00,2021-06-27 23:59:00,5759.0,Incident on 88TH ST EB near BYRON AVE Road closed. Take alternate route., 88th St,Miami Beach,Miami-Dade,FL,2021.0,validation
A-7394491,Source1,4,2019-09-22 04:56:13,2019-09-26 04:54:59,5758.766666666666,Closed between 140th St E and 30th St E - Road closed due to accident. Roadwork., E Avenue E,Lancaster,Los Angeles,CA,2019.0,train
A-7273763,Source1,4,2020-02-22 12:33:03,2020-02-26 12:31:48,5758.75,Closed between Soto St and E 6th St - Road closed due to accident. Roadwork., Whittier Blvd,Los Angeles,Los Angeles,CA,2020.0,train
A-7342328,Source1,4,2019-10-15 16:44:51,2019-10-19 16:43:32,5758.683333333333,Closed between M-44-CONN/Plainfield Ave/Exit 33 and I-196/Gerald R Ford Fwy - Road closed due to accident. Roadwork. Right lane blocked.,I-96 E,Grand Rapids,Kent,MI,2019.0,train
A-7747861,Source1,4,2019-08-26 10:44:24,2019-08-30 10:42:39,5758.25,Closed between Boyle Ave and E 6th St - Road closed due to accident. Roadwork.,Whittier Blvd,Los Angeles,Los Angeles,CA,2019.0,train
A-6994512,Source1,4,2020-05-31 18:36:27,2020-06-04 18:33:55,5757.466666666666,Closed between 111th Ave and El Mirage Rd - Road closed due to accident. Roadwork., W Northern Ave,Peoria,Maricopa,AZ,2020.0,train
A-7733149,Source1,2,2019-06-03 18:03:12,2019-06-07 17:59:38,5756.433333333333,At CA-163/6th Ave/10th Ave/Exit 16 - Accident. Roadwork., 3rd Ave,San Diego,San Diego,CA,2019.0,train
A-7774514,Source1,2,2019-08-16 17:42:15,2019-08-20 17:26:07,5743.866666666667,At ID-55/Exit 33 - Accident. Roadway reduced to 1 lane.,I-84 E,Caldwell,Canyon,ID,2019.0,train
A-6266357,Source1,2,2021-12-16 12:02:23,2021-12-20 11:45:00,5742.616666666667,A hazardous materials cleanup is causing minimal delay. Use caution.,Wilson Ln,Kent,Sherman,OR,2021.0,validation
A-6999157,Source1,2,2020-06-03 16:26:41,2020-06-07 16:09:02,5742.35,At ID-7/Gilbert Rd - Accident involving heavy truck., Highway 12,Orofino,Clearwater,ID,2020.0,train
A-6491175,Source1,2,2021-02-09 12:16:32,2021-02-13 11:45:00,5728.466666666666,Incident on I-84 EB near MP 345 Road hazard. Expect long delays.,I-84 E,Huntington,Baker,OR,2021.0,validation
A-6567405,Source1,4,2021-02-12 17:27:55,2021-02-16 16:50:00,5722.083333333333,Incident on OR-214 NB near MP 31 Expect delays., Silver Falls Dr SE,Silverton,Marion,OR,2021.0,validation
A-1146579,Source2,3,2021-02-15 05:06:50,2021-02-19 04:28:46,5721.933333333333,Entry ramp to Tx-8-Beltway Eastbound from Eastex Fwy Northbound closed due to ice.,Eddie Dr,Humble,Harris,TX,2021.0,validation
A-6773471,Source1,2,2020-09-15 15:09:12,2020-09-19 14:00:00,5690.8,The highway is closed. Use alternate routes., W Main St,Silverton,Marion,OR,2020.0,train
A-7252059,Source1,2,2020-02-06 15:37:34,2020-02-10 14:24:06,5686.533333333334,At US-89 - Accident. Roadway reduced to 1 lane.,US-26 E,Irwin,Bonneville,ID,2020.0,train
A-7723128,Source1,3,2019-05-15 14:41:14,2019-05-19 13:23:16,5682.033333333334,At US-1/US-401/Capital Blvd/Exit 11 - Accident. Construction work.,US-1 N,Raleigh,Wake,NC,2019.0,train
A-7283576,Source1,2,2020-01-05 18:54:33,2020-01-09 17:33:59,5679.433333333333,At W Carnie Rd/W Kidd Island Rd - Accident., S Highway 95,Coeur D Alene,Kootenai,ID,2020.0,train
A-6994586,Source1,2,2020-06-01 15:58:12,2020-06-05 14:17:01,5658.816666666667,At E Twinlow Rd - Accident involving heavy truck., N Highway 41,Spirit Lake,Kootenai,ID,2020.0,train
A-4666675,Source1,2,2022-12-01 17:40:14,2022-12-05 13:58:08,5537.9,A hazardous materials cleanup is causing minimal delay to traffic. Use caution.,I-84 W,Pendleton,Umatilla,OR,2022.0,calibration
A-6329949,Source1,2,2021-05-06 13:58:21,2021-05-10 08:53:00,5454.65,Incident on US-20 EB near MP 81 Drive with caution.,Central Oregon Hwy,Silver Lake,Lake,OR,2021.0,validation
A-6974015,Source1,2,2020-09-11 00:50:58,2020-09-14 19:00:00,5409.033333333334,Hazardous debris is causing no to minimum delays. Use caution.,US-30 W,Mosier,Wasco,OR,2020.0,train
A-6600564,Source1,4,2020-09-09 14:20:00,2020-09-13 06:59:00,5319.0,Road OR-99 is closed from E Rapp Rd (OR-99) to S Valley View Rd (OR-99) due to accident landslips. Passable with care., Highway 99 N,Ashland,Jackson,OR,2020.0,train
A-6511737,Source1,2,2021-02-11 20:27:00,2021-02-15 11:37:30,5230.5,Slow traffic from US-30/Exit 3 (I-405) to I-5 (Portland) (North) (I-405) due to accident.,Fremont Bridge,Portland,Multnomah,OR,2021.0,validation
A-6463327,Source1,2,2021-01-06 15:59:32,2021-01-10 06:59:03,5219.516666666666,Slow traffic on FL-915 - FL-826 from NE 166th St to N Miami Beach Blvd due to accident., NE 6th Ave,Miami,Miami-Dade,FL,2021.0,validation
A-6353531,Source1,2,2021-02-10 06:23:58,2021-02-13 21:21:00,5217.033333333334,Stationary traffic on I-278 W from Bronx River Ave (Bronx) (North) (I-278) to I-895 (I-278) due to accident.,Bruckner Expy,Bronx,Bronx,NY,2021.0,validation
A-4270857,Source1,2,2022-10-29 22:24:07,2022-11-02 12:51:17,5187.166666666667,Incident on BLUFF RD near SIMMONS ST Expect delays., Simmons St,Columbia,Richland,SC,2022.0,calibration
A-5162354,Source1,2,2022-02-27 04:16:49,2022-03-02 18:40:25,5183.6,Incident on SINGING HALL RD near WREN SCHOOL RD Drive with caution., Singing Hall Rd,Piedmont,Anderson,SC,2022.0,calibration
A-6636230,Source1,2,2020-07-31 00:54:38,2020-08-03 14:54:00,5159.366666666667,At I-84 - Accident., S Highway 395,Hermiston,Umatilla,OR,2020.0,train
A-5598535,Source1,2,2021-04-05 03:47:30,2021-04-08 17:44:29,5156.983333333334,Slow traffic on US-1 N - US-9 N from Urbanowitz Ave / E Linden Ave to Carlton St / Allen St due to accident., S Park Ave,Linden,Union,NJ,2021.0,validation
A-5747052,Source1,2,2021-04-07 03:54:30,2021-04-10 17:30:37,5136.116666666667,Slow traffic from W 70th St to I-110 S due to accident., S Figueroa St,Los Angeles,Los Angeles,CA,2021.0,validation
A-6252659,Source1,2,2021-05-17 05:10:30,2021-05-20 18:40:01,5129.516666666666,Slow traffic on FL-948 - FL-969 from NW 34th St to NW 74th Ave due to accident., NW 72nd Ave,Miami,Miami-Dade,FL,2021.0,validation
A-5602087,Source1,2,2021-05-03 06:29:42,2021-05-06 18:13:49,5024.116666666667,Slow traffic on FL-826 from 2nd Ave (FL-826) to FL-915/6th Ave (FL-826) due to accident., NE 167th St,Miami,Miami-Dade,FL,2021.0,validation
A-5555475,Source1,2,2021-05-03 06:29:42,2021-05-06 16:59:05,4949.383333333333,Slow traffic on FL-826 from 2nd Ave (FL-826) to FL-915/6th Ave (FL-826) due to accident., NE 167th St,Miami,Miami-Dade,FL,2021.0,validation
A-5805647,Source1,2,2021-05-21 05:08:00,2021-05-24 15:29:06,4941.1,Stationary traffic from FL-860/NW 183rd St/Miami Gardens Dr (Ludlam Rd/NW 67th Ave) to Miami Lakes Dr (Ludlam Rd/NW 67th Ave) due to accident.,NW 67th Ave,Hialeah,Miami-Dade,FL,2021.0,validation
A-6232873,Source1,2,2021-04-21 02:59:00,2021-04-24 13:03:42,4924.7,Slow traffic on FL-934 - US-441 N from NW 8th Ave to NW 81st St due to accident., NW 8th Ave,Miami,Miami-Dade,FL,2021.0,validation
A-6388126,Source1,2,2021-01-13 16:15:22,2021-01-17 02:15:00,4919.633333333333,High water is causing no to minimum delays. Use caution., Alsea Hwy,Alsea,Benton,OR,2021.0,validation
A-5616285,Source1,2,2021-05-22 00:40:30,2021-05-25 09:56:58,4876.466666666666,Stationary traffic on VA-407 from Regent University Dr to I-64 W due to accident.,Regent University Dr,Virginia Beach,Virginia Beach,VA,2021.0,validation
A-6275755,Source1,2,2021-05-03 06:29:42,2021-05-06 15:31:57,4862.25,Stationary traffic on FL-826 from 2nd Ave (FL-826) to FL-915/6th Ave (FL-826) due to accident., NE 167th St,Miami,Miami-Dade,FL,2021.0,validation
A-6839334,Source1,2,2020-10-26 15:00:00,2020-10-29 23:45:00,4845.0,Incident on OR-18 EB near MP 6 Drive with caution., Salmon River Hwy,Otis,Lincoln,OR,2020.0,train
A-6468709,Source1,2,2021-02-11 12:05:00,2021-02-14 20:40:00,4835.0,Slow traffic on Veterans Memorial Fwy N - I-205 N - E Portland Fwy N from Division St/Exit 19 (I-205) to WA-14/Exit 27 (I-205) due to accident.,E Portland Fwy N,Portland,Multnomah,OR,2021.0,validation
A-5622950,Source1,2,2021-02-25 05:07:00,2021-02-28 13:07:11,4800.183333333333,Slow traffic on I-195 E from exit [5] to Miami Beach due to accident.,I-195,Miami Beach,Miami-Dade,FL,2021.0,validation
A-7550686,Source1,4,2018-08-20 21:00:00,2018-08-24 05:00:00,4800.0,Ramp closed to M-10 Northbound and W 11 Mile Rd - Road closed due to accident.,Corporate Dr,Southfield,Oakland,MI,2018.0,train
A-5035103,Source1,2,2022-09-26 10:47:00,2022-09-29 16:46:20,4679.333333333333,NYSTA - Statewide Ops.: crash on I-90 - NYS Thruway eastbound at Before Exit 49 (I-90) - Depew (Rte 78) starting 2:30 PM 09/29/2022 [CARS CAD-222720245],I-90 W,Akron,Erie,NY,2022.0,calibration
A-6470993,Source1,2,2021-01-20 02:52:58,2021-01-23 07:00:00,4567.033333333334,A disabled vehicle is creating a hazard causing no to minimum delays. Use caution.,I-84 E,Pendleton,Umatilla,OR,2021.0,validation
A-6388661,Source1,2,2021-01-20 02:52:58,2021-01-23 07:00:00,4567.033333333334,A disabled vehicle is creating a hazard causing no to minimum delays. Use caution.,I-84 E,Pendleton,Umatilla,OR,2021.0,validation
A-5736200,Source1,2,2021-06-25 15:24:47,2021-06-28 19:24:00,4559.216666666666,A wildfire in the area is causing no to minimum delays. Use caution., Highway 205,Burns,Harney,OR,2021.0,validation
A-5837996,Source1,2,2021-08-13 06:49:34,2021-08-16 10:45:00,4555.433333333333,A crash has occurred causing no to minimum delays. Use caution.,Steens Hwy,Jordan Valley,Malheur,OR,2021.0,validation
A-2095438,Source2,2,2019-05-10 09:27:01,2019-05-13 12:11:00,4483.983333333334,Accident on 86th St Southbound at Lakeaire Dr.,Lakeaire Dr,Oklahoma City,Oklahoma,OK,2019.0,train
A-6432413,Source1,2,2021-01-21 17:02:00,2021-01-24 19:29:54,4467.9,Crash on EISENHOWER BL both directions between (SOMERSET County Line)+ KRINGS RD and KRINGS ST. There is a lane restriction., Kring St,Johnstown,Cambria,PA,2021.0,validation
A-5517340,Source1,2,2021-09-25 11:40:21,2021-09-28 14:07:28,4467.116666666667,Incident on US-87 E near HILLNER LN Drive with caution., Hillner Ln,Billings,Yellowstone,MT,2021.0,validation
A-5580220,Source1,2,2021-04-18 19:23:42,2021-04-21 21:45:00,4461.3,Incident on OR-370 EB near MP 7 Drive with caution., NW Oneil Hwy,Prineville,Crook,OR,2021.0,validation
A-756287,Source2,3,2021-12-31 02:22:33,2022-01-03 04:42:00,4459.45,Entry ramp to Interlocken Loop Eastbound from W Midway Blvd Southbound closed due to marshall wild fire. Evacuation.,Denver Boulder Tpke W,Broomfield,Broomfield,CO,2021.0,validation
A-5650116,Source1,2,2021-04-14 13:54:00,2021-04-17 16:09:08,4455.133333333333,Slow traffic on I-195 E from US-1/Biscayne Blvd (I-195) to Alton Rd (I-195) due to accident.,I-195 E,Miami,Miami-Dade,FL,2021.0,validation
A-6728972,Source1,4,2020-09-09 17:52:30,2020-09-12 19:55:23,4442.883333333333,Road OR-126 is closed from Goodpasture Rd (OR-126) to Heritage Ln (OR-126) due to accident., McKenzie Hwy,Walterville,Lane,OR,2020.0,train
A-6445502,Source1,2,2021-02-12 09:49:00,2021-02-15 11:44:20,4435.333333333333,Incident on W NINE MILE RD near PINE CONE DR Drive with caution.,W Nine Mile Rd,Pensacola,Escambia,FL,2021.0,validation
A-756293,Source2,3,2021-12-31 02:22:33,2022-01-03 04:10:00,4427.45,Entry ramp to Us-36 Westbound from Mccaslin Blvd Southbound closed due to marshall wild fire. Evacuation.,Us Highway 36 Bus Ramp Bb,Louisville,Boulder,CO,2021.0,validation
A-6732295,Source1,2,2020-12-08 10:22:51,2020-12-11 12:08:30,4425.65,Slow traffic on Golden State Fwy N - I-5 N from Fort Tejon Rd (I-5) to Grapevine Rd (I-5) due to accident.,Golden State Fwy N,Lebec,Kern,CA,2020.0,train
A-6603509,Source1,2,2020-12-08 10:22:51,2020-12-11 11:56:30,4413.65,Slow traffic on Golden State Fwy N - I-5 N from Fort Tejon Rd (I-5) to Grapevine Rd (I-5) due to accident.,Golden State Fwy N,Lebec,Kern,CA,2020.0,train
A-4943443,Source1,2,2021-12-30 18:00:00,2022-01-02 18:58:00,4378.0,Incident on I-80 EB near I-80 Drive with caution.,I-80 E,Coalville,Summit,UT,2021.0,validation
A-4494021,Source1,2,2021-12-30 18:41:00,2022-01-02 19:38:00,4377.0,Incident on I-80 WB near I-80 Drive with caution.,I-80 W,Salt Lake City,Salt Lake,UT,2021.0,validation
A-4584842,Source1,4,2022-03-07 00:00:00,2022-03-09 23:59:59,4319.983333333334,Closed road from Darbytown Rd (S Laburnum Ave) to VA-5/New Market Rd (S Laburnum Ave) due to accident., S Laburnum Ave,Henrico,Henrico,VA,2022.0,calibration
A-5255052,Source1,4,2022-05-15 00:00:00,2022-05-17 23:59:59,4319.983333333334,Closed road from Old Concord Rd/Orr Rd (Grier Rd) to NC-24/E Wt Harris Blvd (Grier Rd) due to accident., Grier Rd,Charlotte,Mecklenburg,NC,2022.0,calibration
A-6379982,Source1,2,2021-02-16 05:45:30,2021-02-19 05:02:00,4276.5,Slow traffic on US-78 W - I-22 W from MS-7/MS-4 (US-78) to MS-309 (US-78) due to accident.,I-22 W,Holly Springs,Marshall,MS,2021.0,validation
A-4644447,Source1,2,2022-08-28 21:32:55,2022-08-31 20:46:31,4273.6,Incident on JONES RD near DAM LN Drive with caution., Dam Ln,Blackville,Barnwell,SC,2022.0,calibration
A-5858375,Source1,2,2021-06-19 13:56:45,2021-06-22 13:05:27,4268.7,A wildfire in the area is causing no to minimum delays. Use caution., Happy Hollow Ln,Bonanza,Klamath,OR,2021.0,validation
A-4041700,Source1,2,2022-04-03 20:02:53,2022-04-06 18:59:50,4256.95,Incident on MILITIA HILL DR near S NEW ST Drive with caution., Casey Ln,West Chester,Chester,PA,2022.0,calibration
A-5897627,Source1,2,2021-04-14 13:54:00,2021-04-17 12:43:18,4249.3,Slow traffic on I-195 E from US-1/Biscayne Blvd (I-195) to Alton Rd (I-195) due to accident.,I-195 E,Miami Beach,Miami-Dade,FL,2021.0,validation
A-6965290,Source1,2,2020-10-14 04:51:30,2020-10-17 03:39:30,4248.0,Queuing traffic on I-278 from NY-27/Prospect Expy/Exit 24 (I-278) to Brooklyn Bridge/Cadman Plz/Exit 28 (I-278) due to accident.,Brooklyn Queens Expy,Brooklyn,Kings,NY,2020.0,train
A-4479428,Source1,2,2022-03-21 00:43:00,2022-03-23 23:00:00,4217.0,Incident on UT-143 near UT-143 Drive with caution., S Highway 143,Brian Head,Iron,UT,2022.0,calibration
A-4600661,Source1,2,2023-01-23 19:32:00,2023-01-26 17:45:00,4213.0,Incident on FM-2943 NB near US-60 Road closed. Take alternate route., County Road 6A,Hereford,Deaf Smith,TX,2023.0,test
A-4895891,Source1,2,2022-04-08 16:16:23,2022-04-11 13:45:00,4168.616666666667,A crash has occurred causing no to minimum delays. Use caution.,Highway 20,Harper,Malheur,OR,2022.0,calibration
A-7777626,Source1,2,2019-08-23 11:57:01,2019-08-26 08:57:00,4139.983333333334,At OR-126/SW Evergreen Ave - Accident.,Dalles California Hwy,Redmond,Deschutes,OR,2019.0,train
A-3801035,Source1,2,2022-09-11 12:06:17,2022-09-14 08:29:55,4103.633333333333,Penn DOT 3: Multi vehicle crash on PA 654 both directions between EDGEWOOD AV and VALLEY ST. All lanes now open.[RCRS 692913], Euclid Ave,Williamsport,Lycoming,PA,2022.0,calibration
A-5753415,Source1,4,2021-12-26 10:44:30,2021-12-29 07:01:00,4096.5,Road Closed - on I-580 in both directions from Eastlake Exit 10 to Bowers Exit 16 in Washoe County Nevada. closed due blowing snow and multiple crashes. Motorists are advised to use alternate routes.,US-395 N,Carson City,Washoe,NV,2021.0,validation
A-6789565,Source1,2,2020-10-16 08:25:30,2020-10-19 03:54:27,4048.95,Queuing traffic from Harlem River Dr N to Grand Concourse due to accident.,Madison Avenue Brg,New York,New York,NY,2020.0,train
A-6570668,Source1,2,2021-02-14 21:46:40,2021-02-17 17:05:00,4038.3333333333335,A crash has occurred causing no to minimum delays. Use caution.,I-84 W,Stanfield,Umatilla,OR,2021.0,validation
A-3660959,Source1,2,2023-03-22 07:04:15,2023-03-25 02:01:42,4017.45,US 45 CLOSED at Nickle Rd/County D because of a crash.,N1631 US Highway 45 S,Antigo,Langlade,WI,2023.0,test
A-6460921,Source1,2,2021-02-11 15:59:30,2021-02-14 10:49:00,4009.5,Slow traffic on Pacific Highway 1 N - I-5 N from Elligsen Rd/Exit 286 (I-5) to OR-217/Exit 292 (I-5) due to accident.,I-5 N,Tualatin,Washington,OR,2021.0,validation
A-6209742,Source1,2,2021-04-01 02:04:00,2021-04-03 20:47:23,4003.383333333333,Slow traffic on FL-915 - FL-826 from NE 169th St to N Miami Beach Blvd due to accident., NE 6th Ave,North Miami Beach,Miami-Dade,FL,2021.0,validation
A-4535094,Source1,2,2022-11-19 20:32:54,2022-11-22 15:10:00,3997.1,A crash has occurred with minimal delay to traffic. Prepare to slow or move over for worker safety.,Highway 20,Harper,Malheur,OR,2022.0,calibration
A-6456052,Source1,2,2021-02-12 22:06:25,2021-02-15 15:56:14,3949.8166666666666,Incident on US-30 EB near MP 72 Drive with caution., Highway 30W,The Dalles,Wasco,OR,2021.0,validation
A-6664577,Source1,2,2020-10-16 08:25:30,2020-10-19 02:09:12,3943.7,Queuing traffic from Harlem River Dr N to Grand Concourse due to accident.,Madison Avenue Brg,New York,New York,NY,2020.0,train
A-6681835,Source1,4,2020-09-08 14:13:00,2020-09-11 06:59:24,3886.4,Road OR-22 is closed from NFD-11 (OR-22) to US-20/OR-126/Santiam Hwy (OR-22) due to accident.,N Santiam Hwy,Blue River,Linn,OR,2020.0,train
A-915209,Source2,3,2021-08-29 13:48:13,2021-09-01 06:30:00,3881.7833333333333,Entry ramp to I-10 Westbound from Orleans Ave closed due to fallen tree.,N Derbigny St,New Orleans,Orleans,LA,2021.0,validation
A-6005452,Source1,2,2021-05-12 01:18:00,2021-05-14 17:43:51,3865.85,Stationary traffic on US-1 N - US-1 S from Presidential Blvd (E City Ave/US-1) to 54th St (Bala Cynwyd) (East) (W City Ave/US-1) due to accident., City Ave,Bala Cynwyd,Montgomery,PA,2021.0,validation
A-6038229,Source1,2,2021-09-14 07:16:55,2021-09-16 23:06:42,3829.7833333333333,Incident on WADE HAMPTON BLVD near LEE RD Drive with caution.,Wade Hampton Blvd,Greenville,Greenville,SC,2021.0,validation
A-6081984,Source1,2,2021-04-05 03:41:30,2021-04-07 19:25:17,3823.7833333333333,Slow traffic on FL-482 from Dr Phillips Blvd to Lake Marie Way due to accident., W Sand Lake Rd,Orlando,Orange,FL,2021.0,validation
A-5976068,Source1,2,2021-04-30 04:25:30,2021-05-02 19:39:00,3793.5,Slow traffic from S Vermont Ave (Manchester Ave) to I-110/Harbor Fwy (Manchester Ave) due to accident., W Manchester Ave,Los Angeles,Los Angeles,CA,2021.0,validation
A-7240973,Source1,2,2020-01-28 04:10:48,2020-01-30 19:21:00,3790.2,Between Crowfoot Rd and Mather Rd - Accident., Highway 62,Prospect,Jackson,OR,2020.0,train
A-6844660,Source1,2,2020-10-03 04:06:40,2020-10-05 19:15:00,3788.3333333333335,A crash has occurred causing no to minimum delays. Use caution., Heppner-Spray Hwy,Heppner,Morrow,OR,2020.0,train
A-6859914,Source1,2,2020-11-19 08:55:30,2020-11-22 00:01:25,3785.9166666666665,Slow traffic on FL-826 E - FL-91 S - Florida's Tpke S from Florida's Tpke (FL-826) to I-95/US-441 (FL-826) due to accident.,FL-826 E,Miami,Miami-Dade,FL,2020.0,train
A-6322633,Source1,2,2021-03-30 05:30:00,2021-04-01 20:29:30,3779.5,Stationary traffic on FL-854 from I-95 (FL-854) to US-1/FL-5/Biscayne Blvd (FL-854) due to accident., NE 203rd St,Miami,Miami-Dade,FL,2021.0,validation
A-6948653,Source1,4,2020-09-09 16:10:30,2020-09-12 06:59:00,3768.5,Incident on OR-138 EB near MP 83 Expect delays., N Umpqua Hwy,Glide,Douglas,OR,2020.0,train
A-7310983,Source1,2,2019-12-11 23:28:09,2019-12-14 13:28:00,3719.85,At Portland Ave/Exit 123 - Accident.,Portland Ave,Roseburg,Douglas,OR,2019.0,train
A-7329201,Source1,2,2019-10-04 23:06:30,2019-10-07 13:06:00,3719.5,At OR-380/Combs Flat Rd/SE Paulina Hwy - Accident., NE Ochoco Hwy,Prineville,Crook,OR,2019.0,train
A-6703228,Source1,4,2020-09-09 17:00:00,2020-09-12 06:59:00,3719.0,Road OR-138 is closed from Little River Rd (OR-138) to BLM-26-2-70/Honey Creek Rd (OR-138) due to accident roadwork., Bar L Ranch Rd,Glide,Douglas,OR,2020.0,train
A-6434221,Source1,2,2021-02-20 19:48:00,2021-02-23 09:43:56,3715.9333333333334,Incident on FL-207 near LIGHTSEY RD Drive with caution., State Road 207,Saint Augustine,St. Johns,FL,2021.0,validation
A-5705342,Source1,2,2021-04-29 04:33:30,2021-05-01 18:02:57,3689.45,Slow traffic from Trinity St to Austin due to accident., E Cesar Chavez St,Austin,Travis,TX,2021.0,validation
A-5862498,Source1,2,2021-04-22 06:23:00,2021-04-24 19:45:30,3682.5,Stationary traffic on I-195 E from exit [5] to Miami Beach due to accident.,I-195 E,Miami Beach,Miami-Dade,FL,2021.0,validation
A-6808041,Source1,2,2020-12-08 13:31:30,2020-12-11 02:36:54,3665.4,Slow traffic on FL-854 from NE 203 St exit [16] to I-95 S due to accident.,I-95 S,Miami,Miami-Dade,FL,2020.0,train
A-5711641,Source1,2,2021-03-31 06:30:30,2021-04-02 19:33:28,3662.9666666666667,Stationary traffic on US-1 N - FL-826 - FL-5 from NE 156th St to W Dixie Hwy due to accident., Biscayne Blvd,Aventura,Miami-Dade,FL,2021.0,validation
A-6392367,Source1,2,2021-02-23 05:57:00,2021-02-25 18:48:49,3651.8166666666666,Slow traffic on FL-826 from NE 14th Ave to NE 164th St due to accident., NE 14th Ave,Miami,Miami-Dade,FL,2021.0,validation
A-5968890,Source1,2,2021-05-13 03:29:30,2021-05-15 16:15:18,3645.8,Slow traffic on NJ-139 E from US-1-9 (NJ-139) to I-78/Jersey Ave (NJ-139) due to accident.,NJ-139 E,Jersey City,Hudson,NJ,2021.0,validation
A-6708683,Source1,2,2020-09-15 13:29:19,2020-09-18 02:01:10,3631.85,Stationary traffic lane closed on I-278 from White Plains Rd (I-278) to Bronx River Ave (Bronx) (South) (I-278) due to accident.,Bronx River Pkwy N,Bronx,Bronx,NY,2020.0,train
A-6816006,Source1,2,2020-10-10 07:35:56,2020-10-12 20:00:00,3624.0666666666666,A crash has occurred causing no to minimum delays. Use caution.,I-84 W,Pendleton,Umatilla,OR,2020.0,train
A-6832434,Source1,2,2020-09-15 13:29:19,2020-09-18 01:05:02,3575.7166666666667,Slow traffic lane closed on I-278 from Bronx River Ave (Bronx) (North) (I-278) to I-895 (I-278) due to accident.,Bruckner Expy W,Bronx,Bronx,NY,2020.0,train
A-6620456,Source1,2,2020-12-20 14:22:30,2020-12-23 01:26:44,3544.233333333333,Slow traffic on US-92 E - US-17 N - US-441 N from FL-528 E to Florida's Turnpike N due to accident., Consulate Dr,Orlando,Orange,FL,2020.0,train
A-5670991,Source1,2,2021-03-16 03:50:00,2021-03-18 14:50:53,3540.883333333333,Stationary traffic on FL-854 from NE 24th Ave to I-95 N due to accident., NE 203rd St,Miami,Miami-Dade,FL,2021.0,validation
A-6581411,Source1,2,2020-12-20 14:22:30,2020-12-23 01:16:08,3533.633333333333,Stationary traffic on US-92 E - US-17 N - US-441 N from Taft Vineland Rd (US-92/US-17) to Florida's Tpke (US-92/US-17) due to accident., S Orange Blossom Trl,Orlando,Orange,FL,2020.0,train
A-6737257,Source1,2,2020-09-15 13:29:19,2020-09-17 23:53:48,3504.483333333333,Slow traffic lane closed on I-278 from Bronx River Ave (Bronx) (North) (I-278) to I-895 (I-278) due to accident.,Bruckner Expy W,Bronx,Bronx,NY,2020.0,train
A-6318533,Source1,2,2021-04-22 05:42:00,2021-04-24 15:59:14,3497.233333333333,Slow traffic on FL-916 from NW 2nd Ave (Opa Locka Blvd/NW 135th St/FL-916) to Griffing Blvd/Memorial Hwy (NE 135th St/FL-916) due to accident., NW 135th St,Miami,Miami-Dade,FL,2021.0,validation
A-4981780,Source1,2,2022-08-15 14:10:23,2022-08-18 00:20:33,3490.1666666666665,A crash has occurred causing no to minimum delays. Use caution.,Highway 20,Harper,Malheur,OR,2022.0,calibration
A-6642482,Source1,2,2020-12-16 13:53:25,2020-12-18 23:24:45,3451.3333333333335,Stationary traffic on FL-858 from SW 40th Ave (Hallandale Beach Blvd) to I-95 (Hallandale Beach Blvd) due to accident.,W Hallandale Beach Blvd,Hallandale,Broward,FL,2020.0,train
A-6042416,Source1,2,2021-03-16 03:50:00,2021-03-18 13:03:04,3433.0666666666666,Stationary traffic on FL-854 from US-1/FL-5/Biscayne Blvd (FL-854) to I-95 (FL-854) due to accident., NE 203rd St,Miami,Miami-Dade,FL,2021.0,validation
A-6530427,Source1,2,2021-01-22 14:29:00,2021-01-24 23:23:07,3414.116666666667,Slow traffic on I-195 E from US-1/Biscayne Blvd (I-195) to Alton Rd (I-195) due to accident.,I-195,Miami,Miami-Dade,FL,2021.0,validation
A-6754906,Source1,2,2020-12-20 14:22:30,2020-12-22 23:11:30,3409.0,Slow traffic on US-92 E - US-17 N - US-441 N from Central Florida Pkwy (US-92/US-17) to Consulate Dr (US-92/US-17) due to accident., S Orange Blossom Trl,Orlando,Orange,FL,2020.0,train
A-5948269,Source1,2,2021-05-12 04:45:30,2021-05-14 13:23:19,3397.8166666666666,Stationary traffic on I-195 E from exit [5] to Miami Beach due to accident.,I-195 E,Miami Beach,Miami-Dade,FL,2021.0,validation
A-5672910,Source1,2,2021-12-10 03:47:05,2021-12-12 12:13:50,3386.75,Incident on BASIN ST near CATARACT CREEK RD Expect delays.,Basin St,Clancy,Jefferson,MT,2021.0,validation
A-6466941,Source1,2,2021-01-13 14:47:13,2021-01-15 22:47:00,3359.7833333333333,High water is causing no to minimum delays. Use caution., Shady Pine Rd,Klamath Falls,Klamath,OR,2021.0,validation
A-6488063,Source1,2,2021-01-04 18:14:25,2021-01-07 02:14:00,3359.5833333333335,High water is causing no to minimum delays. Use caution., Landmark Dr,Philomath,Benton,OR,2021.0,validation
A-5973345,Source1,2,2021-03-17 05:51:30,2021-03-19 13:41:55,3350.4166666666665,Stationary traffic on I-195 E from US-1/Biscayne Blvd (I-195) to Alton Rd (I-195) due to accident.,I-195 E,Miami,Miami-Dade,FL,2021.0,validation
A-5620851,Source1,2,2021-03-17 05:51:30,2021-03-19 13:41:36,3350.1,Stationary traffic on I-195 E from Biscayne Blvd (US-1) exit [2B] to exit [5] due to accident.,I-195 E,Miami,Miami-Dade,FL,2021.0,validation
A-5713844,Source1,4,2021-06-04 22:00:00,2021-06-07 05:45:00,3345.0,Construction on I-94 WB near US-169 Road closed. Take alternate route.,I-94 W,Minneapolis,Hennepin,MN,2021.0,validation
A-6548716,Source1,2,2021-02-17 00:02:00,2021-02-19 07:42:30,3340.5,Slow traffic on I-55 N from MS-333 Scenic/MS-7/Exit 211 (I-55) to MS-32/Exit 227 (I-55) due to accident.,I-55 N,Scobey,Yalobusha,MS,2021.0,validation
A-5648423,Source1,2,2021-05-05 02:50:30,2021-05-07 09:48:00,3297.5,Slow traffic on I-195 E from Biscayne Blvd (US-1) exit [2B] to exit [5] due to accident.,I-195 E,Miami,Miami-Dade,FL,2021.0,validation
A-3965872,Source1,2,2023-01-19 13:58:00,2023-01-21 20:45:00,3287.0,Incident on MAIN ST EB near CAMDEN RD Road closed. Take alternate route., W Main St,Mount Croghan,Chesterfield,SC,2023.0,test
A-6511476,Source1,2,2021-02-11 12:05:00,2021-02-13 18:29:30,3264.5,Slow traffic on Veterans Memorial Fwy N - I-205 N - E Portland Fwy N from Foster Rd/Exit 17 (I-205) to WA-14/Exit 27 (I-205) due to accident.,E Portland Fwy N,Portland,Multnomah,OR,2021.0,validation
A-4843808,Source1,2,2022-12-04 17:47:18,2022-12-07 00:01:44,3254.4333333333334,A crash has occurred with minimal delay to traffic. Prepare to slow or move over for worker safety.,Columbia River Hwy 2,Boardman,Morrow,OR,2022.0,calibration
A-4546409,Source1,2,2022-01-06 22:54:39,2022-01-09 05:03:40,3249.016666666667,High water is causing no to minimum delays. Use caution., Main Ave N,Tillamook,Tillamook,OR,2022.0,calibration
A-6973218,Source1,2,2020-11-11 20:38:30,2020-11-14 01:59:07,3200.616666666667,Slow traffic on Long Beach Fwy N - I-710 N from Pico Ave (I-710) to Wardlow Rd (I-710) due to accident.,I-710 N,Long Beach,Los Angeles,CA,2020.0,train
A-7422179,Source1,2,2019-03-02 19:37:00,2019-03-04 23:59:00,3142.0,At S North Fork Rd - Accident.,UT-9,Mount Carmel,Kane,UT,2019.0,train
A-4653404,Source1,2,2022-01-28 08:55:00,2022-01-30 13:04:43,3129.7166666666667,Incident on I-75 NB near MM 342 Left shoulder closed.,I-75,Ocala,Marion,FL,2022.0,calibration
A-7382501,Source1,2,2019-11-16 06:28:44,2019-11-18 10:28:00,3119.266666666667,At Westland Rd/Exit 10 - Accident.,I-82 W,Hermiston,Umatilla,OR,2019.0,train
A-6600093,Source1,2,2020-12-31 00:14:24,2021-01-02 03:40:55,3086.516666666667,Incident on US-26 WB near MP 40 Drive with caution., NE Ochoco Hwy,Prineville,Crook,OR,2020.0,train
A-7056179,Source1,4,2020-06-24 01:35:47,2020-06-26 05:00:00,3084.2166666666667,Closed between NE Corbett Hill Rd and I-84 - Road closed due to accident. Roadwork. Lane closed., E Historic Columbia River Hwy,Corbett,Multnomah,OR,2020.0,train
A-6596824,Source1,4,2020-09-18 01:24:30,2020-09-20 04:44:43,3080.2166666666667,Road OR-126 is closed from NFD-2611 (OR-126) to Goodpasture Rd (OR-126) due to accident., McKenzie Hwy,Vida,Lane,OR,2020.0,train
A-6821434,Source1,2,2020-12-16 10:41:38,2020-12-18 13:29:00,3047.366666666667,Slow traffic on Golden State Fwy S - I-5 S from Grapevine Rd (I-5) to Fort Tejon Rd (I-5) due to accident.,Golden State Fwy S,Lebec,Kern,CA,2020.0,train
A-6617268,Source1,2,2020-10-31 20:34:21,2020-11-02 23:19:00,3044.65,Incident on OR-361 SB near MP 10 Drive with caution., SW Elbe Dr,Culver,Jefferson,OR,2020.0,train
A-6533842,Source1,2,2021-01-31 13:13:30,2021-02-02 15:19:30,3006.0,Slow traffic on Schuylkill Expy W - I-76 W from I-476/Exit 331B &amp; 28B (I-76) to US-202/Exit 328 (I-76) due to accident.,I-76 W,Conshohocken,Montgomery,PA,2021.0,validation
A-6427867,Source1,2,2021-02-14 13:57:56,2021-02-16 15:45:00,2987.0666666666666,Incident on OR-43 SB near MP 9 Drive with caution., Willamette Dr,West Linn,Clackamas,OR,2021.0,validation
A-5482953,Source1,2,2021-09-18 00:23:00,2021-09-20 01:59:04,2976.0666666666666,Incident on SUNNILAND DR near SANTA ANITA ST Drive with caution., Sunniland Dr,Orlando,Orange,FL,2021.0,validation
A-6289745,Source1,2,2021-09-18 02:09:00,2021-09-20 03:24:11,2955.1833333333334,Incident on CR-234 near SE HAWTHORNE RD Road closed. Take alternate route., SE Hawthorne Rd,Gainesville,Alachua,FL,2021.0,validation
A-5242131,Source1,2,2023-02-05 18:27:00,2023-02-07 19:27:00,2940.0,Accident on UT-143 from S Main St / E 765 S to D.D. Hollow Rd., S Highway 143,Panguitch,Garfield,UT,2023.0,test
A-6313340,Source1,4,2021-03-17 15:06:00,2021-03-19 15:56:00,2930.0,Road Closed (Crash) - on US-95 in both directions at Mile Post 98 (near SR267/Scotty's Castle Road) in Nye County Nevada. Seek alternate routes,US-95 N,Amargosa Valley,Nye,NV,2021.0,validation
A-4323150,Source1,2,2022-11-02 11:30:19,2022-11-04 12:15:08,2924.8166666666666,Incident on I-84 EB near MM 298 Drive with caution.,I-84 E,Haines,Baker,OR,2022.0,calibration
A-2917159,Source2,3,2018-02-26 07:50:24,2018-02-28 08:19:00,2908.6,Entry ramp to I-71 Southbound from Zorn Ave Southbound closed due to flooding.,I-71 S,Louisville,Jefferson,KY,2018.0,train
A-6471516,Source1,2,2021-01-13 00:36:42,2021-01-15 00:58:44,2902.0333333333333,Incident on FRECKLES RD near CAYUSE SPUR WAY Drive with caution., Freckles Rd,Kalispell,Flathead,MT,2021.0,validation
A-3811020,Source1,2,2023-01-16 00:00:00,2023-01-17 23:59:59,2879.983333333333,Accident on US-400 W - US-400 E from KS-47/Washington St (US-400) to US-75 (US-400).,US-400,Fredonia,Wilson,KS,2023.0,test
A-7448122,Source1,2,2019-02-15 20:56:08,2019-02-17 20:56:00,2879.866666666667,At Hanley Rd - Accident., Rossanley Dr,Medford,Jackson,OR,2019.0,train
A-3916441,Source1,2,2023-02-22 00:00:00,2023-02-23 23:59:00,2879.0,Incident,I-75 N,Ocala,Marion,FL,2023.0,test
A-6780867,Source1,4,2020-08-03 05:03:35,2020-08-05 05:00:00,2876.4166666666665,Closed between NE Corbett Hill Rd and I-84/US-30/Columbia Riv Hwy/FRTG Rd - Road closed due to accident. Roadwork. Lane closed., E Historic Columbia River Hwy,Corbett,Multnomah,OR,2020.0,train
A-5603917,Source1,2,2021-06-21 08:30:00,2021-06-23 08:24:52,2874.866666666667,Construction on NE-88 EB near NE-71 Road closed. Take alternate route.,State Highway 88,Harrisburg,Banner,NE,2021.0,validation
A-6842585,Source1,2,2020-11-05 01:58:00,2020-11-07 01:33:50,2855.8333333333335,Incident on NW 110TH AVE near NW 39TH ST Drive with caution., NW 110th Ave,Ocala,Marion,FL,2020.0,train
A-6460920,Source1,2,2021-01-12 18:36:30,2021-01-14 18:10:00,2853.5,High water is causing no to minimum delays. Use caution., Main St NE,Saint Paul,Marion,OR,2021.0,validation
A-7444228,Source1,2,2019-02-09 15:48:27,2019-02-11 14:48:00,2819.55,At Liberty Ln - Accident.,Sherman Hwy,Grass Valley,Sherman,OR,2019.0,train
A-6747982,Source1,2,2020-12-23 12:58:30,2020-12-25 11:51:30,2813.0,Stationary traffic on I-35W N from 76th St/Exit 9C (I-35W) to MN-62/Crosstown Hwy/Exit 10B (I-35W) due to accident.,I-35W N,Minneapolis,Hennepin,MN,2020.0,train
A-7375915,Source1,2,2019-11-07 03:11:21,2019-11-09 01:39:02,2787.6833333333334,At Elk City Rd - Accident., Highway 20,Toledo,Lincoln,OR,2019.0,train
A-5975294,Source1,2,2021-05-05 23:03:00,2021-05-07 20:34:26,2731.4333333333334,Stationary traffic on FL-915 - FL-860 from NE 175th St to I-95 S due to accident., NE 6th Ave,Miami,Miami-Dade,FL,2021.0,validation
A-6431633,Source1,2,2021-02-09 20:16:32,2021-02-11 17:15:00,2698.4666666666667,Incident on I-84 EB near MP 345 Road hazard. Expect long delays.,US-30 E,Huntington,Baker,OR,2021.0,validation
A-6604640,Source1,2,2020-12-25 21:26:17,2020-12-27 17:04:33,2618.266666666667,A crash has occurred causing no to minimum delays. Use caution.,I-84 W,Arlington,Gilliam,OR,2020.0,train
A-6348000,Source1,2,2021-02-13 16:26:13,2021-02-15 11:49:50,2603.616666666667,Incident on US-26 EB near MP 97 Drive with caution.,Ochoco Hwy,Mitchell,Wheeler,OR,2021.0,validation
A-6422446,Source1,2,2021-02-01 12:16:30,2021-02-03 07:30:00,2593.5,Stationary traffic on Riverside Fwy E - CA-91 E from 14th St (CA-91) to I-215/CA-60 (CA-91) due to accident.,CA-91 E,Riverside,Riverside,CA,2021.0,validation
A-6357522,Source1,2,2021-01-27 19:49:00,2021-01-29 15:00:30,2591.5,Slow traffic on Golden State Fwy S - I-5 S from Frazier Mountain Park Rd (I-5) to Gorman School Rd (I-5) due to accident.,Golden State Fwy S,Lebec,Los Angeles,CA,2021.0,validation
A-5027073,Source1,2,2022-03-07 15:40:01,2022-03-09 10:50:00,2589.983333333333,A crash has occurred causing no to minimum delays. Use caution.,Wasco Heppner Hwy,Condon,Gilliam,OR,2022.0,calibration
A-6461421,Source1,2,2021-02-19 01:10:00,2021-02-20 20:17:12,2587.2,Slow traffic from W 85th St to I-110 S due to accident., S Figueroa St,Los Angeles,Los Angeles,CA,2021.0,validation
A-6023768,Source1,2,2021-03-03 01:23:30,2021-03-04 20:20:51,2577.35,Slow traffic from W 75th St to I-110 S due to accident., S Figueroa St,Los Angeles,Los Angeles,CA,2021.0,validation
A-6520484,Source1,2,2021-02-04 10:45:00,2021-02-06 05:40:38,2575.633333333333,Slow traffic on FL-7 - FL-860 - US-441 S from NW 187th St to NE 183rd St / N Miami Ave due to accident., NW 2nd Ave,Miami,Miami-Dade,FL,2021.0,validation
A-6757656,Source1,2,2020-11-06 07:30:30,2020-11-08 02:26:00,2575.5,Stationary traffic from Duboce Ave exit [434A] to Market St / Octavia Blvd due to accident., Duboce Ave,San Francisco,San Francisco,CA,2020.0,train
A-6588370,Source1,2,2020-12-12 02:46:11,2020-12-13 21:36:00,2569.8166666666666,Incident on US-395 SB near MP 69 Drive with caution.,Pendleton John Day Hwy,Long Creek,Grant,OR,2020.0,train
A-6926456,Source1,2,2020-12-14 16:24:13,2020-12-16 11:10:20,2566.116666666667,Incident on SC-253 near SC-124 Drive with caution.,W Blue Ridge Dr,Greenville,Greenville,SC,2020.0,train
A-6626725,Source1,2,2020-09-10 21:04:40,2020-09-12 15:43:00,2558.3333333333335,The highway is closed. Use alternate routes., Albany-Lyons Hwy,Lyons,Linn,OR,2020.0,train
A-5684846,Source1,2,2021-12-15 21:25:09,2021-12-17 16:00:00,2554.85,A crash has occurred causing no to minimum delays. Use caution., Highway 86,Richland,Baker,OR,2021.0,validation
A-4342299,Source1,2,2022-12-14 15:41:23,2022-12-16 10:08:54,2547.516666666667,Incident on US-29 near SHILOH RD Drive with caution.,Shiloh Rd,Piedmont,Anderson,SC,2022.0,calibration
A-6957836,Source1,2,2020-10-07 10:12:30,2020-10-09 04:35:07,2542.616666666667,Queuing traffic on NY-25 from 3rd Ave to FDR Dr N due to accident resurfacing work., E 59th St,New York,New York,NY,2020.0,train
A-7403894,Source1,2,2019-08-30 16:41:07,2019-09-01 11:00:00,2538.883333333333,At NE Cooley Rd - Accident., N Highway 97,Bend,Deschutes,OR,2019.0,train
A-5914726,Source1,2,2021-04-24 03:51:00,2021-04-25 22:09:32,2538.5333333333333,Slow traffic on FL-482 from Carrier Dr to Canada Ave due to accident., International Dr,Orlando,Orange,FL,2021.0,validation
A-6321932,Source1,2,2021-02-27 04:36:30,2021-02-28 22:34:01,2517.516666666667,Stationary traffic on VA-28 from Machen Rd to Lee Hwy due to accident.,Machen Rd,Centreville,Fairfax County,VA,2021.0,validation
A-7465618,Source1,2,2019-01-18 06:04:00,2019-01-19 23:59:00,2515.0,At Utah/Wyoming State Line - Accident., US Highway 191,Dutch John,Daggett,UT,2019.0,train
A-5940365,Source1,2,2021-04-16 02:17:00,2021-04-17 19:43:20,2486.3333333333335,Slow traffic on I-95 S from US-441/Florida's Tpke/Exit 12 (I-95) to 135th St/Opa Locka Blvd/Exit 10 (I-95) due to accident.,Florida's Tpke S,Miami,Miami-Dade,FL,2021.0,validation
A-985356,Source2,3,2021-06-27 11:41:55,2021-06-29 05:07:00,2485.0833333333335,Entry ramp to I-94 Eastbound from M-39 Southbound closed due to flooding.,Detroit Industrial Fwy E,Allen Park,Wayne,MI,2021.0,validation
A-6235788,Source1,2,2021-04-24 03:51:00,2021-04-25 21:16:00,2485.0,Slow traffic from Carrier Dr (International Dr) to Pointe Plaza Ave (International Dr) due to accident., International Dr,Orlando,Orange,FL,2021.0,validation
A-6871892,Source1,2,2020-12-22 12:29:00,2020-12-24 05:40:59,2471.983333333333,Stationary traffic on FL-915 - FL-826 from NE 169th St to N Miami Beach Blvd due to accident., NE 6th Ave,North Miami Beach,Miami-Dade,FL,2020.0,train
A-6837273,Source1,2,2020-12-20 13:32:30,2020-12-22 06:41:00,2468.5,Slow traffic on FL-482 - US-92 W - US-441 S - US-17 S from Skyview Dr to August Ln due to accident., Sand Lake Rd,Orlando,Orange,FL,2020.0,train
A-4627902,Source1,2,2022-06-05 06:36:31,2022-06-06 23:27:58,2451.45,A crash has occurred causing no to minimum delays. Use caution.,I-84 E,Hood River,Hood River,OR,2022.0,calibration
A-5646347,Source1,2,2021-08-24 17:29:51,2021-08-26 10:21:00,2451.15,A crash has occurred causing no to minimum delays. Use caution., Thunderegg Blvd,Nyssa,Malheur,OR,2021.0,validation
A-6072264,Source1,2,2021-07-31 04:29:48,2021-08-01 21:18:54,2449.1,Incident on RIVER RD near BRANDY LN Drive with caution., River Rd,Greeleyville,Williamsburg,SC,2021.0,validation
A-6053984,Source1,2,2021-03-18 03:24:30,2021-03-19 20:12:27,2447.95,Slow traffic on I-278 E from 3rd Ave/Exit 21 (I-278) to 32nd St/33rd St/Exit 3 (I-278) due to accident.,Brooklyn Queens Expy,Brooklyn,Kings,NY,2021.0,validation
A-4596154,Source1,4,2023-01-14 14:18:30,2023-01-16 06:43:32,2425.0333333333333,Alco Trans Corridor is closed from Happy Valley Rd to Koopman Rd due to accident., Happy Valley Rd,Pleasanton,Alameda,CA,2023.0,test
A-6421607,Source1,2,2021-01-28 11:42:30,2021-01-30 04:06:41,2424.1833333333334,Slow traffic on FL-854 from NE 203 St exit [16] to I-95 S due to accident.,I-95 S,Miami,Miami-Dade,FL,2021.0,validation
A-6857553,Source1,2,2020-12-29 12:29:00,2020-12-31 04:50:16,2421.266666666667,Slow traffic on I-195 E from exit [5] to W 40th St due to accident.,I-195 E,Miami Beach,Miami-Dade,FL,2020.0,train
A-5611867,Source1,2,2021-04-15 04:04:30,2021-04-16 20:23:37,2419.116666666667,Stationary traffic on FL-976 from FL-826/Palmetto Expy (SW 40th St/Bird Rd/FL-976) to SW 97th Ave (SW 40th St/Bird Rd/FL-976) due to accident., Bird Rd,Miami,Miami-Dade,FL,2021.0,validation
A-6465523,Source1,2,2021-02-19 03:20:30,2021-02-20 19:37:31,2417.016666666667,Stationary traffic from Balboa Blvd (Roscoe Blvd) to I-405 (Roscoe Blvd) due to accident., N Haskell Ave,North Hills,Los Angeles,CA,2021.0,validation
A-7310986,Source1,2,2019-12-12 08:20:26,2019-12-14 00:20:00,2399.5666666666666,At US-20/US-97 - Accident.,Bend Pkwy S,Bend,Deschutes,OR,2019.0,train
A-6866312,Source1,2,2020-09-24 11:08:00,2020-09-26 03:04:44,2396.733333333333,Stationary traffic on US-92 W - US-441 S - US-17 S from Florida's Turnpike N to Satellite Blvd due to accident., S Orange Blossom Trl,Orlando,Orange,FL,2020.0,train
A-6850420,Source1,2,2020-09-24 11:08:00,2020-09-26 03:03:04,2395.0666666666666,Stationary traffic on US-92 W - US-441 S - US-17 S from Florida's Turnpike N to Satellite Blvd due to accident., S Orange Blossom Trl,Orlando,Orange,FL,2020.0,train
A-6755375,Source1,4,2020-09-14 15:00:00,2020-09-16 06:55:00,2395.0,Road OR-211 is closed from S Hayden Rd (OR-211) to S Union Mills Rd/S Beavercreek Rd (OR-211) due to accident.,Woodburn-Estacada Hwy,Estacada,Clackamas,OR,2020.0,train
A-6717176,Source1,4,2020-09-14 15:00:00,2020-09-16 06:55:00,2395.0,Road OR-211 is closed from Mathias Rd (OR-211) to S Union Mills Rd/S Beavercreek Rd (OR-211) due to accident., Woodburn-Estacada Hwy,Molalla,Clackamas,OR,2020.0,train
A-6626610,Source1,4,2020-09-14 15:00:00,2020-09-16 06:55:00,2395.0,Road OR-224 is closed from OR-211/Woodburn Estacada Hwy (Clackamas Hwy/OR-224) to OR-211 (Clackamas Hwy/OR-224) due to accident.,Arcacia Rd,Estacada,Clackamas,OR,2020.0,train
A-6935493,Source1,4,2020-09-14 15:00:00,2020-09-16 06:55:00,2395.0,Road OR-211 is closed from OR-224/Clackamas Hwy/SE Burnett Rd (OR-211) to S Hayden Rd (OR-211) due to bridge closed accident., Woodburn-Estacada Hwy,Estacada,Clackamas,OR,2020.0,train
A-6487799,Source1,2,2021-02-04 10:13:30,2021-02-06 01:49:38,2376.133333333333,Stationary traffic on FL-688 - FL-693 from W Rena Dr to 126th Ave due to accident., Ulmerton Rd,Largo,Pinellas,FL,2021.0,validation
A-5539445,Source1,2,2021-05-06 02:38:30,2021-05-07 18:13:29,2374.983333333333,Stationary traffic from Jurupa Ave (Cedar Ave) to W Merrill Ave (S Cedar Ave) due to accident., Cedar Ave,Bloomington,San Bernardino,CA,2021.0,validation
A-6045424,Source1,2,2021-03-05 06:02:00,2021-03-06 21:32:30,2370.5,Stationary traffic from Chimney Rock Rd (Westpark Dr) to I-610 (Westpark Dr) due to accident., Westpark Dr,Houston,Harris,TX,2021.0,validation
A-5073667,Source1,2,2022-09-21 01:57:07,2022-09-22 17:24:18,2367.1833333333334,A crash has occurred use caution.,I-5 N,Wolf Creek,Josephine,OR,2022.0,calibration
A-7125393,Source1,4,2020-03-20 16:21:58,2020-03-22 07:47:58,2366.0,Closed at OH-110/Exit 44B - Road closed due to accident. Traffic problem., US Highway 6 E,Napoleon,Henry,OH,2020.0,train
A-6773186,Source1,2,2020-12-22 12:29:00,2020-12-24 03:48:50,2359.8333333333335,Stationary traffic on FL-826 from 2nd Ave (FL-826) to 167th St (FL-826) due to accident., NE 3rd Ave,Miami,Miami-Dade,FL,2020.0,train
A-5749743,Source1,2,2021-05-06 04:07:00,2021-05-07 19:26:34,2359.5666666666666,Slow traffic on FL-825 from SW 124th St to SW 135th Ct due to accident., SW 137th Ave,Miami,Miami-Dade,FL,2021.0,validation
A-6921492,Source1,2,2020-11-30 13:10:00,2020-12-02 04:23:19,2353.3166666666666,Slow traffic on FL-426 - FL-436 from N Ranger Blvd to S Semoran Blvd / University Blvd due to accident., Aloma Ave,Winter Park,Orange,FL,2020.0,train
A-6161758,Source1,2,2021-04-06 03:47:30,2021-04-07 18:58:44,2351.233333333333,Slow traffic on FL-482 from Southwest Orange to Lake Marie Way due to accident., W Sand Lake Rd,Orlando,Orange,FL,2021.0,validation
A-5858038,Source1,2,2021-04-06 22:06:00,2021-04-08 13:00:54,2334.9,Stationary traffic on FL-854 from US-1/FL-5/Biscayne Blvd (FL-854) to I-95 (FL-854) due to accident., NE 203rd St,Miami,Miami-Dade,FL,2021.0,validation
A-5678624,Source1,2,2021-05-20 03:01:00,2021-05-21 17:45:34,2324.5666666666666,Slow traffic on FL-423 from Bear Bryant Dr to Chancellor Dr due to accident., S John Young Pkwy,Orlando,Orange,FL,2021.0,validation
A-6538934,Source1,2,2021-02-17 05:18:30,2021-02-18 20:01:00,2322.5,Slow traffic on I-84 W - Old Oregon Trail Hwy No 6 - US-30 W - Old Oregon Trl from Exit 256 (I-84) to Spring Cr. Rd./Exit 248 (I-84) due to accident.,I-84 W,La Grande,Union,OR,2021.0,validation
A-6045375,Source1,2,2021-05-20 03:01:00,2021-05-21 17:37:53,2316.883333333333,Slow traffic on FL-423 from Bear Bryant Dr to Chancellor Dr due to accident., S John Young Pkwy,Orlando,Orange,FL,2021.0,validation
A-6311607,Source1,2,2021-10-24 07:14:16,2021-10-25 21:45:00,2310.733333333333,Incident on US-26 EB near MP 2 Right lane blocked. Expect delays., SE 26th Ave,Portland,Multnomah,OR,2021.0,validation
A-6548063,Source1,2,2021-02-16 06:42:43,2021-02-17 21:08:00,2305.2833333333333,Slow traffic on FL-922 - US-1 S - FL-5 from NE 124th St to NE 18th Ave due to accident., Biscayne Blvd,North Miami,Miami-Dade,FL,2021.0,validation
A-6644465,Source1,2,2020-11-30 12:02:00,2020-12-02 02:24:00,2302.0,Slow traffic on Long Beach Fwy N - I-710 N from Del Amo Blvd (I-710) to Alondra Blvd (I-710) due to accident.,I-710 N,Long Beach,Los Angeles,CA,2020.0,train
A-5566401,Source1,2,2021-04-01 05:22:00,2021-04-02 19:43:40,2301.6666666666665,Slow traffic on FL-826 from FL-A1A/Collins Ave (FL-826) to US-1/FL-5/Biscayne Blvd (FL-826) due to accident.,NE 163rd St,North Miami Beach,Miami-Dade,FL,2021.0,validation
A-6646383,Source1,2,2020-12-30 02:23:00,2020-12-31 16:38:41,2295.6833333333334,Incident on LINE AVE near MONTROSE DR Drive with caution., Line Ave,Shreveport,Caddo,LA,2020.0,train
A-6903635,Source1,2,2020-10-28 12:16:30,2020-10-30 02:29:52,2293.366666666667,Slow traffic on FL-826 from 12th Ave (FL-826) to 2nd Ave (FL-826) due to accident.,Palmetto Expy N,Miami,Miami-Dade,FL,2020.0,train
A-6688022,Source1,2,2020-12-11 16:03:00,2020-12-13 06:11:10,2288.1666666666665,Stationary traffic from exit [78] to I-4 E due to accident.,Conroy Rd,Orlando,Orange,FL,2020.0,train
A-5466312,Source1,2,2021-05-20 03:01:00,2021-05-21 17:05:36,2284.6,Slow traffic on FL-423 from FL-482/W Sand Lake Rd (S John Young Pkwy) to W Oak Ridge Rd (S John Young Pkwy) due to accident., S John Young Pkwy,Orlando,Orange,FL,2021.0,validation
A-5975197,Source1,2,2021-07-05 00:41:00,2021-07-06 14:45:00,2284.0,Incident on TN-12 EB near PEACHER'S MILL RD Road closed. Take alternate route., Providence Blvd,Clarksville,Montgomery,TN,2021.0,validation
A-5791776,Source1,2,2021-03-13 04:44:30,2021-03-14 18:40:00,2275.5,Slow traffic on I-95 N - I-64 W from US-301/US-1/N Belvidere St/Exit 76 (I-64/I-95) to VA-161/Boulevard/Exit 78 (I-64/I-95) due to accident.,I-64 W,Richmond,Richmond City,VA,2021.0,validation
A-6066484,Source1,2,2021-05-05 03:29:00,2021-05-06 17:23:03,2274.05,Stationary traffic from W 21st St to S Longwood Ave due to accident., S La Brea Ave,Los Angeles,Los Angeles,CA,2021.0,validation
A-6004365,Source1,2,2021-04-01 05:22:00,2021-04-02 19:11:58,2269.9666666666667,Slow traffic on FL-826 from FL-A1A/Collins Ave (FL-826) to US-1/FL-5/Biscayne Blvd (FL-826) due to accident., NE 163rd St,North Miami Beach,Miami-Dade,FL,2021.0,validation
A-6136219,Source1,2,2021-05-21 04:28:30,2021-05-22 18:14:58,2266.4666666666667,Stationary traffic on FL-916 from I-95 N to Opa Locka Blvd due to accident., NW 135th St,North Miami,Miami-Dade,FL,2021.0,validation
A-6345712,Source1,2,2021-01-12 14:02:09,2021-01-14 03:48:02,2265.883333333333,Stationary traffic on FL-7 - FL-860 - US-441 S from NW 188th St to NW 2nd Ct due to accident., NW 2nd Ave,Miami,Miami-Dade,FL,2021.0,validation
A-6400926,Source1,2,2021-02-14 04:15:25,2021-02-15 18:00:00,2264.5833333333335,Downed power lines have all lanes closed in both directions at 172nd. Use an alternate route.,SE 172nd Ave,Damascus,Clackamas,OR,2021.0,validation
A-6850509,Source1,2,2020-12-23 11:14:00,2020-12-25 00:45:01,2251.016666666667,Slow traffic on MN-5 W - I-494 W from MN-5/Exit 1 (I-494) to US-169/Exit 10 (I-494) due to accident.,I-494 W,Minneapolis,Hennepin,MN,2020.0,train
A-7222123,Source1,2,2020-01-13 22:07:41,2020-01-15 11:30:00,2242.3166666666666,At Three Mile Canyon Rd/Exit 151 - Accident.,Columbia River Hwy 2,Boardman,Morrow,OR,2020.0,train
A-6448568,Source1,2,2021-01-01 15:19:00,2021-01-03 04:35:23,2236.383333333333,Stationary traffic on US-92 W - US-17 S - FL-50 from FL-527/Magnolia Ave/Orange Ave (US-92/US-17) to I-4/N Hughey Ave/Garland Ave (US-92/US-17) due to accident., W Colonial Dr,Orlando,Orange,FL,2021.0,validation
A-3813362,Source1,2,2022-07-26 00:20:34,2022-07-27 13:25:22,2224.8,Incident on PEWTER DR near BRONZE DR Drive with caution., Bronze Dr,Lexington,Lexington,SC,2022.0,calibration
A-6180322,Source1,2,2021-04-21 04:22:00,2021-04-22 17:25:39,2223.65,Stationary traffic on TX-71 W - TX-71 - US-290 W from TX-1 Loop (TX-71) to US-290 (TX-71) due to accident.,TX-71 W,Austin,Travis,TX,2021.0,validation
A-5580937,Source1,2,2021-04-08 03:12:30,2021-04-09 16:15:42,2223.2,Slow traffic on US-1 N - US-1 S from Presidential Blvd (E City Ave/US-1) to 54th St (Bala Cynwyd) (East) (W City Ave/US-1) due to accident.,City Ave,Bala Cynwyd,Montgomery,PA,2021.0,validation
A-5461630,Source1,2,2022-12-21 19:08:25,2022-12-23 08:08:52,2220.45,A crash has occurred with minimal delay to traffic. Prepare to slow or move over for worker safety.,I-84 E,La Grande,Union,OR,2022.0,calibration
A-4552298,Source1,2,2022-09-09 05:40:54,2022-09-10 18:41:17,2220.383333333333,Incident on PARRIS BRIDGE RD near KNOLLWOOD ACRES RD Drive with caution., Parris Bridge Rd,Boiling Springs,Spartanburg,SC,2022.0,calibration
A-5722317,Source1,2,2021-03-03 04:31:30,2021-03-04 17:31:47,2220.2833333333333,Slow traffic on FL-854 from NE 203 St exit [16] to I-95 S due to accident.,I-95 S,Miami,Miami-Dade,FL,2021.0,validation
A-6018905,Source1,2,2021-05-22 06:51:00,2021-05-23 19:48:30,2217.5,Slow traffic on TX-354 from Woodall Rodgers Fwy S to McKinney Ave due to accident.,N Saint Paul St,Dallas,Dallas,TX,2021.0,validation
A-5596126,Source1,2,2021-03-05 04:40:00,2021-03-06 17:32:32,2212.5333333333333,Stationary traffic on US-92 E - US-17 N - US-441 N from Redman St to S Rio Grande Ave due to accident., S Orange Blossom Trl,Orlando,Orange,FL,2021.0,validation
A-6480887,Source1,2,2021-01-31 20:28:00,2021-02-02 09:18:30,2210.5,Slow traffic on New Lincoln Hwy N - US-1 N from Rockhill Rd (US-1) to Oxford Valley Rd (US-1) due to accident.,Lincoln Hwy,Langhorne,Bucks,PA,2021.0,validation
A-6107205,Source1,2,2021-05-21 03:29:30,2021-05-22 16:12:19,2202.8166666666666,Stationary traffic on US-1 N - FL-986 - FL-5 from SW 73rd St to SW 59th Pl / SW 72nd St due to accident., SW 73rd St,South Miami,Miami-Dade,FL,2021.0,validation
A-5796500,Source1,2,2021-05-07 02:30:30,2021-05-08 15:10:18,2199.8,Stationary traffic from Cedar Ave exit [66] to Orange St due to accident.,I-10 E,Bloomington,San Bernardino,CA,2021.0,validation
A-6567340,Source1,2,2021-02-18 00:20:30,2021-02-19 12:55:30,2195.0,Slow traffic on Riverside Fwy E - CA-91 E from 7th St (CA-91) to I-215/CA-60 (CA-91) due to accident.,CA-91 E,Riverside,Riverside,CA,2021.0,validation
A-6659130,Source1,2,2020-12-20 14:22:30,2020-12-22 02:46:17,2183.7833333333333,Slow traffic on US-92 E - US-17 N - US-441 N from Taft Vineland Rd (US-92/US-17) to Florida's Tpke (US-92/US-17) due to accident., S Orange Blossom Trl,Orlando,Orange,FL,2020.0,train
A-6889983,Source1,2,2020-10-22 09:50:30,2020-10-23 22:12:30,2182.0,Slow traffic on FL-826 from Florida's Tpke (FL-826) to FL-915/6th Ave (FL-826) due to accident.,Palmetto Expy N,Miami,Miami-Dade,FL,2020.0,train
A-6631787,Source1,2,2020-10-16 10:20:00,2020-10-17 22:41:52,2181.866666666667,Queuing traffic on FL-934 from FL-934/NW 13th Ct (FL-934) to I-95 (FL-934) due to accident., NW 8th Ave,Miami,Miami-Dade,FL,2020.0,train
A-7454381,Source1,2,2019-02-25 16:52:05,2019-02-27 05:06:00,2173.9166666666665,At Tumalo Rd/Deschutes Market Rd - Accident., N Highway 97,Bend,Deschutes,OR,2019.0,train
A-1144594,Source2,3,2021-02-19 20:51:15,2021-02-21 09:00:00,2168.75,Entry ramp to I-20 Westbound from 5th St closed due to ice.,I-20 W,West Monroe,Ouachita,LA,2021.0,validation
A-5514561,Source1,2,2021-04-01 05:22:00,2021-04-02 17:26:32,2164.5333333333333,Slow traffic on FL-826 from FL-A1A/Collins Ave (FL-826) to FL-909/22nd Ave/Dixie Hwy (FL-826) due to accident., NE 163rd St,North Miami Beach,Miami-Dade,FL,2021.0,validation
A-2451719,Source2,2,2018-11-12 00:37:27,2018-11-13 12:40:00,2162.55,Entry ramp to Jolon Rd at Exit 283 from US-101 Northbound closed due to wild fire.,El Camino Real N,King City,Monterey,CA,2018.0,train
A-2451720,Source2,2,2018-11-12 00:37:27,2018-11-13 12:38:00,2160.55,Entry ramp to Patricia Ln at Exit 293 from US-101 Northbound closed due to wild fire.,El Camino Real N,Greenfield,Monterey,CA,2018.0,train
A-6890679,Source1,2,2020-11-12 09:49:00,2020-11-13 21:40:30,2151.5,Slow traffic on Riverside Fwy E - CA-91 E from 7th St (CA-91) to I-215/CA-60 (CA-91) due to accident.,CA-91 E,Riverside,Riverside,CA,2020.0,train
A-5656343,Source1,2,2021-04-22 05:42:00,2021-04-23 17:30:28,2148.4666666666667,Slow traffic on FL-916 - US-441 N from NW 10th Ave to Opa Locka Blvd due to accident.,NW 10th Ave,Miami,Miami-Dade,FL,2021.0,validation
A-6523771,Source1,2,2021-01-12 14:02:09,2021-01-14 01:46:12,2144.05,Slow traffic on FL-7 - US-441 S from FL-854/199th St/Honey Hill Dr (FL-7/US-441) to FL-860/183rd St/Miami Gardens Dr (FL-7/US-441) due to accident., NW 2nd Ave,Miami,Miami-Dade,FL,2021.0,validation
A-6826499,Source1,2,2020-12-10 09:52:30,2020-12-11 21:36:21,2143.85,Slow traffic on US-92 E - US-17 N - US-441 N from Ronald Reagan Tpke to Florida's Turnpike N due to accident., W Taft Vineland Rd,Orlando,Orange,FL,2020.0,train
A-5668644,Source1,2,2021-04-22 05:42:00,2021-04-23 17:22:10,2140.1666666666665,Slow traffic on FL-916 - US-441 N from NW 10th Ave to Opa Locka Blvd due to accident.,NW 10th Ave,Miami,Miami-Dade,FL,2021.0,validation
A-6890233,Source1,2,2020-10-16 10:20:00,2020-10-17 21:56:41,2136.6833333333334,Queuing traffic on FL-934 from FL-934/NW 13th Ct (FL-934) to I-95 (FL-934) due to accident., NW 8th Ave,Miami,Miami-Dade,FL,2020.0,train
A-6420696,Source1,2,2021-02-05 19:51:30,2021-02-07 07:26:00,2134.5,Stationary traffic on CA-60 E - Pomona Fwy E from Indiana St (CA-60) to I-710/Long Beach Fwy (CA-60) due to accident.,CA-60 E,Los Angeles,Los Angeles,CA,2021.0,validation
A-6744519,Source1,2,2020-10-16 10:20:00,2020-10-17 21:45:06,2125.1,Queuing traffic on FL-934 from FL-934/NW 13th Ct (FL-934) to I-95 (FL-934) due to accident., NW 8th Ave,Miami,Miami-Dade,FL,2020.0,train
A-6839882,Source1,2,2020-09-25 08:35:30,2020-09-26 19:58:30,2123.0,Slow traffic on I-75 from US-41/US-19/Exit 235 (I-75) to I-285/Exit 238 (South) (I-75) due to accident.,GA-401 N,Forest Park,Clayton,GA,2020.0,train
A-4427429,Source1,2,2023-01-21 12:16:18,2023-01-22 23:39:17,2122.983333333333,Incident on PEACHTREE RD near MCSWAIN RD Drive with caution., Peachtree Rd,Chesnee,Spartanburg,SC,2023.0,test
A-6694611,Source1,2,2020-10-16 10:28:00,2020-10-17 21:32:30,2104.5,Slow traffic from Bloomington Ave (Cedar Ave) to I-10/San Bernardino Fwy (Cedar Ave) due to accident., Cedar Ave,Bloomington,San Bernardino,CA,2020.0,train
A-6606584,Source1,2,2020-10-25 19:06:00,2020-10-27 06:09:42,2103.7,Construction on I-70 EB near PARACHUTE Road closed. Take alternate route.,I-70 E,De Beque,Mesa,CO,2020.0,train
A-6566913,Source1,2,2021-02-07 16:32:30,2021-02-09 03:35:12,2102.7,Slow traffic from W 70th St to I-110 S due to accident., S Figueroa St,Los Angeles,Los Angeles,CA,2021.0,validation
A-5516247,Source1,2,2021-05-10 05:47:06,2021-05-11 16:49:02,2101.9333333333334,Slow traffic on FL-915 - FL-826 from NE 169th St to N Miami Beach Blvd due to accident., NE 6th Ave,North Miami Beach,Miami-Dade,FL,2021.0,validation
A-6628119,Source1,2,2020-09-16 05:06:40,2020-09-17 16:06:00,2099.3333333333335,High water is causing no to minimum delays. Use caution., Highway 26,Seaside,Clatsop,OR,2020.0,train
A-6725577,Source1,4,2020-09-09 19:56:38,2020-09-11 06:53:48,2097.1666666666665,Closed road from E Barnett Rd (N Pheonix Rd) to OR-99/N Main St/S Pacific Hwy (N Pheonix Rd) due to accident.,N Phoenix Rd,Medford,Jackson,OR,2020.0,train
A-6513110,Source1,2,2021-01-05 09:14:22,2021-01-06 20:10:48,2096.4333333333334,Incident on MT-64 near LONE MOUNTAIN TRL Drive with caution.,Dam Rd,Big Sky,Madison,MT,2021.0,validation
A-6751012,Source1,2,2020-11-23 14:34:56,2020-11-25 01:28:23,2093.45,Incident on MOUNT PISGAH RD near LOST HORN RD Drive with caution., Lost Horn Rd,Reevesville,Dorchester,SC,2020.0,train
A-6397420,Source1,2,2021-02-16 06:42:43,2021-02-17 17:32:35,2089.866666666667,Stationary traffic on US-192 E - County Hwy-545 from FL-429 Toll/Western Expy (W Irlo Bronson Memorial Hwy/Vine St/US-192) to World Dr (US-192) due to accident., W Irlo Bronson Memorial Hwy,Kissimmee,Osceola,FL,2021.0,validation
A-6452772,Source1,2,2021-02-25 03:50:00,2021-02-26 14:37:41,2087.6833333333334,Stationary traffic on FL-948 from Curtiss Pkwy/N Red Rd/NW 57th Ave (NW 36th St/FL-948) to Milam Dairy Rd/NW 72nd Ave (NW 36th St/Doral Blvd/FL-948) due to accident., NW 36th St,Miami,Miami-Dade,FL,2021.0,validation
A-6916102,Source1,2,2020-12-05 12:51:23,2020-12-06 23:38:33,2087.1666666666665,Incident on US-20 EB near MP 92 Drive with caution., Highway 20,Sisters,Deschutes,OR,2020.0,train
A-6183422,Source1,2,2021-07-28 00:55:05,2021-07-29 11:41:14,2086.15,Incident on YOGO CREEK TRL near JUDITH RANGER STATION RD Drive with caution.,Yogo Creek Rd,Hobson,Judith Basin,MT,2021.0,validation
A-6415229,Source1,2,2021-01-28 11:42:30,2021-01-29 22:25:12,2082.7,Slow traffic on FL-854 from I-95 (FL-854) to US-1/FL-5/Biscayne Blvd (FL-854) due to accident., NE 203rd St,Miami,Miami-Dade,FL,2021.0,validation
A-6259264,Source1,2,2021-11-13 09:35:48,2021-11-14 20:13:13,2077.4166666666665,Incident on STRAIGHT DR near B HUNTER RD Drive with caution., B Hunter Rd,Pickens,Pickens,SC,2021.0,validation
A-5780230,Source1,2,2021-04-06 03:54:30,2021-04-07 14:27:37,2073.116666666667,Stationary traffic on US-192 W - US-92 W - US-441 N - US-17 S from Denn John Ln (US-192) to N Bermuda Ave/N John Young Pkwy (US-192) due to accident., E Vine St,Kissimmee,Osceola,FL,2021.0,validation
A-6815715,Source1,2,2020-10-03 11:04:00,2020-10-04 21:28:00,2064.0,Stationary traffic on NJ-21 from Chester Ave (NJ-21) to Clay St (NJ-21) due to accident., McCarter Hwy,Newark,Essex,NJ,2020.0,train
A-7275392,Source1,2,2020-02-24 07:23:00,2020-02-25 17:43:19,2060.3166666666666,At Ehlen Rd NE - Accident., Hubbard Cutoff Rd NE,Aurora,Marion,OR,2020.0,train
A-6487351,Source1,2,2021-01-31 15:21:30,2021-02-02 01:34:06,2052.6,Stationary traffic on Golden State Fwy N - I-5 N from Lake Hughes Rd (I-5) to Templin Hwy (I-5) due to accident.,Golden State Fwy N,Castaic,Los Angeles,CA,2021.0,validation
A-6242521,Source1,2,2021-03-22 06:30:42,2021-03-23 16:40:56,2050.233333333333,Stationary traffic on US-19 S from Haines Rd N to 58th Ave N due to accident., 3rd St,Saint Petersburg,Pinellas,FL,2021.0,validation
A-6658798,Source1,2,2020-11-24 11:00:18,2020-11-25 21:08:28,2048.1666666666665,Slow traffic on US-90 E from Toledano St (US-90) to US-90 Bus (US-90) due to accident., Jackson Ave,New Orleans,Orleans,LA,2020.0,train
A-6876503,Source1,2,2020-11-24 11:00:18,2020-11-25 21:08:28,2048.1666666666665,Slow traffic on US-90 E from Toledano St (US-90) to US-90 Bus (US-90) due to accident., Jackson Ave,New Orleans,Orleans,LA,2020.0,train
A-6082094,Source1,2,2021-03-24 05:04:00,2021-03-25 15:08:30,2044.5,Slow traffic on MD-210 from Kerby Hill Rd/Livingston Rd (MD-210) to Palmer Rd (MD-210) due to accident., Indian Head Hwy,Oxon Hill,Prince George's,MD,2021.0,validation
A-6767128,Source1,2,2020-10-19 22:57:00,2020-10-21 09:00:00,2043.0,Near Columbus / Mile Marker 61 Heading West. The left lane is closed near Exit 61 (Holbert Cove Road).,US-74 W,Columbus,Polk,NC,2020.0,train
A-5534038,Source1,2,2021-05-21 04:56:30,2021-05-22 14:57:10,2040.6666666666667,Slow traffic on FL-94 from N Kendall Dr to SW 86th St due to accident.,SW 88th St,Miami,Miami-Dade,FL,2021.0,validation
A-6111092,Source1,2,2021-04-19 05:31:30,2021-04-20 15:28:00,2036.5,Stationary traffic on I-95 S from I-95 (North) (I-95) to FL-932/NW 8th Ave/103rd St/Exit 8B (I-95) due to accident.,I-95 S,Miami,Miami-Dade,FL,2021.0,validation
A-4294420,Source1,2,2022-06-11 09:31:37,2022-06-12 19:23:36,2031.9833333333333,Incident on ANDREW JACKSON RD near PINE GROVE RD Drive with caution., Andrew Jackson Rd,Blythewood,Richland,SC,2022.0,calibration
A-5572896,Source1,2,2021-03-15 06:25:17,2021-03-16 15:56:19,2011.0333333333333,Slow traffic on FL-826 from FL-915/6th Ave (FL-826) to 2nd Ave (FL-826) due to accident., NE 167th St,Miami,Miami-Dade,FL,2021.0,validation
A-6684433,Source1,2,2020-11-10 13:09:30,2020-11-11 22:27:00,1997.5,Slow traffic on I-5 S from Bailey Hill Rd/Exit 793 (I-5) to Ditch Creek Rd/Hornbrook Rd/Exit 790 (I-5) due to accident.,I-5 S,Hornbrook,Siskiyou,CA,2020.0,train
A-6847085,Source1,2,2020-10-16 10:20:00,2020-10-17 19:35:30,1995.5,Queuing traffic on FL-934 from FL-934/NW 13th Ct (FL-934) to I-95 (FL-934) due to accident., NW 79th St,Miami,Miami-Dade,FL,2020.0,train
A-5669268,Source1,2,2021-03-04 05:00:30,2021-03-05 14:15:44,1995.2333333333333,Stationary traffic on FL-9 from 20th St (FL-9) to FL-112/Airport Expy (FL-9) due to accident., NW 27th Ave,Miami,Miami-Dade,FL,2021.0,validation
A-6489577,Source1,2,2021-02-06 04:10:00,2021-02-07 13:10:09,1980.15,Incident on BROADWAY AVE near BAXTER ST Expect long delays., Broadway Ave,Shreveport,Caddo,LA,2021.0,validation
A-6507810,Source1,2,2021-02-15 01:49:00,2021-02-16 10:44:31,1975.5166666666667,Incident on OLD WINTER GARDEN RD near N PINE HILLS RD Drive with caution., Old Winter Garden Rd,Orlando,Orange,FL,2021.0,validation
A-7453721,Source1,2,2019-02-25 00:45:32,2019-02-26 09:38:00,1972.4666666666667,At Hills Creek Rd/Kitson Springs Rd - Accident., Highway 58,Westfir,Lane,OR,2019.0,train
A-6059350,Source1,2,2021-05-07 04:44:30,2021-05-08 13:30:50,1966.3333333333333,Stationary traffic on FL-823 from 167th St (FL-823) to FL-860/183rd St/Miami Gardens Dr (FL-823) due to accident.,NW 57th Ave,Opa Locka,Miami-Dade,FL,2021.0,validation
A-6348167,Source1,2,2021-02-15 01:49:00,2021-02-16 10:34:30,1965.5,Incident on S DIXIE HWY NB near SW 242ND ST Drive with caution., S Dixie Hwy,Homestead,Miami-Dade,FL,2021.0,validation
A-6306606,Source1,2,2021-10-03 07:52:43,2021-10-04 16:37:00,1964.2833333333333,Incident on US-95 SB near MP 46 Drive with caution., US Highway 95,Jordan Valley,Malheur,OR,2021.0,validation
A-5879510,Source1,2,2021-04-06 22:34:30,2021-04-08 07:18:30,1964.0,Slow traffic on I-40 W from Park Moabi Rd (I-40) to National Old Trails Rd/Exit 148 (I-40) due to accident.,I-40 W,Needles,San Bernardino,CA,2021.0,validation
A-7102591,Source1,2,2020-06-20 20:57:00,2020-06-22 05:30:00,1953.0,At UT-201/21st/2100 - Accident. Left lane closed.,I-15 S,Salt Lake City,Salt Lake,UT,2020.0,train
A-6836555,Source1,2,2020-12-23 19:15:30,2020-12-25 03:43:00,1947.5,Slow traffic on I-94 E - US-52 E from MN-101/Exit 207 (I-94) to CR-30/95th Ave/Exit 213 (I-94) due to accident.,I-94 E,Maple Grove,Hennepin,MN,2020.0,train
A-6042639,Source1,2,2021-12-27 19:18:00,2021-12-29 03:45:00,1947.0,Incident on I-20 EB near GA-104 Road closed. Take alternate route.,I-20,Augusta,Richmond,GA,2021.0,validation
A-6442159,Source1,2,2021-01-10 19:36:30,2021-01-12 03:51:30,1935.0,Slow traffic on I-95 S - US-1 S from Bronx River Pkwy/Exit 4B (I-95) to Jerome Ave/Exit 2A (I-95) due to accident.,Cross Bronx Expy W,Bronx,Bronx,NY,2021.0,validation
A-5736540,Source1,2,2021-04-13 04:43:00,2021-04-14 12:52:00,1929.0,Stationary traffic on FL-50 from Maguire Blvd to Park Lake St due to accident., E Colonial Dr,Orlando,Orange,FL,2021.0,validation
A-5854226,Source1,2,2021-06-03 15:37:40,2021-06-04 23:40:47,1923.1166666666666,Incident on I-84 EB near US-20 Left lane blocked., Middleton Rd,Nampa,Canyon,ID,2021.0,validation
A-6413865,Source1,2,2021-01-23 00:45:36,2021-01-24 08:45:00,1919.4,A crash has occurred causing no to minimum delays. Use caution., Highway 20,Bend,Deschutes,OR,2021.0,validation
A-6926259,Source1,2,2020-12-30 13:20:10,2020-12-31 21:17:33,1917.3833333333334,Incident on SC-9 near SC-905 Expect delays., S Highway 905,Longs,Horry,SC,2020.0,train
A-6133939,Source1,2,2021-05-14 03:48:00,2021-05-15 11:35:30,1907.5,Stationary traffic on CA-138 from 106th St (CA-138) to 87th St (CA-138) due to accident., Pearblossom Hwy,Littlerock,Los Angeles,CA,2021.0,validation
A-6384632,Source1,2,2021-02-14 21:25:30,2021-02-16 05:11:30,1906.0,Slow traffic on I-240 N from Norris Rd (I-240) to Union Ave (I-240) due to accident.,I-240 N,Memphis,Shelby,TN,2021.0,validation
A-6818039,Source1,2,2020-10-15 16:30:00,2020-10-17 00:15:00,1905.0,Construction on UNIVERSITY DR near RURAL RD Expect delays., E University Dr,Tempe,Maricopa,AZ,2020.0,train
A-5091478,Source1,2,2022-04-27 17:32:00,2022-04-29 01:15:00,1903.0,Incident on AZ-387 EB near AZ-87 Road closed. Take alternate route.,AZ-387,Sacaton,Pinal,AZ,2022.0,calibration
A-6654538,Source1,2,2020-11-22 11:47:00,2020-11-23 19:23:23,1896.3833333333334,Stationary traffic on FL-948 - FL-969 from NW 67th Ave to NW 35th Ter due to accident., NW 36th St,Miami,Miami-Dade,FL,2020.0,train
A-6573819,Source1,2,2021-02-11 15:52:30,2021-02-12 23:27:00,1894.5,Stationary traffic on I-84 W - US-30 W from Corbett Hill Rd (I-84) to Crown Point Hwy/Exit 18 (I-84) due to accident.,I-84 W,Troutdale,Multnomah,OR,2021.0,validation
A-7206319,Source1,2,2020-02-29 02:33:52,2020-03-01 10:08:14,1894.3666666666666,At John Day Dam Ln/Exit 109 - Accident.,I-84 E,Wasco,Sherman,OR,2020.0,train
A-6760571,Source1,2,2020-11-11 10:32:00,2020-11-12 18:00:38,1888.6333333333334,Stationary traffic on I-75 N - GA-401 N from Mount Zion Pkwy/Exit 231 (I-75) to I-285/Exit 238 (South) (I-75) due to accident.,GA-401 N,Morrow,Clayton,GA,2020.0,train
A-4330475,Source1,2,2022-02-02 13:16:17,2022-02-03 20:41:00,1884.7166666666667,A crash has occurred causing no to minimum delays. Use caution., Highway 203,Union,Union,OR,2022.0,calibration
A-6704842,Source1,2,2020-11-10 13:09:30,2020-11-11 20:30:00,1880.5,Slow traffic on I-5 S from Bailey Hill Rd/Exit 793 (I-5) to Ditch Creek Rd/Hornbrook Rd/Exit 790 (I-5) due to accident.,I-5 S,Hornbrook,Siskiyou,CA,2020.0,train
A-6719626,Source1,2,2020-10-14 16:50:30,2020-10-16 00:09:10,1878.6666666666667,Slow traffic lane closed on I-95 S - I-287 E from NY-120 exit [10] to exit [12] due to accident.,Cross Westchester Expy E,Rye,Westchester,NY,2020.0,train
A-6082149,Source1,2,2021-12-27 16:46:00,2021-12-28 23:59:00,1873.0,Accident on UT-90 (US-89/US-91) from US-89/S Main St (W 1100 S/US-91) to US-91 S - US-89 N - US-89 S - US-91 N.,US-89 N,Brigham City,Box Elder,UT,2021.0,validation
A-6723725,Source1,2,2020-12-23 12:17:00,2020-12-24 19:28:00,1871.0,Slow traffic on US-10 E - US-169 S - MN-47 S from Sunfish Lake Blvd (US-169/US-10) to CR-9/Round Lake Blvd (US-10) due to accident., Highway 10 NW,Anoka,Anoka,MN,2020.0,train
A-6412228,Source1,2,2021-02-11 15:52:30,2021-02-12 23:01:00,1868.5,Slow traffic on I-84 W - US-30 W from US-30/Exit 69 (I-84) to US-30/Exit 62 (I-84) due to accident.,US-30 W,Hood River,Hood River,OR,2021.0,validation
A-6996743,Source1,2,2020-06-02 00:54:45,2020-06-03 08:01:08,1866.3833333333334,At Havana-Helix Hwy - Accident., Rothrock Rd,Adams,Umatilla,OR,2020.0,train
A-6897340,Source1,2,2020-11-10 13:09:30,2020-11-11 20:14:00,1864.5,Slow traffic on I-5 S from Bailey Hill Rd/Exit 793 (I-5) to Ditch Creek Rd/Hornbrook Rd/Exit 790 (I-5) due to accident.,I-5 S,Hornbrook,Siskiyou,CA,2020.0,train
A-6654012,Source1,2,2020-11-04 10:01:30,2020-11-05 17:05:30,1864.0,Slow traffic on FL-948 from Milam Dairy Rd/NW 72nd Ave (NW 36th St/Doral Blvd/FL-948) to Curtiss Pkwy/N Red Rd/NW 57th Ave (NW 36th St/FL-948) due to accident., NW 36th St,Miami,Miami-Dade,FL,2020.0,train
A-4561742,Source1,2,2023-02-21 18:07:30,2023-02-23 01:01:43,1854.2166666666667,Travelers can expect the following: Crash in the driving lane with lane blocked eastbound until further notice.,Interstate 90,Clinton,Granite,MT,2023.0,test
A-6447206,Source1,2,2021-02-01 11:15:00,2021-02-02 18:07:04,1852.0666666666666,Incident on E KINGS near WOODLAWN AVE Drive with caution., E Kings Hwy,Shreveport,Caddo,LA,2021.0,validation
A-7528398,Source1,2,2018-08-30 06:14:22,2018-08-31 13:00:00,1845.6333333333334,At CR-18/China Hat Rd - Accident., Knott Rd,Bend,Deschutes,OR,2018.0,train
A-4677385,Source1,2,2022-04-28 12:00:00,2022-04-29 18:45:00,1845.0,Construction on I-40 WB near I-40-BL Expect delays.,I-40,Joseph City,Navajo,AZ,2022.0,calibration
A-6824153,Source1,2,2020-11-29 13:24:54,2020-11-30 20:03:58,1839.0666666666666,A stall has all WB lanes closed traffic will be center median. EB left lane closed. Use caution., E Salmon River Rd,Welches,Clackamas,OR,2020.0,train
A-6066649,Source1,2,2021-07-19 09:24:32,2021-07-20 16:00:00,1835.4666666666667,A crash has occurred causing no to minimum delays. Use caution., Highway 95 S,Jordan Valley,Malheur,OR,2021.0,validation
A-6845927,Source1,2,2020-11-10 16:15:30,2020-11-11 22:48:12,1832.7,Stationary traffic on I-94 E - US-52 E from MN-101/Exit 207 (I-94) to CR-30/95th Ave/Exit 213 (I-94) due to accident.,I-94 E,Maple Grove,Hennepin,MN,2020.0,train
A-5608160,Source1,2,2021-04-02 04:03:30,2021-04-03 10:36:00,1832.5,Stationary traffic on US-50 W from Brentwood Pkwy/Mount Olivet Rd (US-50) to Florida Ave (US-50) due to accident., New York Ave NE,Washington,District of Columbia,DC,2021.0,validation
A-6127147,Source1,2,2021-05-20 04:15:00,2021-05-21 10:39:30,1824.5,Slow traffic on US-92 E - US-17 N - US-92 W - US-17 S - FL-50 from N Ferncreek Ave to Park Lake St due to accident., E Colonial Dr,Orlando,Orange,FL,2021.0,validation
A-4943610,Source1,2,2022-09-21 04:14:00,2022-09-22 10:37:26,1823.4333333333334,Incident on US-17 near OLD PLANTATION DR Drive with caution., Ocean Hwy,Pawleys Island,Georgetown,SC,2022.0,calibration
A-6350343,Source1,2,2021-02-11 15:02:55,2021-02-12 21:23:49,1820.9,A crash has occurred causing no to minimum delays. Use caution.,I-84 E,Arlington,Gilliam,OR,2021.0,validation
A-6687416,Source1,4,2020-09-11 00:51:51,2020-09-12 06:59:00,1807.15,Road OR-226 is closed from Main St (Albany Lyons Hwy/5th St/6th St/OR-226) to Kingston Jordan Rd (Albany Lyons Hwy/OR-226) due to accident landslips. Passable with care., Rashmar Rd,Lyons,Linn,OR,2020.0,train
A-4262609,Source1,4,2022-01-19 10:54:00,2022-01-20 17:00:00,1806.0,South of Hendersonville / Both Directions. The road is closed near Walnut Cove Road., Englewood Dr,Hendersonville,Henderson,NC,2022.0,calibration
A-6191648,Source1,2,2021-12-11 09:52:39,2021-12-12 15:52:00,1799.35,A crash has occurred causing no to minimum delays. Use caution.,Oregon-Washington Hwy,Weston,Umatilla,OR,2021.0,validation
A-4988075,Source1,2,2022-01-24 20:37:49,2022-01-26 02:34:59,1797.1666666666667,Construction on I-90 WB near MP 339 Expect delays.,I-90 W,Livingston,Park,MT,2022.0,calibration
A-6599154,Source1,2,2020-11-09 12:02:00,2020-11-10 17:59:00,1797.0,Slow traffic on FL-826 from FL-7/Florida's Tpke (FL-826) to I-95/US-441 (FL-826) due to accident.,Florida's Tpke S,Miami,Miami-Dade,FL,2020.0,train
A-6618603,Source1,2,2020-12-16 23:02:00,2020-12-18 04:51:06,1789.1,Crash on I-80 westbound between 2 miles west of Exit 185: PA 477 - LOGANTON and 4.4 miles west of Exit 185: PA 477 - LOGANTON. There is a lane restriction.,I-80 W,Loganton,Clinton,PA,2020.0,train
A-6719931,Source1,2,2020-11-20 18:32:52,2020-11-22 00:19:05,1786.2166666666667,Incident on ROAD 130 near ROAD 121 Drive with caution., Road 121,Glendive,Dawson,MT,2020.0,train
A-5249340,Source1,2,2022-12-24 11:10:00,2022-12-25 16:55:00,1785.0,Incident on NC-184 EB near FOX RUN RD Drive with caution., Beech Mountain Pkwy,Banner Elk,Avery,NC,2022.0,calibration
A-4785175,Source1,4,2022-07-28 07:02:00,2022-07-29 12:40:48,1778.8,Construction on AZ-238 WB near S 91ST AVE Road closed. Take alternate route., W Maricopa Rd,Gila Bend,Maricopa,AZ,2022.0,calibration
A-6546984,Source1,2,2021-02-15 01:49:00,2021-02-16 07:24:28,1775.4666666666667,Incident on I-295 NB near BEACH BLVD Drive with caution.,E Beltway N,Jacksonville,Duval,FL,2021.0,validation
A-6749394,Source1,2,2020-12-25 08:21:00,2020-12-26 13:56:14,1775.2333333333333,Incident on SEA HARBOR DR near INTERNATIONAL DR Expect delays.,Sea Harbor Dr,Orlando,Orange,FL,2020.0,train
A-6568768,Source1,2,2021-02-04 00:08:00,2021-02-05 05:42:29,1774.4833333333333,Incident on I-20 EB near HEARNE AVE Expect long delays.,I-20,Shreveport,Caddo,LA,2021.0,validation
A-1058650,Source2,3,2021-05-04 06:00:00,2021-05-05 11:32:19,1772.3166666666666,Entry ramp to I-90 Eastbound from Royal Anne Ave Sw Northbound closed due to emergency repairs.,I-90 E,Quincy,Grant,WA,2021.0,validation
A-5870887,Source1,2,2021-08-22 19:44:00,2021-08-24 01:14:44,1770.7333333333333,Incident on HARDY ST near EXPOSITION AVE Drive with caution.,Hardy St,Shreveport,Caddo,LA,2021.0,validation
A-3908686,Source1,2,2023-01-23 19:58:00,2023-01-25 01:28:03,1770.05,Incident on JONQUIL near DAVID RAINES RD Drive with caution.,Jonquil Dr,Shreveport,Caddo,LA,2023.0,test
A-2451760,Source2,2,2018-11-12 00:37:27,2018-11-13 06:05:00,1767.55,Entry ramp to Tefft St at Exit 179 from US-101 Northbound closed due to wild fire.,US-101 N,Nipomo,San Luis Obispo,CA,2018.0,train
A-6733208,Source1,2,2020-12-08 13:31:30,2020-12-09 18:59:01,1767.5166666666667,Slow traffic on FL-854 from I-95 (FL-854) to US-1/FL-5/Biscayne Blvd (FL-854) due to accident.,NE 203rd St,Miami,Miami-Dade,FL,2020.0,train
A-6798441,Source1,2,2020-12-02 08:33:00,2020-12-03 13:53:51,1760.85,Incident on TOUCAN TRL near MIDDLESEX DR Drive with caution., Toucan Trl,Spring Hill,Hernando,FL,2020.0,train
A-6476163,Source1,2,2021-02-16 06:43:35,2021-02-17 12:00:35,1757.0,Slow traffic on FL-423 from W Taft Vineland Rd to Crystal Glen Blvd due to accident., S John Young Pkwy,Orlando,Orange,FL,2021.0,validation
A-2451758,Source2,2,2018-11-12 00:37:27,2018-11-13 05:54:00,1756.55,Entry ramp to Foxen Ln from US Highway 101 Southbound closed due to wild fire.,US Highway 101,Los Alamos,Santa Barbara,CA,2018.0,train
A-6196484,Source1,2,2021-11-19 02:59:52,2021-11-20 08:11:50,1751.9666666666667,Incident on CAFFREY RD near SKYLINE DR Drive with caution., Caffrey Rd,Polson,Lake,MT,2021.0,validation
A-5603711,Source1,4,2021-07-05 18:50:00,2021-07-06 23:59:24,1749.4,OR-138 - County Hwy-4 is closed from NFD-4711 (OR-138) to NFD-4770 (OR-138) due to accident., N Umpqua Hwy,Idleyld Park,Douglas,OR,2021.0,validation
A-6463306,Source1,2,2021-01-27 22:02:00,2021-01-29 03:11:19,1749.3166666666666,Incident on STONEWALL ST near HEARNE AVE Expect long delays., Stonewall St,Shreveport,Caddo,LA,2021.0,validation
A-6524303,Source1,2,2021-02-14 00:20:30,2021-02-15 05:26:00,1745.5,Slow traffic on I-94 W from US-20/Exit 22 (I-94) to Porter--Lake County Border (I-94) due to accident.,I-94 W,Portage,Porter,IN,2021.0,validation
A-6944341,Source1,4,2020-09-09 17:51:00,2020-09-10 22:51:52,1740.8666666666666,Road OR-126 is closed from Heritage Ln (OR-126) to Millican Rd (OR-126) due to accident., Walterville Ln,Springfield,Lane,OR,2020.0,train
A-7053311,Source1,2,2020-06-23 08:08:17,2020-06-24 13:08:00,1739.7166666666667,At Tumalo Rd/Deschutes Market Rd - Accident.,S Highway 97,Redmond,Deschutes,OR,2020.0,train
A-5459795,Source1,2,2023-01-17 23:18:00,2023-01-19 04:15:00,1737.0,Incident on HICKORY RIDGE RD EB near CEDAR COVE RD Road closed. Take alternate route., Hickory Ridge Rd,Harrisburg,Cabarrus,NC,2023.0,test
A-4506139,Source1,2,2022-07-24 08:19:00,2022-07-25 13:15:00,1736.0,Incident on HORNEYTOWN RD SB near ROBERTS STAR RD Road closed. Take alternate route., N Main St,High Point,Forsyth,NC,2022.0,calibration
A-5616720,Source1,2,2021-07-04 23:20:00,2021-07-06 04:10:58,1730.9666666666667,Incident on WINTERWOOD near PECAN DR Drive with caution., Peach Dr,Shreveport,Caddo,LA,2021.0,validation
A-6216285,Source1,2,2021-09-20 03:38:00,2021-09-21 08:28:45,1730.75,Incident on I-75 SB near MM 220 Drive with caution.,I-75 S,Bradenton,Manatee,FL,2021.0,validation
A-6966312,Source1,4,2020-10-11 22:52:00,2020-10-13 03:42:22,1730.3666666666666,Incident on US-322 WB near PA-144 Road closed. Take alternate route., General Potter Hwy,Spring Mills,Centre,PA,2020.0,train
A-5556048,Source1,2,2021-05-27 04:23:00,2021-05-28 09:13:04,1730.0666666666666,Incident on NW 57TH AVE near NW 65TH PL Drive with caution., NW 65th Pl,Ocala,Marion,FL,2021.0,validation
A-7447947,Source1,2,2019-02-15 19:09:00,2019-02-16 23:59:00,1730.0,At Aspen Dr/Exit 140 - Accident.,I-80 W,Park City,Summit,UT,2019.0,train
A-6411946,Source1,2,2021-02-08 01:49:00,2021-02-09 06:37:56,1728.9333333333334,Incident on YOUREE DR near E WASHINGTON ST Expect long delays., Youree Dr,Shreveport,Caddo,LA,2021.0,validation
A-6944160,Source1,2,2020-12-19 22:40:00,2020-12-21 03:28:56,1728.9333333333334,Incident on E 70TH ST near DIXIE GARDEN DR Expect long delays., Dixie Garden Dr,Shreveport,Caddo,LA,2020.0,train
A-6422796,Source1,2,2021-02-02 00:43:00,2021-02-03 05:31:28,1728.4666666666667,Incident on E FLOURNOY LUCAS RD near YOUREE DR Drive with caution.,E Flournoy Lucas Rd,Shreveport,Caddo,LA,2021.0,validation
A-6389450,Source1,2,2021-01-23 17:31:12,2021-01-24 22:19:00,1727.8,Incident on US-20 EB near MP 185 Drive with caution., Highway 20,Juntura,Malheur,OR,2021.0,validation
A-6315265,Source1,2,2021-03-12 23:47:00,2021-03-14 04:32:31,1725.5166666666667,Incident on WILLIE MAYS near ALDA ST Drive with caution., Willie Mays St,Shreveport,Caddo,LA,2021.0,validation
A-6564936,Source1,2,2021-02-17 05:51:09,2021-02-18 10:33:02,1721.8833333333334,A crash has occurred causing no to minimum delays. Use caution., Highway 395 S,Canyon City,Grant,OR,2021.0,validation
A-5930177,Source1,2,2021-03-14 17:44:00,2021-03-15 22:21:00,1717.0,Incident on I-40 EB near MM 137 Left lane blocked.,I-40,Waverly,Humphreys,TN,2021.0,validation
A-6859929,Source1,2,2020-12-26 00:40:00,2020-12-27 05:08:14,1708.2333333333333,Incident on AUDREY near WILLIE MAYS ST Expect long delays., Audrey Ln,Shreveport,Caddo,LA,2020.0,train
A-6287912,Source1,2,2021-05-30 16:53:00,2021-05-31 21:19:13,1706.2166666666667,Incident on N COMMON ST near N MARKET ST Expect long delays.,N Common St,Shreveport,Caddo,LA,2021.0,validation
A-6494203,Source1,2,2021-01-23 03:53:00,2021-01-24 08:15:46,1702.7666666666667,Incident on PALM RD near STANLEY AVE Drive with caution., Palm Rd,Shreveport,Caddo,LA,2021.0,validation
A-5787706,Source1,2,2021-12-15 11:40:32,2021-12-16 16:01:30,1700.9666666666667,Construction on I-90 EB near MP 331 Road closed. Take alternate route.,I-90 E,Livingston,Park,MT,2021.0,validation
A-5976175,Source1,2,2021-12-26 08:27:32,2021-12-27 12:45:00,1697.4666666666667,Incident on I-580 WB near EXIT 10 Road closed. Take alternate route.,US-395 N,Carson City,Washoe,NV,2021.0,validation
A-6821361,Source1,2,2020-12-20 11:48:14,2020-12-21 16:00:00,1691.7666666666667,High water is causing no to minimum delays. Use caution., Main Ave N,Tillamook,Tillamook,OR,2020.0,train
A-6675471,Source1,2,2020-10-02 02:19:00,2020-10-03 06:28:34,1689.5666666666666,Incident on STONER AVE near GILBERT DR Drive with caution., Marshall St,Shreveport,Caddo,LA,2020.0,train
A-5345336,Source1,2,2022-03-05 21:11:00,2022-03-07 01:18:14,1687.2333333333333,Incident on ST VINCENT near LINCOLN ST Drive with caution., Saint Vincent Ave,Shreveport,Caddo,LA,2022.0,calibration
A-6728703,Source1,2,2020-11-09 14:12:02,2020-11-10 18:18:39,1686.6166666666666,Hazardous debris is causing no to minimum delays. Use caution., SE Paulina Hwy,Prineville,Crook,OR,2020.0,train
A-6971079,Source1,2,2020-11-27 00:44:00,2020-11-28 04:49:48,1685.8,Incident on HOLLYWOOD AVE near HEARNE AVE Drive with caution., Hollywood Ave,Shreveport,Caddo,LA,2020.0,train
A-6877756,Source1,2,2020-10-01 00:35:00,2020-10-02 04:40:16,1685.2666666666667,Incident on I-20 WB near SPRING ST Drive with caution.,I-20 W,Shreveport,Caddo,LA,2020.0,train
A-6624013,Source1,2,2020-11-13 19:24:33,2020-11-14 23:29:47,1685.2333333333333,Slow traffic on Garden State Pkwy N from I-80/Exit 159 (Garden State Pkwy) to Paramus Rd/Exit 160 (Garden State Pkwy) due to accident.,Garden State Pkwy N,Saddle Brook,Bergen,NJ,2020.0,train
A-4845406,Source1,2,2022-07-08 20:58:00,2022-07-10 01:02:32,1684.5333333333333,Incident on E 70TH ST near LINE AVE Drive with caution., E 70th St,Shreveport,Caddo,LA,2022.0,calibration
A-6752404,Source1,2,2020-12-10 03:45:00,2020-12-11 07:49:08,1684.1333333333334,Incident on OLIVE ST near CENTENARY BLVD Drive with caution., Olive St,Shreveport,Caddo,LA,2020.0,train
A-6611834,Source1,2,2020-11-29 14:15:30,2020-11-30 18:19:30,1684.0,Slow traffic on FL-948 from FL-826/Palmetto Expy (NW 36th St/Doral Blvd/FL-948) to Curtiss Pkwy/N Red Rd/NW 57th Ave (NW 36th St/FL-948) due to accident., NW 36th St,Miami,Miami-Dade,FL,2020.0,train
A-6187145,Source1,2,2021-07-31 17:07:00,2021-08-01 21:11:00,1684.0,Incident on W 70TH ST near GREENWOOD RD Drive with caution., Greenwood Rd,Greenwood,Caddo,LA,2021.0,validation
A-7453787,Source1,2,2019-02-25 08:48:17,2019-02-26 12:51:00,1682.7166666666667,At Ochoco Creek Rd/NE Ochoco Hwy - Accident., NE Ochoco Hwy,Prineville,Crook,OR,2019.0,train
A-7707602,Source1,2,2019-04-11 05:26:35,2019-04-12 09:29:00,1682.4166666666667,At Harney/Lake County Line - Accident.,Central Oregon Hwy,Brothers,Harney,OR,2019.0,train
A-6724538,Source1,2,2020-12-26 08:01:00,2020-12-27 12:01:28,1680.4666666666667,Incident on SALEM RD near SHELFER RD Expect delays., Havana Hwy,Havana,Gadsden,FL,2020.0,train
A-4534850,Source1,2,2022-09-01 11:15:00,2022-09-02 15:15:00,1680.0,Incident on US-62 WB near FM-54 Right lane blocked. Expect delays.,S Ralls Hwy,Floydada,Floyd,TX,2022.0,calibration
A-6724465,Source1,2,2020-12-31 02:49:21,2021-01-01 06:49:00,1679.65,High water is causing no to minimum delays. Use caution., Clear Lake Ave,Reedsport,Douglas,OR,2020.0,train
A-7710067,Source1,2,2019-04-16 14:26:22,2019-04-17 18:26:00,1679.6333333333334,At Howell Prairie Rd SE - Accident., Silver Falls Hwy SE,Aumsville,Marion,OR,2019.0,train
A-7257329,Source1,2,2020-02-10 14:00:28,2020-02-11 18:00:00,1679.5333333333333,At OR-207/Exit 182 - Accident.,I-84 W,Stanfield,Umatilla,OR,2020.0,train
A-7382603,Source1,2,2019-11-17 03:00:29,2019-11-18 07:00:00,1679.5166666666667,At Le Page Park/Exit 114 - Accident.,I-84 E,Wasco,Sherman,OR,2019.0,train
A-6456869,Source1,2,2021-02-18 16:25:00,2021-02-19 20:21:03,1676.05,Incident on I-55 NB near MS-330 Left lane blocked.,,Tillatoba,Yalobusha,MS,2021.0,validation
A-6803491,Source1,2,2020-09-26 07:05:00,2020-09-27 11:00:02,1675.0333333333333,Incident on CHESAPEAKE DR near HALFWAY LN Drive with caution., Chesapeake Dr,Odessa,Pasco,FL,2020.0,train
A-7238878,Source1,2,2020-01-25 13:12:08,2020-01-26 17:06:17,1674.15,At Lloyd Blvd/Exit 1 - Accident.,I-84 W,Portland,Multnomah,OR,2020.0,train
A-4775773,Source1,2,2023-01-27 09:51:00,2023-01-28 13:45:00,1674.0,Incident on TX-3 NB near FM-519 Road closed. Take alternate route., Ross St,La Marque,Galveston,TX,2023.0,test
A-5923437,Source1,2,2021-03-19 19:48:00,2021-03-20 23:40:52,1672.8666666666666,Incident on CORBITT near VELVA AVE Drive with caution., Velva St,Shreveport,Caddo,LA,2021.0,validation
A-4960331,Source1,4,2022-08-24 08:54:00,2022-08-25 12:45:00,1671.0,Incident on I-90 EB near MP 267 Road closed. Take alternate route.,I-90 E,Cardwell,Jefferson,MT,2022.0,calibration
A-562154,Source2,2,2022-07-18 04:12:10,2022-07-19 08:00:00,1667.8333333333333,Lane blocked due to crash on AZ-87 both ways between Gilbert Rd and Shea Blvd.,AZ-87,Fort McDowell,Maricopa,AZ,2022.0,calibration
A-6424734,Source1,2,2021-02-12 19:24:00,2021-02-13 23:10:23,1666.3833333333334,Incident on HOLLYWOOD near INTERSTATE DR Drive with caution., Monkhouse Dr,Shreveport,Caddo,LA,2021.0,validation
A-6350334,Source1,2,2021-01-22 00:18:00,2021-01-23 04:03:25,1665.4166666666667,Incident on PINES near MASTERS DR Drive with caution., Pines Rd,Shreveport,Caddo,LA,2021.0,validation
A-5191689,Source1,2,2022-02-21 12:20:27,2022-02-22 16:00:45,1660.3,Incident on I-84 EB near MP 230 Drive with caution.,I-84 E,Meacham,Umatilla,OR,2022.0,calibration
A-6242354,Source1,2,2021-05-19 14:40:00,2021-05-20 18:17:34,1657.5666666666666,Incident on REGAL near YOUREE DR Drive with caution.,Regal Dr,Shreveport,Caddo,LA,2021.0,validation
A-6673274,Source1,2,2020-12-23 12:17:00,2020-12-24 15:53:30,1656.5,Slow traffic on US-10 E - MN-47 S from MN-242/Main St (US-10) to I-35W (US-10) due to accident.,MN-47 S,Minneapolis,Anoka,MN,2020.0,train
A-6441323,Source1,2,2021-02-21 16:08:00,2021-02-22 19:37:42,1649.7,Incident on I-20 EB near PINES RD Drive with caution.,,Shreveport,Caddo,LA,2021.0,validation
A-6742497,Source1,2,2020-11-10 16:15:30,2020-11-11 19:42:00,1646.5,Slow traffic on I-94 E - US-52 E from CR-30/95th Ave/Exit 213 (I-94) to CR-109/Weaver Lake Rd/Exit 215 (I-94) due to accident.,I-94 E,Maple Grove,Hennepin,MN,2020.0,train
A-6726258,Source1,2,2020-09-29 20:26:00,2020-09-30 23:51:55,1645.9166666666667,Incident on WOOLWORTH near SHIRLEY FRANCIS RD Expect long delays., Woolworth Rd,Shreveport,Caddo,LA,2020.0,train
A-6810181,Source1,2,2020-12-23 06:04:00,2020-12-24 09:28:57,1644.95,Incident on FAIRFIELD AVE near COLLEGE ST Drive with caution., Fairfield Ave,Shreveport,Caddo,LA,2020.0,train
A-6455471,Source1,2,2021-02-09 00:42:00,2021-02-10 04:06:56,1644.9333333333334,Incident on LAKESHORE near DILG LEAGUE DR Expect long delays., Dilg League Dr,Shreveport,Caddo,LA,2021.0,validation
A-6717426,Source1,2,2020-12-18 21:43:00,2020-12-20 01:07:38,1644.6333333333334,Incident on VIA near BROADWAY AVE Drive with caution., Via St,Shreveport,Caddo,LA,2020.0,train
A-6729832,Source1,2,2020-09-16 00:44:00,2020-09-17 04:08:19,1644.3166666666666,Incident on LINWOOD AVE near ALMA ST Expect long delays., Linwood Ave,Shreveport,Caddo,LA,2020.0,train
A-6424718,Source1,2,2021-02-20 20:34:00,2021-02-21 23:58:18,1644.3,Incident on HOSSTON VIVIAN near WILLOW LN Drive with caution.,Willow Lane Rd,Hosston,Caddo,LA,2021.0,validation
A-6935666,Source1,2,2020-10-03 22:32:00,2020-10-05 01:56:04,1644.0666666666666,Incident on MANSFIELD near LOLA LN Drive with caution.,Lola Ln,Shreveport,Caddo,LA,2020.0,train
A-6534684,Source1,2,2021-01-17 03:05:00,2021-01-18 06:29:04,1644.0666666666666,Incident on HOLLYWOOD AVE near WALLACE AVE Drive with caution., Bernstein Ave,Shreveport,Caddo,LA,2021.0,validation
A-4668149,Source1,2,2022-09-01 11:46:00,2022-09-02 15:10:03,1644.05,Accident on Central Skwy N - US-101 N - Central Fwy from Vermont St (US-101) to I-80 (US-101).,Central Fwy,San Francisco,San Francisco,CA,2022.0,calibration
A-6850359,Source1,2,2020-12-12 01:49:00,2020-12-13 05:12:55,1643.9166666666667,Incident on PORTLAND AVE near LAUREL ST Drive with caution., Portland Ave,Shreveport,Caddo,LA,2020.0,train
A-6824069,Source1,2,2020-12-02 00:13:00,2020-12-03 03:36:26,1643.4333333333334,Incident on I-49 SB near MAYO RD Drive with caution.,I-49,Shreveport,Caddo,LA,2020.0,train
A-6885816,Source1,2,2020-11-18 05:31:00,2020-11-19 08:54:09,1643.15,Incident on HEARNE AVE near HOLLYWOOD AVE Expect long delays., Hollywood Ave,Shreveport,Caddo,LA,2020.0,train
A-7209308,Source1,2,2020-03-02 12:43:00,2020-03-03 16:06:07,1643.1166666666666,At Rebecca Park Trl - Accident., Ash St,Rockford,Wright,MN,2020.0,train
A-6948934,Source1,2,2020-12-08 00:29:00,2020-12-09 03:51:29,1642.4833333333333,Incident on QUINTON near VELVA AVE Expect long delays., Velva Ave,Shreveport,Caddo,LA,2020.0,train
A-5507748,Source1,2,2021-03-13 16:26:00,2021-03-14 19:47:45,1641.75,Incident on ALEXANDER AVE near MAIN ST Drive with caution., W Alexander Ave,Shreveport,Caddo,LA,2021.0,validation
A-6302663,Source1,2,2021-08-28 19:36:00,2021-08-29 22:53:10,1637.1666666666667,Incident on JAMISON near GEORGE WASHINGTON CARVER AVE Drive with caution., Jamison St,Shreveport,Caddo,LA,2021.0,validation
A-6176425,Source1,2,2021-04-06 18:15:00,2021-04-07 21:31:59,1636.9833333333333,Incident on BURKE ST near MARQUETTE AVE Drive with caution., Manson St,Shreveport,Caddo,LA,2021.0,validation
A-5578162,Source1,2,2021-08-31 12:02:00,2021-09-01 15:18:54,1636.9,Accident from Jolon Dr to Watsonville., Mesa Verde Dr,Watsonville,Santa Cruz,CA,2021.0,validation
A-5619861,Source1,2,2021-07-07 17:44:00,2021-07-08 21:00:15,1636.25,Incident on FERN AVE near PIERREMONT PL Drive with caution., Dogwood Rd,Shreveport,Caddo,LA,2021.0,validation
A-6754254,Source1,2,2020-09-21 12:07:00,2020-09-22 15:22:36,1635.6,Incident on JENNINGS BLVD near EDWARDS RD Expect delays., Jennings Blvd,Port Charlotte,Charlotte,FL,2020.0,train
A-6801355,Source1,2,2020-12-17 13:44:30,2020-12-18 16:59:00,1634.5,Slow traffic on US-50 W - New York Ave W from South Dakota Ave (New York Ave/US-50) to Bladensburg Rd (New York Ave/US-50) due to accident.,New York Ave W,Washington,District of Columbia,DC,2020.0,train
A-6847385,Source1,2,2020-12-29 02:43:00,2020-12-30 05:55:22,1632.3666666666666,Incident on MUSIC CAMP RD near HOUSE 33436 Drive with caution., Music Camp Rd,Running Springs,San Bernardino,CA,2020.0,train
A-6183281,Source1,2,2021-06-18 19:59:00,2021-06-19 23:10:32,1631.5333333333333,Incident on JEWELLA AVE near GREENWOOD RD Drive with caution., Jewella Ave,Shreveport,Caddo,LA,2021.0,validation
A-5501472,Source1,2,2021-07-23 18:32:00,2021-07-24 21:41:54,1629.9,Accident from Kenneth Ave to Arcade Creek Way., Kenneth Ave,Orangevale,Sacramento,CA,2021.0,validation
A-4518213,Source1,4,2022-08-03 15:18:08,2022-08-04 18:27:57,1629.8166666666666,Construction on MT-40 EB near MP 0 Road closed. Take alternate route.,Highway 40 W,Whitefish,Flathead,MT,2022.0,calibration
A-5896890,Source1,2,2021-12-26 08:41:17,2021-12-27 11:49:57,1628.6666666666667,Construction on I-90 EB near MP 298 Road closed. Take alternate route.,I-90 E,Belgrade,Gallatin,MT,2021.0,validation
A-985357,Source2,3,2021-06-28 07:10:05,2021-06-29 10:17:00,1626.9166666666667,Entry ramp to I-94 Westbound from I-75 Northbound closed due to flooding.,Chrysler Expy N,Detroit,Wayne,MI,2021.0,validation
A-6822937,Source1,2,2020-12-15 22:57:00,2020-12-17 02:03:50,1626.8333333333333,Incident on SYCAMORE near WALNUT ST Drive with caution., Dove St,Shreveport,Caddo,LA,2020.0,train
A-6159952,Source1,2,2021-04-06 17:05:00,2021-04-07 20:10:58,1625.9666666666667,Incident on MICHOUD near REDSTONE DR Drive with caution., Michoud St,Shreveport,Caddo,LA,2021.0,validation
A-7455483,Source1,2,2019-02-27 07:37:53,2019-02-28 10:43:50,1625.95,At SW Airport Way/SW Yew Ave/Exit 124 - Accident.,S Highway 97,Redmond,Deschutes,OR,2019.0,train
A-6182281,Source1,2,2021-06-22 13:40:00,2021-06-23 16:44:43,1624.7166666666667,Incident on COTTON near LOUISIANA AVE Expect long delays., Cotton St,Shreveport,Caddo,LA,2021.0,validation
A-6747536,Source1,2,2020-12-23 23:34:00,2020-12-25 02:38:19,1624.3166666666666,Incident on MIDWAY AVE near JEWELLA AVE Expect long delays., Midway St,Shreveport,Caddo,LA,2020.0,train
A-6671913,Source1,2,2020-11-20 06:47:00,2020-11-21 09:51:12,1624.2,Incident on JEWELLA AVE near DOLLARWAY DR Drive with caution., Jewella Ave,Shreveport,Caddo,LA,2020.0,train
A-6576962,Source1,2,2020-11-07 04:33:00,2020-11-08 07:37:03,1624.05,Incident on WILLIS ST near DAVID RAINES RD Drive with caution., Willis St,Shreveport,Caddo,LA,2020.0,train
A-6499961,Source1,2,2021-01-29 00:26:00,2021-01-30 03:29:39,1623.65,Incident on AMELIA AVE near JEWELLA AVE Expect long delays., Lotus Ln,Shreveport,Caddo,LA,2021.0,validation
A-6032872,Source1,2,2021-06-18 20:34:00,2021-06-19 23:37:32,1623.5333333333333,Incident on OLD MOORINGSPORT RD near PINE HILL RD Drive with caution., Old Mooringsport Rd,Shreveport,Caddo,LA,2021.0,validation
A-6413879,Source1,2,2021-01-19 04:30:00,2021-01-20 07:32:37,1622.6166666666666,Incident on KINGSTON RD near CRABAPPLE DR Drive with caution., Kingston Rd,Shreveport,Caddo,LA,2021.0,validation
A-6839581,Source1,2,2020-12-21 01:35:00,2020-12-22 04:37:19,1622.3166666666666,Incident on COLQUITT near WALKER RD Drive with caution., Walker Rd,Shreveport,Caddo,LA,2020.0,train
A-6492289,Source1,2,2021-01-24 23:23:00,2021-01-26 02:25:14,1622.2333333333333,Incident on FERRY LAKE near FURMAN ST Drive with caution., Ferry Lake Rd,Oil City,Caddo,LA,2021.0,validation
A-5958550,Source1,2,2021-08-06 12:03:00,2021-08-07 15:04:33,1621.55,Incident on ABILENE near FAIRFIELD AVE Drive with caution., Fairfield Ave,Shreveport,Caddo,LA,2021.0,validation
A-5451408,Source1,2,2023-01-02 22:20:00,2023-01-04 01:20:58,1620.9666666666667,Incident on PROSPECT near SOUTHERN AVE Drive with caution., Barret St,Shreveport,Caddo,LA,2023.0,test
A-6763263,Source1,2,2020-11-08 10:19:00,2020-11-09 13:19:29,1620.4833333333333,Incident on I-95 NB near MM 376 Drive with caution.,I-95 N,Yulee,Nassau,FL,2020.0,train
A-4354503,Source1,2,2022-01-26 22:26:00,2022-01-28 01:26:08,1620.1333333333334,Incident on WALKER RD near NEWPORT ST Drive with caution., Walker Rd,Shreveport,Caddo,LA,2022.0,calibration
A-6768147,Source1,2,2020-11-03 20:18:38,2020-11-04 23:18:00,1619.3666666666666,A crash has occurred causing no to minimum delays. Use caution., NW Fir Ln,Madras,Jefferson,OR,2020.0,train
A-6412335,Source1,4,2021-02-12 21:00:00,2021-02-13 23:59:00,1619.0,I-84 W - US-30 W is closed from Dalton Pt/Exit 29 (I-84) to Rooster Rock State Park/Exit 25 (I-84) due to accident.,I-84 W,Corbett,Multnomah,OR,2021.0,validation
A-4250753,Source1,2,2022-12-05 04:04:00,2022-12-06 07:02:05,1618.0833333333333,Closed between 79th St/60C and 87th St/Exit 61B - Road closed due to accident.,Dan Ryan Expy S,Chicago,Cook,IL,2022.0,calibration
A-4892411,Source1,2,2022-01-11 10:27:00,2022-01-12 13:24:00,1617.0,Construction on US-191 SB near FS ROAD 8933 Road closed. Take alternate route.,US-191,Clifton,Greenlee,AZ,2022.0,calibration
A-913438,Source2,3,2021-09-02 04:50:03,2021-09-03 07:47:00,1616.95,Entry ramp to NJ-18 Northbound from NJ-79 Northbound closed due to fallen tree.,Dickson Rd,Marlboro,Monmouth,NJ,2021.0,validation
A-6652610,Source1,2,2020-10-28 09:40:00,2020-10-29 12:35:57,1615.95,Incident on PINE RD near SPRING RD Expect delays., Spring Rd,Ocala,Marion,FL,2020.0,train
A-6686198,Source1,2,2020-12-19 06:03:00,2020-12-20 08:58:43,1615.7166666666667,Incident on HAYWOOD PL near MCDANIEL DR Drive with caution., Haywood Pl,Shreveport,Caddo,LA,2020.0,train
A-6553594,Source1,2,2021-02-15 06:39:00,2021-02-16 09:34:30,1615.5,Incident on US-41 near 49TH ST Expect delays., US Highway 41 N,Palmetto,Manatee,FL,2021.0,validation
A-6730651,Source1,2,2020-11-26 08:07:00,2020-11-27 11:02:09,1615.15,Incident on S GOLDENROD RD near TOLEDO ST Drive with caution.,S Goldenrod Rd,Orlando,Orange,FL,2020.0,train
A-4203965,Source1,2,2022-12-01 17:07:00,2022-12-02 20:00:00,1613.0,The shoulder is closed near Little Creek Ridge., Lewis Higgins Dr,Weaverville,Buncombe,NC,2022.0,calibration
A-6329499,Source1,2,2021-04-10 19:11:00,2021-04-11 22:03:26,1612.4333333333334,Incident on UNIVERSITY near GENTILLY DR Drive with caution., Gentilly Dr,Shreveport,Caddo,LA,2021.0,validation
A-6658878,Source1,2,2020-12-24 03:02:00,2020-12-25 05:53:22,1611.3666666666666,Incident on SUNSET near SUN VALLEY CT Drive with caution., Sun Valley Cir,Shreveport,Caddo,LA,2020.0,train
A-6743861,Source1,2,2020-09-25 01:36:00,2020-09-26 04:26:18,1610.3,Incident on CLARICE DR near W 84TH ST Drive with caution., Clarice Dr,Shreveport,Caddo,LA,2020.0,train
A-5946882,Source1,4,2021-03-28 06:30:00,2021-03-29 09:18:55,1608.9166666666667,Construction on AZ-95 SB near RETAIL CENTRE BLVD Road closed. Take alternate route., Highway 95 N,Lake Havasu City,Mohave,AZ,2021.0,validation
A-6201978,Source1,2,2021-03-28 06:30:00,2021-03-29 09:18:55,1608.9166666666667,Construction on AZ-95 SB near RETAIL CENTRE BLVD Road closed. Take alternate route., Highway 95 N,Lake Havasu City,Mohave,AZ,2021.0,validation
A-6917262,Source1,2,2020-12-23 00:00:00,2020-12-24 02:46:52,1606.8666666666666,Incident on SOUTHFIELD near E KINGS HWY Drive with caution.,E Kings Hwy,Shreveport,Caddo,LA,2020.0,train
A-6684866,Source1,2,2020-12-29 21:05:00,2020-12-30 23:51:21,1606.35,Incident on LINE near MERRIMAC DR Drive with caution., Line Ave,Shreveport,Caddo,LA,2020.0,train
A-6926533,Source1,2,2020-12-18 00:06:00,2020-12-19 02:52:19,1606.3166666666666,Incident on S LAKESHORE near WILLOW RIDGE BLVD Drive with caution.,S Lakeshore Dr,Shreveport,Caddo,LA,2020.0,train
A-6516629,Source1,2,2021-01-15 03:37:00,2021-01-16 06:22:50,1605.8333333333333,Secondary Location for B66-010: Avenue 15 / Road 28 1/2 Unincorporated CA 93638,Road 28 1/2,Madera,Madera,CA,2021.0,validation
A-6822421,Source1,2,2020-12-01 02:42:00,2020-12-02 05:27:09,1605.15,Incident on E FLOURNOY LUCAS RD near ASHLEY RIVER RD Drive with caution., E Flournoy Lucas Rd,Shreveport,Caddo,LA,2020.0,train
A-4086784,Source1,4,2023-01-04 21:01:00,2023-01-05 23:46:00,1605.0,Full closure due to Slide Removal between Mendocino County Line and Comminsky Station Viaduct,US-101,Cloverdale,Sonoma,CA,2023.0,test
A-4494384,Source1,4,2022-02-07 07:13:00,2022-02-08 09:58:00,1605.0,Incident on NC-16 WB near WILKES COUNTY LINE Road closed. Take alternate route., NC Highway 16 S,Moravian Falls,Wilkes,NC,2022.0,calibration
A-5275049,Source1,2,2022-02-20 17:25:48,2022-02-21 20:10:35,1604.7833333333333,Travelers can expect the following: Crash intermittent blockage eastbound until further notice. SEMI BLOCKING EB PASSING LANE,I-90 E,Columbus,Stillwater,MT,2022.0,calibration
A-6403546,Source1,2,2021-01-18 23:03:00,2021-01-20 01:47:34,1604.5666666666666,Incident on W 65TH near CLIFT AVE Drive with caution., Clift Ave,Shreveport,Caddo,LA,2021.0,validation
A-6804369,Source1,2,2020-12-25 05:51:56,2020-12-26 08:36:00,1604.0666666666666,Incident on OR-204 EB near MP 4 Expect delays.,Weston Mountain Rd,Weston,Umatilla,OR,2020.0,train
A-4310179,Source1,2,2022-05-18 04:01:00,2022-05-19 06:45:00,1604.0,Incident on GA-141 SB near PEACHTREE RD Expect long delays., Peachtree Industrial Blvd,Atlanta,Dekalb,GA,2022.0,calibration
A-6739146,Source1,2,2020-12-15 02:18:00,2020-12-16 05:01:59,1603.9833333333333,Incident on N MARKET ST near N HEARNE AVE Drive with caution.,N Market St,Shreveport,Caddo,LA,2020.0,train
A-6932895,Source1,2,2020-12-15 02:18:00,2020-12-16 05:01:59,1603.9833333333333,Incident on N MARKET ST near N HEARNE AVE Drive with caution.,N Market St,Shreveport,Caddo,LA,2020.0,train
A-5512910,Source1,2,2021-06-09 16:17:00,2021-06-10 19:00:48,1603.8,Incident on KENNEDY near ESTER ST Drive with caution., Ester St,Shreveport,Caddo,LA,2021.0,validation
A-6401520,Source1,2,2021-01-28 04:49:00,2021-01-29 07:32:22,1603.3666666666666,Incident on EDEN near LINE AVE Drive with caution.,Line Ave,Shreveport,Caddo,LA,2021.0,validation
A-6708634,Source1,2,2020-10-20 21:44:00,2020-10-22 00:27:19,1603.3166666666666,Incident on SANTA MONICA DR near PINES RD Drive with caution.,Santa Monica Blvd,Shreveport,Caddo,LA,2020.0,train
A-5694104,Source1,2,2021-04-14 14:07:00,2021-04-15 16:50:08,1603.1333333333334,Incident on W 76TH near LINWOOD AVE Drive with caution., W 76th St,Shreveport,Caddo,LA,2021.0,validation
A-6835972,Source1,2,2020-12-15 01:10:00,2020-12-16 03:53:00,1603.0,Incident on E KINGS HWY near CLARK ST Drive with caution., E Kings Hwy,Shreveport,Caddo,LA,2020.0,train
A-6742288,Source1,2,2020-12-07 06:30:00,2020-12-08 09:12:15,1602.25,Incident on COLQUITT near FREEMAN DR Drive with caution., Freeman Dr,Keithville,Caddo,LA,2020.0,train
A-6484726,Source1,2,2021-01-22 17:09:50,2021-01-23 19:52:00,1602.1666666666667,A crash has occurred causing no to minimum delays. Use caution., S Highway 97,Redmond,Deschutes,OR,2021.0,validation
A-4417762,Source1,2,2022-07-06 06:48:00,2022-07-07 09:30:05,1602.0833333333333,Incident on E 9TH ST near KADOTA AVE Expect delays., Kadota Ave,Pomona,San Bernardino,CA,2022.0,calibration
A-6972293,Source1,2,2020-11-27 23:14:00,2020-11-29 01:56:01,1602.0166666666667,Incident on ARGYLE near CLIFT AVE Drive with caution., Argyle St,Shreveport,Caddo,LA,2020.0,train
A-5486539,Source1,2,2021-04-04 16:17:00,2021-04-05 18:58:36,1601.6,Incident on COMMON ST near MILAM ST Drive with caution.,Common St,Shreveport,Caddo,LA,2021.0,validation
A-6976400,Source1,2,2020-11-05 23:02:00,2020-11-07 01:43:35,1601.5833333333333,Incident on E 70TH ST near SOUTHERN AVE Drive with caution., E 70th St,Shreveport,Caddo,LA,2020.0,train
A-6909879,Source1,2,2020-12-08 00:31:00,2020-12-09 03:12:29,1601.4833333333333,Incident on N MARKET ST near I-49 Drive with caution.,I-49 N,Shreveport,Caddo,LA,2020.0,train
A-6531736,Source1,2,2021-02-11 14:38:00,2021-02-12 17:19:01,1601.0166666666667,Incident on E KINGS HWY near STRATMORE DR Drive with caution., E Kings Hwy,Shreveport,Caddo,LA,2021.0,validation
A-6653304,Source1,2,2020-10-03 01:12:00,2020-10-04 03:52:49,1600.8166666666666,Incident on PEGGY LN near COLQUITT RD Drive with caution., Peggy Ln,Keithville,Caddo,LA,2020.0,train
A-4526044,Source1,2,2022-03-18 00:38:00,2022-03-19 03:18:40,1600.6666666666667,Incident on E IRLO BRONSON MEMORIAL HWY near CRABGRASS RD Expect delays., E Irlo Bronson Memorial Hwy,Saint Cloud,Osceola,FL,2022.0,calibration
A-6840576,Source1,4,2020-10-13 09:24:00,2020-10-14 12:02:31,1598.5166666666667,Construction on STATE RTE-89A WB near LEGEND HILLS RD Road closed. Take alternate route.,Prescott Jerome Hwy,Cottonwood,Yavapai,AZ,2020.0,train
A-5869924,Source1,2,2021-07-02 14:45:00,2021-07-03 17:22:01,1597.0166666666667,Incident on FIRESIDE near SUMMER GROVE DR Drive with caution., Summer Grove Dr,Shreveport,Caddo,LA,2021.0,validation
A-6427617,Source1,2,2021-01-30 08:29:00,2021-01-31 11:04:58,1595.9666666666667,Incident on SW 8TH ST EB near SW 132ND AVE Road closed. Take alternate route., SW 8th St,Miami,Miami-Dade,FL,2021.0,validation
A-6902575,Source1,2,2020-12-26 08:06:00,2020-12-27 10:41:27,1595.45,Incident on FL-836 WB near NW 27TH AVE Drive with caution.,Dolphin Expy W,Miami,Miami-Dade,FL,2020.0,train
A-6637970,Source1,2,2020-12-16 13:48:34,2020-12-17 16:24:00,1595.4333333333334,Slow traffic on Fort Washington Expy N - PA-309 N from Easton Rd (PA-309) to Paper Mill Rd (PA-309) due to accident.,PA-309 N,Glenside,Montgomery,PA,2020.0,train
A-5540531,Source1,2,2021-03-05 00:02:00,2021-03-06 02:37:26,1595.4333333333334,Incident on FL-836 WB near NW 97TH AVE Drive with caution.,NW 97th Ave,Miami,Miami-Dade,FL,2021.0,validation
A-6770389,Source1,4,2020-09-09 22:34:05,2020-09-11 01:08:32,1594.45,Road OR-224 is closed from OR-211/Woodburn Estacada Hwy (Clackamas Hwy/OR-224) to Faraday Rd (Clackamas Hwy/OR-224) due to accident.,Clackamas Hwy,Estacada,Clackamas,OR,2020.0,train
A-4696655,Source1,2,2022-10-03 14:27:00,2022-10-04 17:01:21,1594.35,Incident on ROSARY LN near CORBITT ST Drive with caution., Corbitt St,Shreveport,Caddo,LA,2022.0,calibration
A-5940299,Source1,2,2021-12-28 09:31:19,2021-12-29 12:05:07,1593.8,Incident on I-80 WB near CORAL RIDGE AVE Drive with caution.,I-80,Coralville,Johnson,IA,2021.0,validation
A-6620878,Source1,2,2020-12-01 00:56:54,2020-12-02 03:30:00,1593.1,A crash has occurred causing no to minimum delays. Use caution.,Highway 20,Juntura,Malheur,OR,2020.0,train
A-4257376,Source1,2,2022-12-29 22:47:00,2022-12-31 01:19:41,1592.6833333333334,Incident on FOUR FORKS near SMALL RD Drive with caution., Four Forks Rd,Keithville,Caddo,LA,2022.0,calibration
A-6432273,Source1,2,2021-02-17 05:08:30,2021-02-18 07:39:00,1590.5,Slow traffic on I-40 E from AR-391/Exit 161 (I-40) to AR-13/Exit 183 (I-40) due to accident.,I-40 E,North Little Rock,Pulaski,AR,2021.0,validation
A-6342475,Source1,2,2021-02-02 23:33:00,2021-02-04 02:03:07,1590.1166666666666,Incident on GILBERT near OCKLEY DR Drive with caution., Gilbert Dr,Shreveport,Caddo,LA,2021.0,validation
A-3963996,Source1,4,2022-03-12 11:59:55,2022-03-13 14:29:58,1590.05,Incident on I-8 WB near VEKOL RD Road closed. Take alternate route.,I-8,Gila Bend,Maricopa,AZ,2022.0,calibration
A-5047197,Source1,2,2022-04-28 08:15:00,2022-04-29 10:45:00,1590.0,Construction on US-59 NB near ELLIS RD Road closed. Take alternate route., US-59,Princeton,Franklin,KS,2022.0,calibration
A-5765823,Source1,2,2021-05-30 13:53:00,2021-05-31 16:22:05,1589.0833333333333,Incident on PINES near JEFFERSON PAIGE RD Drive with caution., Jefferson Paige Rd,Shreveport,Caddo,LA,2021.0,validation
A-6873958,Source1,2,2020-12-15 01:22:00,2020-12-16 03:50:53,1588.8833333333334,Secondary Location for 7-062: GRAHAM RD / SANTA CLARA RD., Armstrong St,Middletown,Lake,CA,2020.0,train
A-6415727,Source1,2,2021-01-26 16:13:16,2021-01-27 18:41:00,1587.7333333333333,Stationary traffic on I-278 W from I-295 (I-278) to Bronx River Ave (Bronx) (South) (I-278) due to accident.,Bruckner Expy W,Bronx,Bronx,NY,2021.0,validation
A-6631354,Source1,2,2020-12-20 14:33:01,2020-12-21 17:00:00,1586.9833333333333,High water. Use an alternate route., SW Deer Creek Flats Rd,Mcminnville,Yamhill,OR,2020.0,train
A-6557198,Source1,2,2021-02-20 21:29:00,2021-02-21 23:55:18,1586.3,Incident on W 86TH near NESOM CT Drive with caution., Joanna Dr,Shreveport,Caddo,LA,2021.0,validation
A-4058555,Source1,2,2022-01-13 20:00:00,2022-01-14 22:26:13,1586.2166666666667,Construction on US-160 EB near BIA-594 Road closed. Take alternate route.,US-160,Teec Nos Pos,Apache,AZ,2022.0,calibration
A-4696868,Source1,2,2022-04-21 00:01:00,2022-04-22 02:26:53,1585.8833333333334,Incident on I-95 SB near MARINA MILE BLVD Right lane blocked. Expect delays.,W State Road 84,Fort Lauderdale,Broward,FL,2022.0,calibration
A-4957081,Source1,2,2022-03-11 09:06:08,2022-03-12 11:32:00,1585.8666666666666,Construction on E HWY 64-51 EXPY WB near HOUSE 2401 Drive with caution.,US-64,Tulsa,Tulsa,OK,2022.0,calibration
A-6088371,Source1,2,2021-08-09 16:31:00,2021-08-10 18:56:08,1585.1333333333334,Incident on CLAIBORNE AVE near MANSFIELD RD Drive with caution.,Mansfield Rd,Shreveport,Caddo,LA,2021.0,validation
A-5581970,Source1,2,2021-07-21 16:56:00,2021-07-22 19:19:01,1583.0166666666667,Incident on NEWCASTLE near SHANNON DR Drive with caution., Stone Ridge Dr,Shreveport,Caddo,LA,2021.0,validation
A-6948756,Source1,2,2020-10-28 22:32:00,2020-10-30 00:54:52,1582.8666666666666,Incident on LINE AVE near ROBINSON PL Drive with caution., Line Ave,Shreveport,Caddo,LA,2020.0,train
A-6723917,Source1,2,2020-12-03 01:47:00,2020-12-04 04:09:44,1582.7333333333333,Incident on MERIWETHER near W 70TH ST Drive with caution., W 70th St,Shreveport,Caddo,LA,2020.0,train
A-5501424,Source1,2,2021-06-12 20:28:00,2021-06-13 22:50:40,1582.6666666666667,Incident on W ALEXANDER near WILLIAMS ST Drive with caution., W Alexander Ave,Shreveport,Caddo,LA,2021.0,validation
A-6015691,Source1,2,2021-06-02 17:32:00,2021-06-03 19:54:38,1582.6333333333334,Incident on BERT KOUNS INDUSTRIAL near DEAN RD Drive with caution., Bert Kouns Industrial Loop Expy,Shreveport,Caddo,LA,2021.0,validation
A-5667441,Source1,2,2021-08-03 13:38:00,2021-08-04 16:00:08,1582.1333333333334,Incident on E 84TH ST near FAIRFIELD AVE Drive with caution., E 84th St,Shreveport,Caddo,LA,2021.0,validation
A-6752010,Source1,2,2020-09-13 20:10:00,2020-09-14 22:31:35,1581.5833333333333,Incident on W 67TH near WALLACE AVE Drive with caution., W 67th St,Shreveport,Caddo,LA,2020.0,train
A-6912413,Source1,2,2020-09-11 06:11:00,2020-09-12 08:32:34,1581.5666666666666,Incident on CENTENARY BLVD near STONER AVE Drive with caution., Stoner Ave,Shreveport,Caddo,LA,2020.0,train
A-6513450,Source1,2,2021-02-06 02:07:00,2021-02-07 04:28:06,1581.1,Incident on SOUTHERN LOOP near I-49 Drive with caution.,Southern Loop,Shreveport,Caddo,LA,2021.0,validation
A-6972866,Source1,2,2020-11-23 05:37:00,2020-11-24 07:58:04,1581.0666666666666,Incident on I-20 EB near MARKET ST Drive with caution.,I-20 E,Shreveport,Caddo,LA,2020.0,train
A-6929663,Source1,2,2020-10-03 16:52:00,2020-10-04 19:10:59,1578.9833333333333,Incident on LINE near E 66TH ST Drive with caution., Line Ave,Shreveport,Caddo,LA,2020.0,train
A-6063497,Source1,2,2021-07-01 19:34:00,2021-07-02 21:51:54,1577.9,Construction on I-76 WB near MP 31 Expect long delays.,I-76 W,Warrendale,Allegheny,PA,2021.0,validation
A-5998895,Source1,4,2021-08-02 16:59:05,2021-08-03 19:16:40,1577.5833333333333,Construction on I-35 NB near KS-131 Road closed. Take alternate route.,I-35,Lebo,Coffey,KS,2021.0,validation
A-4803340,Source1,2,2022-04-12 13:41:46,2022-04-13 15:59:21,1577.5833333333333,Travelers can expect the following: Crash blockage slideoff and road blocked westbound until further notice. semi blocking westbound lanes prepare to stop,US-12 W,Rosebud,Rosebud,MT,2022.0,calibration
A-4171800,Source1,2,2022-03-08 16:41:58,2022-03-09 18:59:10,1577.2,Construction on AZ-79 SB near FANNIN-MCFARLAND AQUEDUCT Road closed. Take alternate route., N Highway 79,Superior,Pinal,AZ,2022.0,calibration
A-6062306,Source1,2,2021-12-03 10:28:00,2021-12-04 12:45:00,1577.0,Incident on I-75 SB near GA-61 Road closed. Take alternate route.,Old Grassdale Rd NE,Cartersville,Bartow,GA,2021.0,validation
A-4701547,Source1,2,2023-01-24 10:48:00,2023-01-25 13:04:41,1576.6833333333334,Incident on VAN BUREN BLVD near WASHINGTON ST Drive with caution., Van Buren Blvd,Riverside,Riverside,CA,2023.0,test
A-3972847,Source1,2,2022-11-23 12:09:33,2022-11-24 14:25:33,1576.0,Construction on DENVER AVE near HOUSE 1200 Drive with caution.,S Denver Ave,Tulsa,Tulsa,OK,2022.0,calibration
A-6771585,Source1,2,2020-12-02 08:33:00,2020-12-03 10:48:49,1575.8166666666666,Incident on LITTLE RD near KIOWA DR Drive with caution., Little Rd,New Port Richey,Pasco,FL,2020.0,train
A-6728971,Source1,2,2020-12-02 08:33:00,2020-12-03 10:48:49,1575.8166666666666,Incident on FL-826 WB near NW 27TH AVE Expect delays.,SR-826,Opa-Locka,Miami-Dade,FL,2020.0,train
A-4168053,Source1,2,2022-05-24 23:49:08,2022-05-26 02:04:49,1575.6833333333334,Construction on N 95TH ST WB near E APACHE TRL Road closed. Take alternate route., E Avalon St,Mesa,Maricopa,AZ,2022.0,calibration
A-6715745,Source1,2,2020-10-17 04:46:00,2020-10-18 07:01:17,1575.2833333333333,Construction on US-60 WB near PRIMITIVE RD Road closed. Take alternate route.,AZ-77,Peridot,Gila,AZ,2020.0,train
A-5863858,Source1,2,2021-05-22 22:48:00,2021-05-24 01:00:39,1572.65,Incident on GREENWOOD near MISSOURI AVE Drive with caution., Greenwood Rd,Shreveport,Caddo,LA,2021.0,validation
A-6457566,Source1,2,2021-01-06 00:41:00,2021-01-07 02:53:14,1572.2333333333333,Incident on LINWOOD AVE near LEVY ST Drive with caution., Wilkinson St,Shreveport,Caddo,LA,2021.0,validation
A-6438630,Source1,2,2021-02-11 07:32:00,2021-02-12 09:44:00,1572.0,Incident on I-35W SB near NORTHSIDE DR Road closed. Take alternate route.,I-35W Express Toll,Fort Worth,Tarrant,TX,2021.0,validation
A-6437288,Source1,2,2021-02-11 07:32:00,2021-02-12 09:44:00,1572.0,Incident on I-35W SB near NORTHSIDE DR Road closed. Take alternate route.,I-35W,Fort Worth,Tarrant,TX,2021.0,validation
A-2444353,Source2,2,2018-11-08 02:07:31,2018-11-09 04:18:00,1570.4833333333333,Entry ramp to US-101 Southbound from S Moorpark Rd closed due to police incident.,US-101 S,Westlake Village,Ventura,CA,2018.0,train
A-5950826,Source1,4,2021-12-01 19:32:00,2021-12-02 21:42:07,1570.1166666666666,Hazard @ Walker Road closed between Wynwood Avenue and Ecole Avenue -- Impact: Closure, SW Ecole Ave,Beaverton,Washington,OR,2021.0,validation
A-6778483,Source1,2,2020-10-29 18:27:00,2020-10-30 20:35:54,1568.9,Construction on I-10 EB near QUARTZSITE Road closed. Take alternate route.,US-95 S,Quartzsite,La Paz,AZ,2020.0,train
A-6681215,Source1,2,2020-09-18 19:47:00,2020-09-19 21:55:36,1568.6,Incident on CA-20 EB near HOUSE 1530 Expect delays., E State Highway 20,Nice,Lake,CA,2020.0,train
A-3819708,Source1,2,2022-11-14 12:40:00,2022-11-15 14:48:04,1568.0666666666666,Incident on CHATEAU near CLASSIC CIR Drive with caution., Chateau Dr,Shreveport,Caddo,LA,2022.0,calibration
A-6228671,Source1,2,2021-07-30 14:21:00,2021-07-31 16:28:32,1567.5333333333333,Incident on YORK near ROITAN DR Drive with caution., York Loop,Shreveport,Caddo,LA,2021.0,validation
A-4600124,Source1,2,2023-01-25 01:30:00,2023-01-26 03:37:28,1567.4666666666667,Construction on US-191 SB near BIA-9205 Road closed. Take alternate route., US Highway 191,Ganado,Apache,AZ,2023.0,test
A-5068236,Source1,2,2022-08-01 06:16:08,2022-08-02 08:23:25,1567.2833333333333,Incident on MD-410 EB near BROOKVILLE RD Road closed. Take alternate route., Rocton Ave,Chevy Chase,Montgomery,MD,2022.0,calibration
A-4478289,Source1,2,2023-01-22 18:48:00,2023-01-23 20:54:40,1566.6666666666667,Incident on DR MARTIN LUTHER KING JR near IONE ST Drive with caution., Dr Martin Luther King Dr,Shreveport,Caddo,LA,2023.0,test
A-4751318,Source1,2,2022-06-05 13:07:00,2022-06-06 15:13:32,1566.5333333333333,Construction on US-70 EB near AZ-170 Road closed. Take alternate route.,US-70 E,Peridot,Gila,AZ,2022.0,calibration
A-6536946,Source1,2,2021-01-06 15:59:32,2021-01-07 18:06:00,1566.4666666666667,Slow traffic on FL-7 - US-441 N - FL-860 from US-441 to NW 2nd Ct due to accident.,NW 2nd Ave,Miami,Miami-Dade,FL,2021.0,validation
A-5966243,Source1,2,2021-12-13 12:14:00,2021-12-14 14:19:52,1565.8666666666666,Incident on E BERT KOUNS INDUSTRIAL near FERN AVE Drive with caution., Fern Ave,Shreveport,Caddo,LA,2021.0,validation
A-4474206,Source1,2,2022-11-09 16:53:00,2022-11-10 18:58:28,1565.4666666666667,Incident on N HEARNE near HAWN AVE Drive with caution.,N Hearne Ave,Shreveport,Bossier,LA,2022.0,calibration
A-4535441,Source1,2,2022-12-21 00:02:00,2022-12-22 02:07:13,1565.2166666666667,Incident on NE 30TH ST near NE 53RD TER Drive with caution., NE 30th St,High Springs,Gilchrist,FL,2022.0,calibration
A-6934003,Source1,2,2020-09-24 21:03:00,2020-09-25 23:08:12,1565.2,Incident on KENT near MORNINGSIDE DR Drive with caution., Corbitt St,Shreveport,Caddo,LA,2020.0,train
A-6002826,Source1,4,2021-08-22 18:55:00,2021-08-23 20:59:46,1564.7666666666667,Construction on I-110 NB near LA-408 Road closed. Take alternate route.,I-110 N,Baton Rouge,East Baton Rouge,LA,2021.0,validation
A-4159956,Source1,2,2022-12-05 09:58:30,2022-12-06 12:02:33,1564.05,Construction on I-90 WB near MP 434 Expect delays.,I-90 W,Park City,Stillwater,MT,2022.0,calibration
A-4377905,Source1,2,2022-02-20 19:09:49,2022-02-21 21:13:36,1563.7833333333333,Travelers can expect the following: Crash blockage jackknife with on ramp closed westbound until further notice. SEMI BLOCKING WESTBOUND REED-POINT ON-RAMP. EXPECT DELAYS. USE CAUTION AND WATCH FOR EMERGENCY PERSONNEL AND VEHICLES.,I-90 W,Reed Point,Stillwater,MT,2022.0,calibration
A-3899919,Source1,2,2022-12-09 13:37:00,2022-12-10 15:39:46,1562.7666666666667,Incident on I-220 WB near JEFFERSON PAIGE RD Drive with caution.,I-220 W,Shreveport,Caddo,LA,2022.0,calibration
A-6930333,Source1,2,2020-11-24 00:11:00,2020-11-25 02:13:32,1562.5333333333333,VEH ENTERED IN SVS - SDJ - FCN# 5552032803876, Lower Little Shasta Rd,Montague,Siskiyou,CA,2020.0,train
A-6950132,Source1,2,2020-11-23 02:38:00,2020-11-24 04:40:02,1562.0333333333333,Incident on KENNEDY DR near HOLLYWOOD AVE Drive with caution., Hollywood Ave,Shreveport,Caddo,LA,2020.0,train
A-5883396,Source1,2,2021-06-22 17:13:00,2021-06-23 19:14:45,1561.75,Incident on GROVE near PENICK ST Drive with caution., Grove St,Shreveport,Caddo,LA,2021.0,validation
A-5178300,Source1,2,2022-02-18 19:12:00,2022-02-19 21:13:45,1561.75,Incident on SHREVEPORT BARKSDALE near KNIGHT ST Drive with caution., Shreveport Barksdale Hwy,Shreveport,Caddo,LA,2022.0,calibration
A-6878355,Source1,2,2020-11-13 23:28:00,2020-11-15 01:29:32,1561.5333333333333,Incident on TRAVIS ST near SPRING ST Drive with caution., Travis St,Shreveport,Caddo,LA,2020.0,train
A-4175645,Source1,2,2022-01-18 10:30:22,2022-01-19 12:31:43,1561.35,Construction on I-90 WB near MP 467 Expect long delays.,I-90 W,Huntley,Yellowstone,MT,2022.0,calibration
A-6859095,Source1,2,2020-11-15 22:53:00,2020-11-17 00:54:06,1561.1,Incident on TRAVIS near MARSHALL ST Expect long delays., Travis St,Shreveport,Caddo,LA,2020.0,train
A-6531717,Source1,2,2021-02-11 13:45:00,2021-02-12 15:46:00,1561.0,Incident on LINWOOD near W KIRBY PL Drive with caution., Linwood Ave,Shreveport,Caddo,LA,2021.0,validation
A-6702831,Source1,2,2020-11-26 23:13:00,2020-11-28 01:13:45,1560.75,Incident on LINE AVE near SOUTHFIELD RD Drive with caution., Line Ave,Shreveport,Caddo,LA,2020.0,train
A-6130548,Source1,2,2021-08-26 00:54:00,2021-08-27 02:54:29,1560.4833333333333,Incident on BEATRICE DR near LOCKSLEY AVE Expect delays., Beatrice Dr,Orlando,Orange,FL,2021.0,validation
A-4493712,Source1,2,2022-06-12 00:01:00,2022-06-13 02:01:26,1560.4333333333334,Incident on CLINTON AVE near CIR Expect delays.,Cove Ln,Dade City,Pasco,FL,2022.0,calibration
A-6886643,Source1,2,2020-10-26 00:17:00,2020-10-27 02:17:22,1560.3666666666666,Incident on JEWELLA AVE near JUDSON ST Drive with caution., Jewella Ave,Shreveport,Caddo,LA,2020.0,train
A-6170670,Source1,2,2021-10-17 00:05:00,2021-10-18 02:05:09,1560.15,Incident on VAN AKEN DR near MITCHELL RD Drive with caution., Van Aken Dr,Orlando,Orange,FL,2021.0,validation
A-5868856,Source1,2,2021-10-17 00:05:00,2021-10-18 02:05:09,1560.15,Incident on MOON LAKE RD near GOLDEN VALLEY DR Drive with caution., Moon Lake Rd,New Port Richey,Pasco,FL,2021.0,validation
A-6041637,Source1,2,2021-10-17 00:05:00,2021-10-18 02:05:09,1560.15,Incident on N OLD LAKE WILSON RD near FAIRFAX DR Road closed. Take alternate route., N Old Lake Wilson Rd,Kissimmee,Osceola,FL,2021.0,validation
A-5692148,Source1,2,2021-05-08 13:39:00,2021-05-09 15:39:08,1560.1333333333334,Incident on W 72ND ST near UNION AVE Drive with caution., Clift Ave,Shreveport,Caddo,LA,2021.0,validation
A-6620994,Source1,2,2020-10-31 21:34:00,2020-11-01 23:33:49,1559.8166666666666,Incident on CRESWELL near COLLEGE ST Drive with caution., Creswell Ave,Shreveport,Caddo,LA,2020.0,train
A-6942138,Source1,2,2020-11-26 06:41:15,2020-11-27 08:41:00,1559.75,Incident on US-71 NB near LINWOOD BLVD Right lane blocked. Expect delays.,E 35th St,Kansas City,Jackson,MO,2020.0,train
A-6445456,Source1,2,2021-02-13 19:53:00,2021-02-14 21:52:39,1559.65,Incident on I-20 EB near LINE AVE Drive with caution.,I-20,Bossier City,Bossier,LA,2021.0,validation
A-6861965,Source1,2,2020-10-08 23:06:00,2020-10-10 01:05:33,1559.55,Incident on LINE near KINGS HWY Drive with caution., Kings Hwy,Shreveport,Caddo,LA,2020.0,train
A-6619000,Source1,2,2020-10-30 22:37:00,2020-11-01 00:36:30,1559.5,Incident on RUTLEDGE near SALLY ST Drive with caution., Sally St,Shreveport,Caddo,LA,2020.0,train
A-5077956,Source1,2,2022-08-04 17:53:00,2022-08-05 19:52:28,1559.4666666666667,Incident on ARCHER near YOUREE DR Drive with caution., Archer Ave,Shreveport,Caddo,LA,2022.0,calibration
A-6927179,Source1,2,2020-10-21 00:31:00,2020-10-22 02:30:22,1559.3666666666666,Incident on E 70TH near THORNHILL AVE Drive with caution., E 70th St,Shreveport,Caddo,LA,2020.0,train
A-6615349,Source1,2,2020-12-05 06:21:00,2020-12-06 08:20:19,1559.3166666666666,NB JSO. CORR LN 69 ** CHP DOESNT NEED TO GO TO DIXON // RO OF BLK PK LAST OF NUNES IS 97 W/ DAVIS PD [Shared],CA-113 N,Davis,Yolo,CA,2020.0,train
A-6349127,Source1,2,2021-01-12 17:42:00,2021-01-13 19:40:33,1558.55,Incident on TEXAS near HOPE ST Drive with caution., Texas Ave,Shreveport,Caddo,LA,2021.0,validation
A-6763375,Source1,2,2020-10-21 13:34:00,2020-10-22 15:32:26,1558.4333333333334,Construction on LA-56 EB near S CENTRAL BLVD Road closed. Take alternate route., Highway 56,Chauvin,Terrebonne,LA,2020.0,train
A-6630750,Source1,2,2020-10-21 13:34:00,2020-10-22 15:32:26,1558.4333333333334,Construction on LA-56 WB near S CENTRAL BLVD Road closed. Take alternate route., Highway 56,Chauvin,Terrebonne,LA,2020.0,train
A-6755507,Source1,2,2020-11-25 03:18:00,2020-11-26 05:16:13,1558.2166666666667,Incident on PINE HILL near I-49 Drive with caution.,I-49 N,Shreveport,Caddo,LA,2020.0,train
A-5810233,Source1,2,2021-10-07 19:41:00,2021-10-08 21:39:07,1558.1166666666666,Incident on SPRING ST near ROOK ST Drive with caution., Market St,Shreveport,Caddo,LA,2021.0,validation
A-6846736,Source1,2,2020-12-22 07:04:00,2020-12-23 09:01:40,1557.6666666666667,Incident on MELROSE near LINWOOD AVE Drive with caution., Linwood Ave,Shreveport,Caddo,LA,2020.0,train
A-5676003,Source1,2,2021-12-09 04:18:00,2021-12-10 06:14:05,1556.0833333333333,Construction on AZ-89 SB near FS ROAD 54 Road closed. Take alternate route., S State Route 69,Yarnell,Yavapai,AZ,2021.0,validation
A-6845531,Source1,2,2020-12-12 08:01:00,2020-12-13 09:56:49,1555.8166666666666,Incident on BEARSS AVE near I-275 Drive with caution.,E Bearss Ave,Tampa,Hillsborough,FL,2020.0,train
A-5119241,Source1,2,2022-06-29 00:11:00,2022-06-30 02:06:47,1555.7833333333333,Incident on WATERWAY CT near TROPICAL DR Drive with caution., Waterway Ct,Orlando,Orange,FL,2022.0,calibration
A-5698619,Source1,2,2021-04-04 00:01:00,2021-04-05 01:56:45,1555.75,Incident on ROWAN RD near GIBRALTAR AVE Expect delays., Rowan Rd,New Port Richey,Pasco,FL,2021.0,validation
A-5049892,Source1,2,2022-11-11 20:57:06,2022-11-12 22:52:47,1555.6833333333334,Construction on 25TH ST near HOUSE 11300 Drive with caution., E 25th St S,Tulsa,Tulsa,OK,2022.0,calibration
A-6117427,Source1,2,2021-10-06 00:14:00,2021-10-07 02:09:37,1555.6166666666666,Incident on S APOPKA VINELAND RD near LYNCH COURT DR Right lane blocked. Expect delays.,Lynch Dr,Orlando,Orange,FL,2021.0,validation
A-6400696,Source1,2,2021-01-07 08:02:00,2021-01-08 09:57:37,1555.6166666666666,Incident on I-95 NB near HALLANDALE BEACH BLVD Drive with caution.,I-95 N,Miami,Miami-Dade,FL,2021.0,validation
A-6283789,Source1,2,2021-03-09 00:58:30,2021-03-10 02:54:00,1555.5,Slow traffic on Golden State Fwy S - I-5 S from Templin Hwy (I-5) to Lake Hughes Rd (I-5) due to accident.,Golden State Fwy S,Castaic,Los Angeles,CA,2021.0,validation
A-6873045,Source1,2,2020-12-26 09:21:00,2020-12-27 11:16:29,1555.4833333333333,Incident on FL-91 SB near MM 52 Drive with caution.,Florida's Tpke,Hollywood,Broward,FL,2020.0,train
A-4326650,Source1,2,2022-03-20 01:34:00,2022-03-21 03:29:15,1555.25,Incident on VELDA DAIRY RD near WOOD GREEN WAY Expect delays., Wood Green Way,Tallahassee,Leon,FL,2022.0,calibration
A-4039158,Source1,2,2022-11-22 05:01:17,2022-11-23 06:56:11,1554.9,Construction on YORKTOWN AVE near HOUSE 6914 Expect delays.,,Tulsa,Tulsa,OK,2022.0,calibration
A-5049561,Source1,2,2022-06-12 02:24:00,2022-06-13 04:18:41,1554.6833333333334,Accident from Nicasio Valley Rd to Old Rancheria Rd., Nicasio Valley Rd,Nicasio,Marin,CA,2022.0,calibration
A-4319571,Source1,2,2022-12-18 19:01:00,2022-12-19 20:55:21,1554.35,Incident on NORRIS FERRY near ELLERBE RD Drive with caution., Ellerbe Rd,Shreveport,Caddo,LA,2022.0,calibration
A-5005054,Source1,2,2022-12-18 19:01:00,2022-12-19 20:55:21,1554.35,Incident on NORRIS FERRY near ELLERBE RD Drive with caution.,Norris Ferry Rd,Shreveport,Caddo,LA,2022.0,calibration
A-3994739,Source1,2,2022-12-25 18:38:52,2022-12-26 20:32:53,1554.0166666666667,Construction on E HWY 64-51 EXPY near HOUSE 9001 Expect delays.,Broken Arrow Expy,Tulsa,Tulsa,OK,2022.0,calibration
A-3965813,Source1,2,2022-03-12 11:54:00,2022-03-13 13:48:00,1554.0,Incident on YUCCA ST near HOUSE 21512 Drive with caution., Yucca St,Perris,Riverside,CA,2022.0,calibration
A-3895445,Source1,2,2023-01-30 19:25:00,2023-01-31 21:18:47,1553.7833333333333,Construction on I-17 SB near DUNLAP AVE Road closed. Take alternate route.,W Peoria Ave,Phoenix,Maricopa,AZ,2023.0,test
A-4536556,Source1,2,2022-11-19 22:11:00,2022-11-21 00:04:42,1553.7,Incident on WASSON near NORTHWOOD LN Drive with caution., Wasson Rd,Shreveport,Caddo,LA,2022.0,calibration
A-4763502,Source1,2,2022-02-14 04:01:17,2022-02-15 05:54:58,1553.6833333333334,Travelers can expect the following: Crash blockage and road blocked with detour and no passing until further notice. Crash. Approach with caution and lookout for EMS personnel. ALTERNATE ROUTE ADVISEDEB USE S-279WB USE US 287, E MT Highway 200,Canyon Creek,Lewis and Clark,MT,2022.0,calibration
A-6424437,Source1,2,2021-01-03 19:41:08,2021-01-04 21:34:47,1553.65,Incident on MT-44 near FRONTIER RD Expect delays., Valier Hwy,Valier,Pondera,MT,2021.0,validation
A-5257345,Source1,2,2023-01-19 19:26:50,2023-01-20 21:19:56,1553.1,Construction on MEMORIAL DR near HOUSE 3700 Drive with caution.,E 37th St,Tulsa,Tulsa,OK,2023.0,test
A-3932336,Source1,2,2022-07-18 23:24:00,2022-07-20 01:17:06,1553.1,Incident on NICHOLSON near WALLACE AVE Drive with caution., Wallace Ave,Shreveport,Caddo,LA,2022.0,calibration
A-5781885,Source1,4,2021-05-21 21:30:00,2021-05-22 23:22:36,1552.6,Construction on US-89 NB near SPIDER WEB RANCH RD Road closed. Take alternate route., N US Highway 89,Flagstaff,Coconino,AZ,2021.0,validation
A-3959621,Source1,2,2022-12-22 20:11:34,2022-12-23 22:04:00,1552.4333333333334,Construction on MAIN ST near HOUSE 1611 Expect delays.,E Queen St,Tulsa,Tulsa,OK,2022.0,calibration
A-4542960,Source1,2,2023-01-05 18:20:20,2023-01-06 20:12:34,1552.2333333333333,Construction on HARVARD AVE near HOUSE 1504 Expect delays., N Harvard Ave,Tulsa,Tulsa,OK,2023.0,test
A-4919337,Source1,2,2023-01-05 06:36:24,2023-01-06 08:28:04,1551.6666666666667,Construction on 41ST ST near HOUSE 19009 Expect delays., E 41st St S,Tulsa,Tulsa,OK,2023.0,test
A-3895481,Source1,2,2022-12-31 20:16:55,2023-01-01 22:08:22,1551.45,Construction on HARVARD AVE near HOUSE 5600 Drive with caution., S Harvard Ave,Tulsa,Tulsa,OK,2022.0,calibration
A-6028825,Source1,2,2021-11-12 10:06:12,2021-11-13 11:57:37,1551.4166666666667,Construction on PINE ST near HOUSE 11500 Expect delays., E Pine St,Tulsa,Tulsa,OK,2021.0,validation
A-5759382,Source1,2,2021-12-26 16:56:04,2021-12-27 18:47:20,1551.2666666666667,Construction on W KEYSTONE EXPY near HOUSE 1301 Expect delays.,Keystone Expy W,Tulsa,Tulsa,OK,2021.0,validation
A-5438244,Source1,2,2022-11-11 15:31:30,2022-11-12 17:22:44,1551.2333333333333,Construction on DENVER AVE near HOUSE 1400 Expect delays., N Denver Ave,Tulsa,Tulsa,OK,2022.0,calibration
A-4835165,Source1,2,2023-02-07 17:13:00,2023-02-08 19:04:02,1551.0333333333333,Accident on N Benton Way from Hyans St to W Temple St., N Benton Way,Los Angeles,Los Angeles,CA,2023.0,test
A-5381090,Source1,2,2022-11-14 17:27:14,2022-11-15 19:18:14,1551.0,Construction on 112TH E AVE near HOUSE 2511 Expect delays., E 25th St S,Tulsa,Tulsa,OK,2022.0,calibration
A-4050651,Source1,2,2023-01-26 05:34:19,2023-01-27 07:25:17,1550.9666666666667,Construction on MEMORIAL DR near HOUSE 4900 Expect delays.,E 49th St,Tulsa,Tulsa,OK,2023.0,test
A-3993651,Source1,2,2022-01-22 19:33:15,2022-01-23 21:24:10,1550.9166666666667,Construction on 91ST ST near HOUSE 2800 Expect delays., E 91st St,Tulsa,Tulsa,OK,2022.0,calibration
A-5571277,Source1,2,2021-12-28 11:47:46,2021-12-29 13:38:41,1550.9166666666667,Construction on 97TH PL near HOUSE 8100 Drive with caution., E 97th Pl,Tulsa,Tulsa,OK,2021.0,validation
A-4590879,Source1,2,2023-01-25 15:05:27,2023-01-26 16:55:56,1550.4833333333333,Construction on 36TH ST near HOUSE 350 Expect delays.,W 36th St N,Tulsa,Tulsa,OK,2023.0,test
A-3953407,Source1,2,2022-12-20 10:59:27,2022-12-21 12:49:53,1550.4333333333334,Construction on 57TH W AVE near HOUSE 2100 Drive with caution.,Gilcrease Expy,Tulsa,Tulsa,OK,2022.0,calibration
A-4330361,Source1,2,2022-12-14 05:32:46,2022-12-15 07:23:07,1550.35,Construction on 31ST ST near HOUSE 22500 Expect delays.,E 31st St S,Broken Arrow,Wagoner,OK,2022.0,calibration
A-3855012,Source1,2,2022-09-08 16:19:00,2022-09-09 18:09:16,1550.2666666666667,Incident on N HEARNE AVE near N THOMAS DR Drive with caution., N Hearne Ave,Shreveport,Bossier,LA,2022.0,calibration
A-4455655,Source1,2,2022-01-28 13:43:57,2022-01-29 15:34:07,1550.1666666666667,Construction on UTICA AVE near HOUSE 7315 Drive with caution., S Victor Ave,Tulsa,Tulsa,OK,2022.0,calibration
A-5319133,Source1,2,2021-12-30 22:26:01,2022-01-01 00:16:10,1550.15,Construction on LEWIS AVE near HOUSE 900 Expect delays., N Lewis Ave,Tulsa,Tulsa,OK,2021.0,validation
A-5016669,Source1,2,2022-03-02 17:49:11,2022-03-03 19:39:16,1550.0833333333333,Construction on HUDSON AVE near HOUSE 1800 Drive with caution., E 18th St S,Tulsa,Tulsa,OK,2022.0,calibration
A-4517655,Source1,2,2022-12-02 14:12:04,2022-12-03 16:02:07,1550.05,Construction on 31ST ST near HOUSE 9404 Drive with caution., S 93rd East Ave,Tulsa,Tulsa,OK,2022.0,calibration
A-3776203,Source1,2,2023-01-21 12:21:16,2023-01-22 14:11:12,1549.9333333333334,Construction on 82ND E AVE near HOUSE 3782 Drive with caution., S 82nd East Ave,Tulsa,Tulsa,OK,2023.0,test
A-4611126,Source1,2,2022-12-06 05:20:39,2022-12-07 07:10:29,1549.8333333333333,Construction on PEORIA AVE near HOUSE 5100 Expect delays., S Peoria Ave,Tulsa,Tulsa,OK,2022.0,calibration
A-5832481,Source1,2,2021-12-20 16:52:51,2021-12-21 18:42:37,1549.7666666666667,Construction on MEMORIAL DR near HOUSE 8400 Expect delays., S Memorial Dr,Tulsa,Tulsa,OK,2021.0,validation
A-3779156,Source1,2,2022-01-27 07:32:59,2022-01-28 09:22:44,1549.75,Construction on 41ST ST near HOUSE 13400 Expect delays.,S 134th East Ave,Tulsa,Tulsa,OK,2022.0,calibration
A-4131985,Source1,2,2022-12-15 14:54:00,2022-12-16 16:43:43,1549.7166666666667,Construction on SHERIDAN RD near HOUSE 4100 Expect delays., E 41st St,Tulsa,Tulsa,OK,2022.0,calibration
A-4647114,Source1,2,2022-12-13 15:25:37,2022-12-14 17:15:18,1549.6833333333334,Construction on YALE AVE near HOUSE 1500 Drive with caution.,E 15th St,Tulsa,Tulsa,OK,2022.0,calibration
A-4085805,Source1,2,2023-01-25 16:06:16,2023-01-26 17:55:56,1549.6666666666667,Construction on 51ST ST near HOUSE 1900 Drive with caution.,S Waco Ave W,Tulsa,Tulsa,OK,2023.0,test
A-4708633,Source1,2,2023-01-27 15:43:49,2023-01-28 17:33:28,1549.65,Construction on YALE AVE near HOUSE 9601 Expect delays., S Yale Ave,Tulsa,Tulsa,OK,2023.0,test
A-5281335,Source1,2,2023-01-24 05:41:18,2023-01-25 07:30:57,1549.65,Construction on MEMORIAL DR near HOUSE 9100 Expect delays.,E 91st St,Tulsa,Tulsa,OK,2023.0,test
A-5471045,Source1,2,2021-12-06 16:17:00,2021-12-07 18:06:38,1549.6333333333334,Incident on I-20 EB near GREENWOOD RD Drive with caution.,I-20,Greenwood,Caddo,LA,2021.0,validation
A-5804280,Source1,2,2021-06-08 12:35:00,2021-06-09 14:24:25,1549.4166666666667,Incident on TULSA near E 65TH ST Drive with caution., Tulsa Ave,Shreveport,Caddo,LA,2021.0,validation
A-5050439,Source1,2,2023-01-27 07:18:58,2023-01-28 09:08:17,1549.3166666666666,Construction on 41ST ST near HOUSE 10400 Drive with caution.,S 104th East Ave,Tulsa,Tulsa,OK,2023.0,test
A-4178819,Source1,2,2022-03-02 09:05:00,2022-03-03 10:54:10,1549.1666666666667,Construction on LANSING PL near HOUSE 3344 Expect delays., E 33rd St N,Tulsa,Tulsa,OK,2022.0,calibration
A-4362824,Source1,2,2022-12-03 08:31:01,2022-12-04 10:20:02,1549.0166666666667,Construction on HARTFORD AVE near HOUSE 1500 Drive with caution.,N Hartford Ave,Tulsa,Tulsa,OK,2022.0,calibration
A-4292956,Source1,2,2022-03-10 14:47:59,2022-03-11 16:36:59,1549.0,Construction on SKELLY DR near HOUSE 3700 Expect delays.,I-44,Tulsa,Tulsa,OK,2022.0,calibration
A-3683137,Source1,4,2023-03-20 14:11:00,2023-03-21 16:00:00,1549.0,The road is closed near Watts Street., Wellstown Rd,Canton,Haywood,NC,2023.0,test
A-3689697,Source1,2,2023-03-20 14:11:00,2023-03-21 16:00:00,1549.0,The road is closed near Watts Street., Wellstown Rd,Canton,Haywood,NC,2023.0,test
A-5286481,Source1,2,2022-12-05 11:18:57,2022-12-06 13:07:51,1548.9,Construction on 55TH ST near HOUSE 9520 Drive with caution., S 94th East Ave,Tulsa,Tulsa,OK,2022.0,calibration
A-4621353,Source1,2,2022-01-04 00:33:27,2022-01-05 02:22:18,1548.85,Construction on 109TH E AVE near HOUSE 3718 Expect delays., S 109th East Ave,Tulsa,Tulsa,OK,2022.0,calibration
A-5380839,Source1,2,2023-01-28 22:07:15,2023-01-29 23:56:05,1548.8333333333333,Construction on 41ST ST near HOUSE 15251 Expect delays., E 41st St S,Tulsa,Tulsa,OK,2023.0,test
A-6094960,Source1,2,2021-11-14 17:14:33,2021-11-15 19:03:17,1548.7333333333333,Construction on 101ST ST near HOUSE 3501 Expect delays.,E 101st St,Tulsa,Tulsa,OK,2021.0,validation
A-4756409,Source1,2,2022-12-21 12:50:35,2022-12-22 14:39:18,1548.7166666666667,Construction on 71ST ST near HOUSE 1100 Expect delays.,S Olympia Ave,Tulsa,Tulsa,OK,2022.0,calibration
A-4833545,Source1,2,2022-06-26 15:39:00,2022-06-27 17:27:42,1548.7,Incident on E OLIVE ST near CE GALLOWAY BLVD Drive with caution., Martha St,Shreveport,Caddo,LA,2022.0,calibration
A-3835213,Source1,2,2022-01-04 12:15:03,2022-01-05 14:03:31,1548.4666666666667,Construction on LEWIS AVE near HOUSE 800 Drive with caution., E Haskell Pl,Tulsa,Tulsa,OK,2022.0,calibration
A-4837103,Source1,2,2023-01-15 11:25:24,2023-01-16 13:13:51,1548.45,Construction on 21ST ST near HOUSE 10401 Drive with caution.,E 21st St,Tulsa,Tulsa,OK,2023.0,test
A-4999788,Source1,2,2022-11-16 16:37:49,2022-11-17 18:26:12,1548.3833333333334,Construction on GARNETT RD near HOUSE 4701 Expect delays., S Garnett Rd,Tulsa,Tulsa,OK,2022.0,calibration
A-4415218,Source1,2,2022-02-25 14:36:33,2022-02-26 16:24:52,1548.3166666666666,Construction on XENOPHON AVE near HOUSE 218 Drive with caution., W Reconciliation Way,Tulsa,Tulsa,OK,2022.0,calibration
A-4610729,Source1,2,2022-12-18 17:27:34,2022-12-19 19:15:44,1548.1666666666667,Construction on 59TH ST near HOUSE 1568 Expect delays., W 59th St S,Tulsa,Tulsa,OK,2022.0,calibration
A-4987802,Source1,2,2022-02-01 15:40:35,2022-02-02 17:28:43,1548.1333333333334,Construction on 67TH E AVE near HOUSE 1100 Expect delays., S 67th East Ave,Tulsa,Tulsa,OK,2022.0,calibration
A-4282220,Source1,2,2022-05-30 16:46:00,2022-05-31 18:34:05,1548.0833333333333,Incident on YOUREE near E BERT KOUNS INDUSTRIAL LOOP Drive with caution., Youree Dr,Shreveport,Caddo,LA,2022.0,calibration
A-7444085,Source1,2,2019-02-10 22:11:00,2019-02-11 23:59:00,1548.0,At UT-113/Charleston Rd - Accident., S Highway 189,Heber City,Wasatch,UT,2019.0,train
A-6152061,Source1,2,2021-04-26 08:03:05,2021-04-27 09:51:00,1547.9166666666667,A crash has occurred causing no to minimum delays. Use caution., Central Oregon Hwy,Brothers,Deschutes,OR,2021.0,validation
A-4920766,Source1,2,2022-02-05 21:20:40,2022-02-06 23:08:34,1547.9,Construction on MINGO RD near HOUSE 3400 Expect delays., S Mingo Rd,Tulsa,Tulsa,OK,2022.0,calibration
A-3994141,Source1,2,2023-01-13 16:20:08,2023-01-14 18:07:54,1547.7666666666667,Construction on W KEYSTONE EXPY near HOUSE 2501 Expect delays.,Keystone Expy W,Tulsa,Tulsa,OK,2023.0,test
A-6914812,Source1,2,2020-12-18 21:59:00,2020-12-19 23:46:36,1547.6,Incident on LAKESHORE near W COLLEGE ST Drive with caution., Lakeshore Dr,Shreveport,Caddo,LA,2020.0,train
A-4059066,Source1,2,2022-12-21 09:34:07,2022-12-22 11:21:29,1547.3666666666666,Construction on VICTOR AVE near HOUSE 903 Expect delays., E Haskell Pl,Tulsa,Tulsa,OK,2022.0,calibration
A-4856756,Source1,2,2023-01-20 13:42:19,2023-01-21 15:29:38,1547.3166666666666,Construction on 21ST ST near HOUSE 12500 Expect delays., E 21st St S,Tulsa,Tulsa,OK,2023.0,test
A-6035258,Source1,4,2021-05-26 18:08:00,2021-05-27 19:55:18,1547.3,Construction on AZ-66 WB near N OLD TRAILS HWY Road closed. Take alternate route.,E Highway 66,Hackberry,Mohave,AZ,2021.0,validation
A-4610483,Source1,2,2023-01-17 15:28:55,2023-01-18 17:16:12,1547.2833333333333,Construction on 101ST ST near HOUSE 8125 Expect delays., E 101st St,Tulsa,Tulsa,OK,2023.0,test
A-4939010,Source1,2,2022-10-15 12:52:00,2022-10-16 14:38:57,1546.95,Incident on E 70TH near SAND BEACH BLVD Drive with caution., Fern Loop,Shreveport,Caddo,LA,2022.0,calibration
A-5039627,Source1,2,2023-01-19 17:22:59,2023-01-20 19:09:54,1546.9166666666667,Construction on 11TH ST near HOUSE 13928 Expect delays., S 138th East Ave,Tulsa,Tulsa,OK,2023.0,test
A-3737416,Source1,2,2022-02-23 15:12:26,2022-02-24 16:59:21,1546.9166666666667,Construction on LEWIS AVE near HOUSE 3600 Expect delays., N Lewis Ave,Tulsa,Tulsa,OK,2022.0,calibration
A-6866518,Source1,2,2020-12-11 22:02:00,2020-12-12 23:48:51,1546.85,Incident on LINWOOD near BRUSHY BAYOU BLVD Drive with caution., Linwood Ave,Shreveport,Caddo,LA,2020.0,train
A-4053352,Source1,2,2022-12-23 19:13:00,2022-12-24 20:59:50,1546.8333333333333,Incident on W COLLEGE near SAN JACINTO AVE Drive with caution., W College St,Shreveport,Caddo,LA,2022.0,calibration
A-4649989,Source1,2,2022-05-19 15:20:00,2022-05-20 17:06:35,1546.5833333333333,Incident on CENTENARY BLVD near STONER AVE Drive with caution., Stoner Ave,Shreveport,Caddo,LA,2022.0,calibration
A-6273487,Source1,2,2021-12-15 13:45:57,2021-12-16 15:32:32,1546.5833333333333,Construction on 14TH ST near HOUSE 2016 Expect delays., E 14th St,Tulsa,Tulsa,OK,2021.0,validation
A-5696299,Source1,2,2021-11-27 13:13:28,2021-11-28 15:00:01,1546.55,Construction on LEWIS AVE near HOUSE 2300 Expect delays., S Lewis Ave,Tulsa,Tulsa,OK,2021.0,validation
A-5019095,Source1,2,2022-01-05 07:49:24,2022-01-06 09:35:54,1546.5,Construction on I-15 SB near MP 143 Drive with caution.,I-15 S,Butte,Jefferson,MT,2022.0,calibration
A-3754841,Source1,2,2022-03-03 15:18:16,2022-03-04 17:04:40,1546.4,Construction on 45TH PL near HOUSE 635 Expect delays., E 45th St N,Tulsa,Tulsa,OK,2022.0,calibration
A-4838545,Source1,2,2022-07-16 14:48:00,2022-07-17 16:34:22,1546.3666666666666,Incident on E 70TH near MCARTHUR DR Drive with caution., McArthur Dr,Shreveport,Caddo,LA,2022.0,calibration
A-4594854,Source1,2,2022-12-16 23:53:49,2022-12-18 01:40:08,1546.3166666666666,Construction on MEMORIAL DR near HOUSE 2100 Expect delays., E 21st St S,Tulsa,Tulsa,OK,2022.0,calibration
A-6514807,Source1,2,2021-01-22 19:17:51,2021-01-23 21:04:00,1546.15,A crash has occurred causing no to minimum delays. Use caution., N Highway 97,Terrebonne,Deschutes,OR,2021.0,validation
A-4509392,Source1,2,2023-01-20 17:53:34,2023-01-21 19:39:41,1546.1166666666666,Construction on LEWIS AVE near HOUSE 1451 Expect delays., S Lewis Ave,Tulsa,Tulsa,OK,2023.0,test
A-6862732,Source1,2,2020-11-02 22:46:00,2020-11-04 00:31:24,1545.4,Incident on HEARNE AVE near KINGS HWY Drive with caution., Hearne Ave,Shreveport,Caddo,LA,2020.0,train
A-5449142,Source1,2,2022-12-30 17:18:52,2022-12-31 19:04:06,1545.2333333333333,Construction on ADMIRAL PL near HOUSE 3300 Expect delays., N Harvard Ave,Tulsa,Tulsa,OK,2022.0,calibration
A-4176726,Source1,2,2022-11-07 00:01:00,2022-11-08 01:46:11,1545.1833333333334,Incident on I-5 SB near WEED Road closed. Take alternate route.,I-5 S,Lakehead,Shasta,CA,2022.0,calibration
A-5232741,Source1,2,2023-01-20 21:44:33,2023-01-21 23:29:43,1545.1666666666667,Construction on 51ST ST near HOUSE 3801 Expect delays., W 51st St S,Tulsa,Tulsa,OK,2023.0,test
A-6874188,Source1,2,2020-12-16 21:51:00,2020-12-17 23:36:00,1545.0,Incident on I-459 SB near MM 28 Drive with caution.,I-459 S,Birmingham,Jefferson,AL,2020.0,train
A-6421473,Source1,2,2021-02-21 20:49:00,2021-02-22 22:34:00,1545.0,Incident on US-82 WB near MM 73 Drive with caution., Highway 82,Centreville,Bibb,AL,2021.0,validation
A-4273922,Source1,4,2022-01-17 02:14:00,2022-01-18 03:59:00,1545.0,In Pinebluff / Mile Marker 0 to 0.7 Both Directions. Pinebluff Cemetery Rd. closed due to downed tree and power lines., S Peach St,Pinebluff,Moore,NC,2022.0,calibration
A-6825329,Source1,2,2020-10-20 04:46:00,2020-10-21 06:31:00,1545.0,Incident on I-10 WB near MM 4 Road closed. Take alternate route.,I-10 W,Grand Bay,Mobile,AL,2020.0,train
A-6732408,Source1,2,2020-12-18 15:25:00,2020-12-19 17:10:00,1545.0,Incident on AL-14 WB near MM 196 Drive with caution., Central Blvd,Tallassee,Tallapoosa,AL,2020.0,train
A-6526795,Source1,2,2021-01-05 21:55:00,2021-01-06 23:40:00,1545.0,Incident on AL-150 WB near MM 5 Left lane blocked., Alexander Dr SE,Bessemer,Jefferson,AL,2021.0,validation
A-6776630,Source1,2,2020-12-09 16:54:00,2020-12-10 18:39:00,1545.0,Incident on I-459 NB near MM 19 Left shoulder closed.,I-459 N,Birmingham,Jefferson,AL,2020.0,train
A-6356340,Source1,2,2021-01-22 16:24:00,2021-01-23 18:09:00,1545.0,Incident on I-459 SB near MM 14 Right shoulder closed.,I-459 S,Birmingham,Jefferson,AL,2021.0,validation
A-5402143,Source1,2,2021-12-30 01:37:59,2021-12-31 03:22:59,1545.0,Incident on I-10 EB near MM 46 Right lane blocked. Expect delays.,I-10,Loxley,Baldwin,AL,2021.0,validation
A-6800804,Source1,2,2020-10-28 02:47:18,2020-10-29 04:32:00,1544.7,A crash has occurred causing no to minimum delays. Use caution.,Columbia River Hwy 2,Boardman,Morrow,OR,2020.0,train
A-5399128,Source1,2,2022-09-07 17:19:23,2022-09-08 19:03:50,1544.45,Construction on APACHE ST near HOUSE 3600 Expect delays., E Apache St,Tulsa,Tulsa,OK,2022.0,calibration
A-6659843,Source1,2,2020-11-05 02:36:40,2020-11-06 04:21:00,1544.3333333333333,A crash has occurred causing no to minimum delays. Use caution., Highway 20,Bend,Deschutes,OR,2020.0,train
A-4299454,Source1,2,2022-10-11 21:43:00,2022-10-12 23:27:12,1544.2,Road closed due to a crash on US-191 Northbound near CR-456 (MP 425) . Lane Closed., US Highway 191,Ganado,Apache,AZ,2022.0,calibration
A-6258049,Source1,2,2021-11-15 13:49:52,2021-11-16 15:34:00,1544.1333333333334,A crash has occurred causing no to minimum delays. Use caution., E Highway 20,Bend,Deschutes,OR,2021.0,validation
A-4779374,Source1,2,2022-09-13 16:48:00,2022-09-14 18:32:06,1544.1,Incident on LAKE near COMMERCE ST Drive with caution., Lake St,Shreveport,Caddo,LA,2022.0,calibration
A-5953485,Source1,2,2021-06-02 15:31:59,2021-06-03 17:16:00,1544.0166666666667,Incident on I-84 EB near MP 206 Drive with caution.,I-84 E,Pendleton,Umatilla,OR,2021.0,validation
A-5978331,Source1,4,2021-09-29 15:47:00,2021-09-30 17:29:53,1542.8833333333334,Construction on AZ-260 EB near AZ-260-BL Road closed. Take alternate route.,Homestead Pkwy,Camp Verde,Yavapai,AZ,2021.0,validation
A-6416482,Source1,2,2021-02-18 18:00:00,2021-02-19 19:42:39,1542.65,Incident on N MARKET near FREESTATE BLVD Drive with caution., N Market St,Shreveport,Caddo,LA,2021.0,validation
A-6037758,Source1,4,2021-10-26 12:43:00,2021-10-27 14:25:30,1542.5,Road closed due to a crash on SR-260 Westbound near Pine Dr (305) . All Lanes Closed., Arizona Highway 260,Heber,Navajo,AZ,2021.0,validation
A-6770767,Source1,2,2020-12-12 02:32:39,2020-12-13 04:15:00,1542.35,Incident on QUARTER MILL RD near EVERSHAM RD Drive with caution., Quarter Mill Rd,Henrico,Henrico,VA,2020.0,train
A-4227430,Source1,2,2022-05-30 16:07:00,2022-05-31 17:49:05,1542.0833333333333,Incident on CADDO ST near BAKER ST Drive with caution.,Caddo St,Shreveport,Caddo,LA,2022.0,calibration
A-6584943,Source1,2,2020-10-21 01:31:00,2020-10-22 03:12:23,1541.3833333333334,Incident on NINOCK ST near JEWELLA AVE Expect long delays., Ninock St,Shreveport,Caddo,LA,2020.0,train
A-6183280,Source1,2,2021-12-01 16:30:00,2021-12-02 18:11:05,1541.0833333333333,Incident on JEWELLA AVE near GREENWOOD RD Expect long delays., Jewella Ave,Shreveport,Caddo,LA,2021.0,validation
A-5052051,Source1,2,2022-09-10 14:02:00,2022-09-11 15:42:56,1540.9333333333334,Incident on FORBING near HATTAWAY LN Drive with caution., Emily St,Shreveport,Caddo,LA,2022.0,calibration
A-6968918,Source1,2,2020-09-20 04:44:00,2020-09-21 06:24:37,1540.6166666666666,Incident on GREENWOOD RD near JEWELLA AVE Drive with caution., Greenwood Rd,Shreveport,Caddo,LA,2020.0,train
A-6056891,Source1,2,2021-06-04 22:08:00,2021-06-05 23:48:22,1540.3666666666666,Construction on AZ-264 WB near BIA-9053 Road closed. Take alternate route.,AZ-264,Ganado,Apache,AZ,2021.0,validation
A-6921150,Source1,4,2020-10-22 00:23:00,2020-10-23 02:03:08,1540.1333333333334,Construction on AZ-89 SB near WELSH RD Road closed. Take alternate route.,N Broadway,Yarnell,Yavapai,AZ,2020.0,train
A-3801864,Source1,2,2022-01-23 00:29:00,2022-01-24 02:09:07,1540.1166666666666,Incident on SPRUCE AVE near FL-3 Drive with caution., Spruce Ave,Merritt Island,Brevard,FL,2022.0,calibration
A-6834890,Source1,2,2020-12-13 22:41:00,2020-12-15 00:20:43,1539.7166666666667,Incident on E KINGS HWY near REGAL DR Drive with caution., E Kings Hwy,Shreveport,Caddo,LA,2020.0,train
A-5501507,Source1,4,2021-05-29 03:32:00,2021-05-30 05:11:41,1539.6833333333334,Construction on I-10 EB near RED ROCK Road closed. Take alternate route.,I-10 E,Marana,Pima,AZ,2021.0,validation
A-6962111,Source1,2,2020-10-22 19:15:00,2020-10-23 20:54:38,1539.6333333333334,Incident on I-49 SB near SOUTHERN LOOP Drive with caution.,I-49 S,Shreveport,Caddo,LA,2020.0,train
A-4023578,Source1,2,2022-08-16 11:52:00,2022-08-17 13:31:19,1539.3166666666666,Road closed due to a crash on SR-95 Northbound near Rising Sun Rd (MP 240) . Lane Closed., Mohave Valley Hwy,Bullhead City,Mohave,AZ,2022.0,calibration
A-5785478,Source1,2,2021-08-24 21:18:00,2021-08-25 22:57:14,1539.2333333333333,Incident on E KINGS near BARATARIA BLVD Drive with caution., E Kings Hwy,Shreveport,Caddo,LA,2021.0,validation
A-6126180,Source1,2,2021-09-02 17:52:00,2021-09-03 19:31:12,1539.2,Incident on E 72ND near FAIRFIELD AVE Drive with caution., E 72nd St,Shreveport,Caddo,LA,2021.0,validation
A-6407678,Source1,2,2021-02-14 17:20:00,2021-02-15 18:58:57,1538.95,Incident on I-20 EB near MONKHOUSE DR Drive with caution.,I-20,Haughton,Bossier,LA,2021.0,validation
A-6219274,Source1,4,2021-09-27 12:32:00,2021-09-28 14:10:31,1538.5166666666667,Construction on LA-24 EB near LECOMPTE DR Road closed. Take alternate route., Highway 24,Bourg,Terrebonne,LA,2021.0,validation
A-6577507,Source1,2,2020-11-22 22:52:00,2020-11-24 00:30:24,1538.4,Construction on AZ-87 NB near FS ROAD 626 Road closed. Take alternate route.,Beeline Hwy,Fort McDowell,Maricopa,AZ,2020.0,train
A-6939125,Source1,2,2020-12-17 00:02:00,2020-12-18 01:40:00,1538.0,Incident on DOWNING near BOND DR Drive with caution., Ironwood Dr,Shreveport,Caddo,LA,2020.0,train
A-5754614,Source1,2,2021-03-29 17:16:00,2021-03-30 18:53:44,1537.7333333333333,Incident on HERMOSA near CROSSWIND DR Drive with caution., Hermosa Dr,Shreveport,Caddo,LA,2021.0,validation
A-6727085,Source1,2,2020-12-15 01:22:00,2020-12-16 02:59:36,1537.6,Incident on WASHINGTON ST near ARMSTRONG ST Drive with caution., Washington St,Middletown,Lake,CA,2020.0,train
A-3836181,Source1,2,2022-07-30 17:47:00,2022-07-31 19:24:35,1537.5833333333333,Incident on WYNN SCHOOL RD near HOSSTON RODESSA RD Drive with caution., Wynn School Rd,Ida,Caddo,LA,2022.0,calibration
A-6773775,Source1,2,2020-11-21 09:59:00,2020-11-22 11:36:34,1537.5666666666666,Incident on CASS COUNTY RD near VIVIAN AIRPORT RD Drive with caution., Cass County Rd,Jefferson,Marion,TX,2020.0,train
A-4299067,Source1,2,2022-10-11 18:42:00,2022-10-12 20:19:30,1537.5,Incident on BERT KOUNS INDUSTRIAL LOOP near NEWCASTLE BLVD Drive with caution.,Bert Kouns Industrial Loop,Shreveport,Caddo,LA,2022.0,calibration
A-6054916,Source1,2,2021-06-23 21:08:00,2021-06-24 22:45:12,1537.2,Incident on REILY near SAN AUGUSTINE ST Drive with caution.,San Augustine St,Shreveport,Caddo,LA,2021.0,validation
A-6616728,Source1,2,2020-11-15 22:38:00,2020-11-17 00:15:05,1537.0833333333333,Incident on FREEDOMS near S LIBERTY Drive with caution., Freedoms Way,Keithville,Caddo,LA,2020.0,train
A-5766132,Source1,2,2021-03-11 16:46:00,2021-03-12 18:22:57,1536.95,Incident on I-49 NB near SOUTHERN LOOP Drive with caution.,Southern Loop,Shreveport,Caddo,LA,2021.0,validation
A-6058282,Source1,2,2021-11-08 18:51:00,2021-11-09 20:27:48,1536.8,Incident on E KINGS HWY near BEVERLY PL Drive with caution., E Kings Hwy,Shreveport,Caddo,LA,2021.0,validation
A-6639037,Source1,2,2020-10-18 00:38:52,2020-10-19 02:15:00,1536.1333333333334,Incident on PATTERSON AVE near LAUDERDALE DR Drive with caution., Lauderdale Dr,Henrico,Henrico,VA,2020.0,train
A-6533817,Source1,2,2021-01-08 08:17:00,2021-01-09 09:52:54,1535.9,Incident on FL-73 near LARAMORE RD Drive with caution., Highway 73,Marianna,Jackson,FL,2021.0,validation
A-6867677,Source1,2,2020-11-29 11:22:00,2020-11-30 12:57:53,1535.8833333333334,Incident on OLD FL-9 NB near GLADES Expect delays.,State Road 9,Miami,Miami-Dade,FL,2020.0,train
A-6716784,Source1,2,2020-11-29 08:17:00,2020-11-30 09:52:51,1535.85,Incident on I-95 SB near NW 79TH ST Drive with caution.,I-95 S,Miami,Miami-Dade,FL,2020.0,train
A-6339716,Source1,2,2021-02-04 09:46:00,2021-02-05 11:21:47,1535.7833333333333,Incident on NE 26TH ST near NE 2ND AVE Drive with caution., NE 2nd Ave,Miami,Miami-Dade,FL,2021.0,validation
A-6947118,Source1,2,2020-12-20 09:57:00,2020-12-21 11:32:42,1535.7,Incident on I-75 NB near MM 215 Drive with caution.,I-75 N,Bradenton,Manatee,FL,2020.0,train
A-6323320,Source1,2,2021-09-29 00:31:00,2021-09-30 02:06:25,1535.4166666666667,Incident on FISKE BLVD near GREEN RD Drive with caution., Green Rd,Rockledge,Brevard,FL,2021.0,validation
A-4417543,Source1,2,2022-12-01 19:52:16,2022-12-02 21:27:41,1535.4166666666667,Travelers can expect the following: Crash with lanes blocked eastbound until further notice. SEMI ROLLOVER BLOCKING BOTH EASTBOUND LANES,I-90 E,Alberton,Mineral,MT,2022.0,calibration
A-6746797,Source1,2,2020-11-21 11:11:00,2020-11-22 12:46:18,1535.3,Incident on SW 8TH ST near SW 157TH AVE Expect delays., SW 8th St,Miami,Miami-Dade,FL,2020.0,train
A-3900940,Source1,2,2022-12-21 00:32:00,2022-12-22 02:07:13,1535.2166666666667,Incident on CLEVELAND ST near FAYETTE ST Drive with caution., Fayette St,Orlando,Orange,FL,2022.0,calibration
A-6732812,Source1,2,2020-10-04 18:47:00,2020-10-05 20:22:09,1535.15,Construction on I-17 NB near MARICOPA YAVAPAI COUNTY LINE Road closed. Take alternate route.,Black Canyon Fwy N,New River,Maricopa,AZ,2020.0,train
A-3719963,Source1,2,2022-04-30 00:33:00,2022-05-01 02:08:06,1535.1,Incident on SR-869 SB near MM 11 Expect delays.,,Coral Springs,Broward,FL,2022.0,calibration
A-4741379,Source1,2,2023-01-14 12:37:00,2023-01-15 14:12:01,1535.0166666666667,Incident on E 77TH ST near HOUSE 1262 Drive with caution., E 77th St,Los Angeles,Los Angeles,CA,2023.0,test
A-6609917,Source1,2,2020-12-21 00:52:00,2020-12-22 02:26:57,1534.95,Construction on US-89 NB near BLACK MESA PUMP STATION RD Road closed. Take alternate route.,FS Rd,Flagstaff,Coconino,AZ,2020.0,train
A-3771161,Source1,2,2022-06-05 20:53:00,2022-06-06 22:27:10,1534.1666666666667,Incident on YOUREE DR near STRATFORD AVE Drive with caution., Stratford Ave,Shreveport,Caddo,LA,2022.0,calibration
A-6920997,Source1,2,2020-12-12 23:40:53,2020-12-14 01:15:00,1534.1166666666666,Incident on HOMEVIEW DR near W BROAD ST Drive with caution.,Homeview Dr,Henrico,Henrico,VA,2020.0,train
A-5381590,Source1,2,2022-02-07 12:29:35,2022-02-08 14:03:00,1533.4166666666667,Travelers can expect the following: Crash blockage with reduced lanes southbound until further notice. VEHICLE CRASH - EXPECT DELAYS - SLOW DOWN - WATCH FOR EMERGENCY PERSONNEL,I-15 S,Shelby,Toole,MT,2022.0,calibration
A-4474616,Source1,2,2022-06-15 17:53:00,2022-06-16 19:26:11,1533.1833333333334,Incident on E KINGS HWY near PENNSYLVANIA AVE Drive with caution., Carrollton Ave,Shreveport,Caddo,LA,2022.0,calibration
A-4859016,Source1,2,2023-01-12 21:15:00,2023-01-13 22:48:07,1533.1166666666666,Incident on SPRING ST near CROCKETT ST Drive with caution., Spring St,Shreveport,Caddo,LA,2023.0,test
A-6804037,Source1,4,2020-10-09 09:29:00,2020-10-10 11:01:31,1532.5166666666667,Construction on US-60 EB near N 439TH AVE Road closed. Take alternate route.,Effus Ranch Rd,Wickenburg,Maricopa,AZ,2020.0,train
A-5683446,Source1,2,2021-04-11 18:20:00,2021-04-12 19:52:13,1532.2166666666667,Construction on AZ-260 WB near TOMS CREEK RD Road closed. Take alternate route.,AZ-260,Sedona,Coconino,AZ,2021.0,validation
A-6735421,Source1,2,2020-12-08 17:47:00,2020-12-09 19:19:00,1532.0,Stationary traffic on CA-60 E - Pomona Fwy E from CA-71 (CA-60) to Ramona Ave (CA-60) due to accident.,CA-60 E,Pomona,Los Angeles,CA,2020.0,train
A-4709238,Source1,2,2022-10-08 05:07:00,2022-10-09 06:37:45,1530.75,Construction on US-95 EB near LA PAZ YUMA COUNTY LINE Road closed. Take alternate route.,US-95 N,Wellton,Yuma,AZ,2022.0,calibration
A-4223789,Source1,4,2022-09-30 19:14:00,2022-10-01 20:44:34,1530.5666666666666,Construction on I-40 EB near TWIN ARROWS Road closed. Take alternate route.,I-40 E,Flagstaff,Coconino,AZ,2022.0,calibration
A-4986099,Source1,2,2022-09-20 21:58:00,2022-09-21 23:28:19,1530.3166666666666,Incident on WASHINGTON near WHEELESS AVE Drive with caution., Washington St,Shreveport,Caddo,LA,2022.0,calibration
A-1468773,Source2,2,2020-05-13 06:57:45,2020-05-14 08:28:00,1530.25,Restrictions due to accident on OR-173 both ways at US-26.,Timberline Hwy,Government Camp,Clackamas,OR,2020.0,train
A-5317998,Source1,2,2022-04-16 00:15:00,2022-04-17 01:45:00,1530.0,Incident on GA-20 WB near HONEY CREEK RD Road closed. Take alternate route., Highway 20 SE,Conyers,Rockdale,GA,2022.0,calibration
A-6961956,Source1,2,2020-12-22 06:43:02,2020-12-23 08:13:00,1529.9666666666667,Incident on I-35 NB near MO-152 Left lane blocked.,Chicago-Kansas City Expressway N,Liberty,Clay,MO,2020.0,train
A-5060744,Source1,2,2022-11-08 23:08:21,2022-11-10 00:38:00,1529.65,Incident on US-69 NB near 151ST ST Right lane blocked. Expect delays.,US-69 N,Overland Park,Johnson,KS,2022.0,calibration
A-6614948,Source1,2,2020-10-12 05:43:24,2020-10-13 07:13:00,1529.6,Incident on I-435 NB near KS-32 Right shoulder closed.,I-435 N,Kansas City,Wyandotte,KS,2020.0,train
A-6711733,Source1,2,2020-12-31 06:25:30,2021-01-01 07:55:00,1529.5,Incident on I-435 SB near US-40 Drive with caution.,I-435 S,Kansas City,Jackson,MO,2020.0,train
A-6893360,Source1,2,2020-12-31 06:25:30,2021-01-01 07:55:00,1529.5,Incident on I-435 SB near US-40 Drive with caution.,I-435 S,Kansas City,Jackson,MO,2020.0,train
A-5821813,Source1,2,2021-10-22 07:48:00,2021-10-23 09:17:22,1529.3666666666666,Incident on MONKHOUSE near INTERSTATE DR Drive with caution., Monkhouse Dr,Shreveport,Caddo,LA,2021.0,validation
A-6518526,Source1,2,2021-01-03 07:02:47,2021-01-04 08:32:00,1529.2166666666667,Incident on I-635 SB near METROPOLITAN AVE Right lane blocked. Expect delays.,I-635,Kansas City,Wyandotte,KS,2021.0,validation
A-6036029,Source1,2,2021-07-29 07:23:00,2021-07-30 08:52:09,1529.15,Construction on I-76 EB near MP 91 Expect long delays.,I-70 E,Donegal,Westmoreland,PA,2021.0,validation
A-6502814,Source1,2,2021-02-01 06:23:51,2021-02-02 07:53:00,1529.15,Incident on MO-152 WB near HAMPTON RD Left shoulder closed.,MO-152 W,Kansas City,Platte,MO,2021.0,validation
A-4706426,Source1,2,2022-12-23 20:19:00,2022-12-24 21:47:51,1528.85,Incident on MANSFIELD near SOUTHLAND PARK DR Drive with caution., Mansfield Rd,Shreveport,Caddo,LA,2022.0,calibration
A-4784604,Source1,2,2022-02-13 10:13:00,2022-02-14 11:41:32,1528.5333333333333,Accident on Scott River Rd (CA-96) from Doggett Creek Rd (CA-96) to CA-96., CA-96,Klamath River,Siskiyou,CA,2022.0,calibration
A-4182393,Source1,2,2022-07-14 11:55:00,2022-07-15 13:23:20,1528.3333333333333,Construction on LA-57 SB near EXPRESS BLVD Road closed. Take alternate route., Grand Caillou Rd,Houma,Terrebonne,LA,2022.0,calibration
A-5976023,Source1,2,2021-11-10 08:21:00,2021-11-11 09:49:07,1528.1166666666666,Construction on I-10 WB near AZ-587 Road closed. Take alternate route.,I-10 W,Casa Grande,Pinal,AZ,2021.0,validation
A-6508529,Source1,4,2021-02-17 04:32:00,2021-02-18 06:00:00,1528.0,State Route 141 northbound in Macon County - Crash between SR-52 HWY. 52 W. and PLEASANT VALLEY RD. reported at 4:32 AM 2/17/2021 and estimated to be cleared by 6:00 AM 2/18/2021 (Central Time Zone). Northbound traffic is affected with roadway closed. Southbound traffic is affected with roadway closed., Highway 52 W,Westmoreland,Macon,TN,2021.0,validation
A-3901495,Source1,2,2022-05-26 18:56:00,2022-05-27 20:23:56,1527.9333333333334,Incident on ST VINCENT AVE near W 74TH ST Drive with caution., Faries Industrial Park Dr,Shreveport,Caddo,LA,2022.0,calibration
A-6556001,Source1,2,2021-02-12 22:52:00,2021-02-14 00:19:47,1527.7833333333333,Construction on AZ-260 EB near E CHRISTOPHER CREEK LOOP Road closed. Take alternate route.,E AZ Highway 260,Payson,Gila,AZ,2021.0,validation
A-5052094,Source1,2,2022-01-16 14:04:00,2022-01-17 15:31:44,1527.7333333333333,Incident on MONTICELLO near CHARLESTON DR Drive with caution., Monticello Dr,Shreveport,Caddo,LA,2022.0,calibration
A-6428958,Source1,2,2021-02-19 16:58:00,2021-02-20 18:25:04,1527.0666666666666,Accident on Flynn Rd (I-580) from Grant Line Rd (I-580) to I-580 E.,I-580 E,Tracy,Alameda,CA,2021.0,validation
A-5616004,Source1,2,2021-11-14 16:03:00,2021-11-15 17:29:49,1526.8166666666666,Incident on YOUREE DR near E OLIVE ST Drive with caution.,Youree Dr,Shreveport,Caddo,LA,2021.0,validation
A-5884407,Source1,4,2021-04-02 06:20:00,2021-04-03 07:46:45,1526.75,Construction on PA-380 WB near ROUP AVE Road closed. Take alternate route., Baum Blvd,Pittsburgh,Allegheny,PA,2021.0,validation
A-4854727,Source1,4,2022-07-10 21:59:00,2022-07-11 23:25:26,1526.4333333333334,Construction on US-93 SB near AZ-97 Road closed. Take alternate route.,Joshua Forest Scenic Rd,Congress,Yavapai,AZ,2022.0,calibration
A-6728376,Source1,4,2020-10-01 05:33:49,2020-10-02 07:00:00,1526.1833333333334,Closed between Madras and OR-242/McKenzie Hwy - Road closed due to accident. Serious fire., Old McKenzie Hwy,Blue River,Lane,OR,2020.0,train
A-4616337,Source1,2,2023-01-05 14:59:00,2023-01-06 16:24:46,1525.7666666666667,Incident on KINGS near MALL ST VINCENT WAY Drive with caution.,Kings Hwy,Shreveport,Caddo,LA,2023.0,test
A-4479994,Source1,4,2022-08-14 19:29:00,2022-08-15 20:54:43,1525.7166666666667,Road closed due to a crash on I-8 Eastbound near Ave 52e (MP 50) . All Lanes Closed.,I-8 E,Roll,Yuma,AZ,2022.0,calibration
A-4755728,Source1,4,2022-08-14 19:29:00,2022-08-15 20:54:43,1525.7166666666667,Road closed due to a crash on I-8 Eastbound near Ave 52e (MP 50) . All Lanes Closed.,I-8 E,Roll,Yuma,AZ,2022.0,calibration
A-6371651,Source1,4,2021-01-15 22:55:25,2021-01-17 00:20:32,1525.1166666666666,Construction on US-77 NB near US-275 Road closed. Take alternate route., Highway 77,Hooper,Dodge,NE,2021.0,validation
A-3937592,Source1,2,2022-12-13 18:11:00,2022-12-14 19:35:52,1524.8666666666666,Incident on CLINGMAN near LEO AVE Drive with caution., Leo Ave,Shreveport,Caddo,LA,2022.0,calibration
A-3971353,Source1,2,2022-09-28 14:23:00,2022-09-29 15:47:32,1524.5333333333333,Incident on LINE AVE near ERIE ST Drive with caution., Line Ave,Shreveport,Caddo,LA,2022.0,calibration
A-6717427,Source1,2,2020-10-31 00:00:00,2020-11-01 01:24:32,1524.5333333333333,Incident on POWELL near KELLY KEY ST Drive with caution., Kelly Key St,Shreveport,Caddo,LA,2020.0,train
A-5318197,Source1,2,2022-10-12 13:29:00,2022-10-13 14:52:59,1523.9833333333333,Incident on BEVERLY PL near E KINGS HWY Drive with caution., E Kings Hwy,Shreveport,Caddo,LA,2022.0,calibration
A-5688482,Source1,2,2021-05-12 13:11:00,2021-05-13 14:34:53,1523.8833333333334,Incident on I-20 EB near MONKHOUSE DR Expect long delays.,I-20,Shreveport,Caddo,LA,2021.0,validation
A-5758006,Source1,2,2021-06-16 23:13:00,2021-06-18 00:36:49,1523.8166666666666,Incident on VASSAR DR near E KINGS HWY Drive with caution., E Kings Hwy,Shreveport,Caddo,LA,2021.0,validation
A-5146685,Source1,2,2022-10-14 14:18:00,2022-10-15 15:41:39,1523.65,Incident on DORIS ST near ST VINCENT AVE Drive with caution., Doris St,Shreveport,Caddo,LA,2022.0,calibration
A-6700171,Source1,2,2020-12-10 23:49:00,2020-12-12 01:12:31,1523.5166666666667,Incident on I-20 EB near SPRING ST Expect long delays.,I-20 E,Shreveport,Caddo,LA,2020.0,train
A-3966143,Source1,2,2023-01-28 20:49:00,2023-01-29 22:11:45,1522.75,Incident on PICKWICK PL near KINGSTON RD Drive with caution., Kingston Rd,Shreveport,Caddo,LA,2023.0,test
A-6151574,Source1,2,2021-06-12 01:26:00,2021-06-13 02:48:43,1522.7166666666667,Incident on THE THE OLD RD near HOUSE 29625 Expect delays.,Live Oak Rd,Castaic,Los Angeles,CA,2021.0,validation
A-3808224,Source1,2,2022-02-05 22:22:00,2022-02-06 23:44:39,1522.65,Incident on RAINBOW HILLS RD near RAINBOW GLEN RD Drive with caution., Rainbow Hills Rd,Fallbrook,San Diego,CA,2022.0,calibration
A-4918464,Source1,2,2022-03-22 18:54:00,2022-03-23 20:16:36,1522.6,Incident on RED BUD near JEWELLA AVE Drive with caution., Jewella Ave,Shreveport,Caddo,LA,2022.0,calibration
A-5681230,Source1,2,2021-09-13 18:03:00,2021-09-14 19:25:15,1522.25,Incident on HARRIS near RAINBOW DR Drive with caution., Rebecca St,Shreveport,Caddo,LA,2021.0,validation
A-5242298,Source1,4,2022-01-11 13:10:00,2022-01-12 14:32:00,1522.0,Crash on BURMONT RD both directions between SCHOOL LN and FERNE BL. All lanes closed., Burmont Rd,Drexel Hill,Delaware,PA,2022.0,calibration
A-6173060,Source1,2,2021-10-20 16:58:00,2021-10-21 18:19:54,1521.9,Incident on DIANNE near DEBBIE ST Drive with caution., Debbie St,Shreveport,Caddo,LA,2021.0,validation
A-6731389,Source1,2,2020-12-07 11:32:00,2020-12-08 12:53:47,1521.7833333333333,Incident on I-95 NB near DE-7 Road closed. Take alternate route.,I-95,Newark,New Castle,DE,2020.0,train
A-6468000,Source1,2,2021-01-31 04:18:00,2021-02-01 05:39:26,1521.4333333333334,Incident on SPRING ST near TEXAS ST Drive with caution., Spring St,Shreveport,Caddo,LA,2021.0,validation
A-3786966,Source1,2,2022-12-25 15:12:00,2022-12-26 16:33:21,1521.35,Incident on E 70TH near LINE AVE Drive with caution., Line Ave,Shreveport,Caddo,LA,2022.0,calibration
A-5019637,Source1,2,2022-06-07 10:55:58,2022-06-08 12:17:07,1521.15,Travelers can expect the following: Crash no blockage until further notice. WATCH FOR EMSREDUCE SPEED,I-90 E,Billings,Yellowstone,MT,2022.0,calibration
A-6402563,Source1,2,2021-02-06 16:25:00,2021-02-07 17:45:43,1520.7166666666667,Accident from Mountain Ave (W San Jose Ave) to S Indian Hill Blvd (W San Jose Ave)., S Indian Hill Blvd,Claremont,Los Angeles,CA,2021.0,validation
A-5373223,Source1,2,2023-02-13 15:14:34,2023-02-14 16:35:14,1520.6666666666667,Closed at Mitchell Rd/Hart Rd - Road closed due to accident., Butterfield Rd,Aurora,Kane,IL,2023.0,test
A-4129186,Source1,2,2021-12-30 23:02:00,2022-01-01 00:22:37,1520.6166666666666,Incident on UT-31 near UT-31 Expect long delays.,UT-31,Fairview,Sanpete,UT,2021.0,validation
A-4384421,Source1,2,2022-11-06 16:07:00,2022-11-07 17:27:33,1520.55,Incident on DEE ST near SHREVEPORT BARKSDALE HWY Drive with caution., Shreveport Barksdale Hwy,Shreveport,Caddo,LA,2022.0,calibration
A-6074018,Source1,2,2021-11-03 17:31:00,2021-11-04 18:51:20,1520.3333333333333,Incident on HEARNE AVE near MALCOLM ST Drive with caution., Malcolm St,Shreveport,Caddo,LA,2021.0,validation
A-6624654,Source1,2,2020-11-16 02:13:00,2020-11-17 03:33:08,1520.1333333333334,Incident on HOLLYWOOD AVE near INTERSTATE DR Drive with caution., Hollywood Ave,Shreveport,Caddo,LA,2020.0,train
A-5578087,Source1,2,2021-06-11 00:26:00,2021-06-12 01:46:05,1520.0833333333333,Construction on AZ-51 NB near HIGHLAND AVE Road closed. Take alternate route.,Piestewa Fwy N,Phoenix,Maricopa,AZ,2021.0,validation
A-4696656,Source1,2,2022-04-14 18:12:00,2022-04-15 19:32:03,1520.05,Incident on UNION near BRENT DR Drive with caution., Brent Dr,Shreveport,Caddo,LA,2022.0,calibration
A-4697813,Source1,2,2022-04-24 17:04:00,2022-04-25 18:23:55,1519.9166666666667,Incident on ABILENE near FAIRFIELD AVE Drive with caution., Fairfield Ave,Shreveport,Caddo,LA,2022.0,calibration
A-5749040,Source1,2,2021-10-04 17:00:00,2021-10-05 18:19:36,1519.6,Incident on LINWOOD AVE near DICKINSON ST Drive with caution., Linwood Ave,Shreveport,Caddo,LA,2021.0,validation
A-5223979,Source1,2,2022-12-19 06:47:00,2022-12-20 08:06:33,1519.55,Construction on N AZ-89 SB near PARK PL Road closed. Take alternate route.,Park Pl,Chino Valley,Yavapai,AZ,2022.0,calibration
A-6954666,Source1,2,2020-10-31 09:25:00,2020-11-01 10:44:27,1519.45,Incident on E BOYD DR near DODSON AVE Drive with caution., E Boyd Dr,Baton Rouge,East Baton Rouge,LA,2020.0,train
A-5534639,Source1,2,2021-10-28 23:48:00,2021-10-30 01:07:24,1519.4,Incident on MARKET near HIGHLAND AVE Drive with caution., Market St,Shreveport,Caddo,LA,2021.0,validation
A-6808482,Source1,2,2020-09-28 01:26:00,2020-09-29 02:45:24,1519.4,Incident on PINES near JEFFERSON PAIGE RD Drive with caution., Jefferson Paige Rd,Shreveport,Caddo,LA,2020.0,train
A-4482744,Source1,2,2022-04-19 21:03:00,2022-04-20 22:22:23,1519.3833333333334,Incident on CEDAR RIDGE DR near BRANDON DR Drive with caution., Cedar Ridge Dr,Shreveport,Caddo,LA,2022.0,calibration
A-3721551,Source1,2,2022-09-25 15:44:00,2022-09-26 17:03:22,1519.3666666666666,Incident on BUNCOMBE RD near HOBBS DR Drive with caution., Buncombe Rd,Shreveport,Caddo,LA,2022.0,calibration
A-5466415,Source1,2,2021-08-29 13:19:00,2021-08-30 14:38:22,1519.3666666666666,Incident on ELLERBE near HOOD ST Expect long delays., Ellerbe Rd,Shreveport,Caddo,LA,2021.0,validation
A-5941876,Source1,2,2021-10-18 18:18:00,2021-10-19 19:37:20,1519.3333333333333,Incident on ARKANSAS AVE near MILAM ST Expect long delays., Milam St,Shreveport,Caddo,LA,2021.0,validation
A-6008004,Source1,2,2021-12-17 16:26:00,2021-12-18 17:45:18,1519.3,Incident on JEWELLA AVE near BAXTER ST Drive with caution., Denton St,Shreveport,Caddo,LA,2021.0,validation
A-4579559,Source1,2,2022-10-16 16:14:00,2022-10-17 17:33:17,1519.2833333333333,Incident on COLLEGE ST near SOUTHERN AVE Drive with caution., College St,Shreveport,Caddo,LA,2022.0,calibration
A-6332633,Source1,2,2021-11-12 15:58:00,2021-11-13 17:17:08,1519.1333333333334,Incident on JACKSON ST near ALABAMA AVE Expect long delays., Alabama Ave,Shreveport,Caddo,LA,2021.0,validation
A-5989104,Source1,2,2021-10-08 20:43:00,2021-10-09 22:02:01,1519.0166666666667,Construction on AZ-87 NB near FS ROAD 143 Road closed. Take alternate route.,NF-143,Tortilla Flat,Maricopa,AZ,2021.0,validation
A-4376871,Source1,2,2022-02-04 16:19:00,2022-02-05 17:37:59,1518.9833333333333,Incident on DUMAINE near ST CHARLES BLVD Drive with caution., Dumaine Dr,Shreveport,Caddo,LA,2022.0,calibration
A-5462122,Source1,2,2022-12-20 18:04:00,2022-12-21 19:22:56,1518.9333333333334,Incident on GILBERT DR near PROSPECT ST Expect long delays., Gilbert Dr,Shreveport,Caddo,LA,2022.0,calibration
A-5475059,Source1,2,2021-10-11 15:07:00,2021-10-12 16:25:56,1518.9333333333334,Incident on N LAKESHORE DR near ROY RD Drive with caution., N Lakeshore Dr,Shreveport,Caddo,LA,2021.0,validation
A-5190098,Source1,2,2022-09-27 15:54:00,2022-09-28 17:12:56,1518.9333333333334,Incident on MILAM ST near PETE HARRIS DR Drive with caution., Pete Harris Dr,Shreveport,Caddo,LA,2022.0,calibration
A-5898200,Source1,2,2021-11-21 18:37:00,2021-11-22 19:55:54,1518.9,Incident on KINGS HWY near THORNHILL AVE Drive with caution., Kings Hwy,Shreveport,Caddo,LA,2021.0,validation
A-4060554,Source1,2,2022-02-01 15:39:00,2022-02-02 16:57:53,1518.8833333333334,Incident on I-20 WB near MONKHOUSE DR Drive with caution.,I-20,Shreveport,Caddo,LA,2022.0,calibration
A-5307481,Source1,2,2023-01-31 04:05:00,2023-02-01 05:23:51,1518.85,Construction on I-10 EB near IRVINGTON RD Road closed. Take alternate route.,I-10 E,Tucson,Pima,AZ,2023.0,test
A-5238165,Source1,4,2023-01-31 04:05:00,2023-02-01 05:23:51,1518.85,Road closed due to a crash on I-10 Eastbound from Irvington Rd (MP 265) to Alvernon Way North (MP 267),I-10 E,Tucson,Pima,AZ,2023.0,test
A-5580684,Source1,2,2021-11-07 16:16:00,2021-11-08 17:34:47,1518.7833333333333,Incident on W 62ND near MANSFIELD RD Drive with caution., Sunset Plz,Shreveport,Caddo,LA,2021.0,validation
A-6724981,Source1,2,2020-11-26 23:13:00,2020-11-28 00:31:45,1518.75,Incident on W 70TH ST near UNION AVE Drive with caution., Clift Ave,Shreveport,Caddo,LA,2020.0,train
A-4696959,Source1,4,2022-07-18 10:00:00,2022-07-19 11:18:42,1518.7,Utility work on LINCOLN HW / OLD LINCOLN HW southbound between Exit: OLD LINCOLN HIGHWAY and BRISTOL RD. All lanes closed.,W Lincoln Hwy,Langhorne,Bucks,PA,2022.0,calibration
A-3916213,Source1,2,2022-03-20 16:57:00,2022-03-21 18:15:38,1518.6333333333334,Incident on I-20 EB near W BERT KOUNS INDUSTRIAL LOOP Drive with caution.,I-20 E,Shreveport,Caddo,LA,2022.0,calibration
A-5042746,Source1,2,2022-09-09 16:06:00,2022-09-10 17:24:38,1518.6333333333334,Incident on LYBA near GREENWOOD LN Drive with caution., Greenwood Ln,Shreveport,Caddo,LA,2022.0,calibration
A-4211273,Source1,2,2022-07-17 06:01:00,2022-07-18 07:19:32,1518.5333333333333,Incident on INDUSTRIAL RD near BERT KOUNS INDUSTRIAL LOOP Drive with caution., Industrial Loop,Shreveport,Caddo,LA,2022.0,calibration
A-4265378,Source1,2,2022-03-09 13:38:00,2022-03-10 14:56:32,1518.5333333333333,Incident on FANNIN near SPRING ST Drive with caution., Spring St,Shreveport,Caddo,LA,2022.0,calibration
A-4089875,Source1,2,2023-01-01 13:11:00,2023-01-02 14:29:31,1518.5166666666667,Incident on DALZELL near PINEHURST BLVD Expect long delays., Pinehurst Blvd,Shreveport,Caddo,LA,2023.0,test
A-6901646,Source1,2,2020-11-08 01:43:00,2020-11-09 03:01:25,1518.4166666666667,Incident on I-20 WB near SPRING ST Drive with caution.,I-20 W,Shreveport,Caddo,LA,2020.0,train
A-4799881,Source1,2,2022-02-08 07:42:00,2022-02-09 09:00:24,1518.4,Incident on ROY RD near NORTHPORT BLVD Drive with caution., Roy Rd,Shreveport,Caddo,LA,2022.0,calibration
A-6334464,Source1,2,2021-10-18 17:04:00,2021-10-19 18:22:19,1518.3166666666666,Incident on JOPLIN ST near MIDWAY AVE Drive with caution., Joplin Ave,Shreveport,Caddo,LA,2021.0,validation
A-3967512,Source1,2,2022-07-16 08:22:00,2022-07-17 09:40:17,1518.2833333333333,Incident on VINE ST near HIGHLAND AVE Drive with caution., Vine St,Shreveport,Caddo,LA,2022.0,calibration
A-4446054,Source1,2,2022-09-08 17:48:00,2022-09-09 19:06:16,1518.2666666666667,Incident on MIDWAY near WALLACE AVE Drive with caution., Midway St,Shreveport,Caddo,LA,2022.0,calibration
A-4298351,Source1,2,2022-01-01 09:33:00,2022-01-02 10:51:14,1518.2333333333333,Construction on I-40 WB near DAVENPORT LAKE Road closed. Take alternate route.,I-40 W,Williams,Coconino,AZ,2022.0,calibration
A-4615583,Source1,2,2022-07-26 14:44:00,2022-07-27 16:02:10,1518.1666666666667,Incident on HOSSTON VIVIAN near CALDWELL BRIGGS RD Drive with caution., Caldwell Briggs Rd,Vivian,Caddo,LA,2022.0,calibration
A-4412053,Source1,2,2022-09-05 18:47:00,2022-09-06 20:05:06,1518.1,Incident on WOODROW near LINWOOD AVE Drive with caution., Linwood Ave,Shreveport,Caddo,LA,2022.0,calibration
A-5167776,Source1,2,2022-10-05 17:14:00,2022-10-06 18:32:05,1518.0833333333333,Incident on CE GALLOWAY near E MERRICK ST Drive with caution., E Olive St,Shreveport,Caddo,LA,2022.0,calibration
A-4328332,Source1,2,2022-05-27 16:09:00,2022-05-28 17:27:05,1518.0833333333333,Incident on BROADWAY near ESTER ST Drive with caution., Ester St,Shreveport,Caddo,LA,2022.0,calibration
A-6869924,Source1,2,2020-12-19 01:15:00,2020-12-20 02:33:05,1518.0833333333333,Incident on I-10 WB near S ATLANTIC BLVD Drive with caution.,I-10 W,Alhambra,Los Angeles,CA,2020.0,train
A-6935238,Source1,2,2020-11-17 23:45:00,2020-11-19 01:03:04,1518.0666666666666,Incident on TEXAS near BELL ST Drive with caution., Texas Ave,Shreveport,Caddo,LA,2020.0,train
A-4083873,Source1,2,2022-06-28 15:07:00,2022-06-29 16:25:00,1518.0,Incident on ANDERSON ST near DAVID RAINES RD Drive with caution., Anderson St,Shreveport,Caddo,LA,2022.0,calibration
A-4552982,Source1,2,2022-08-28 18:48:00,2022-08-29 20:05:59,1517.9833333333333,Incident on US-101 SB near MILPAS ST Drive with caution.,US-101 S,Santa Barbara,Santa Barbara,CA,2022.0,calibration
A-4607612,Source1,2,2022-11-11 16:29:00,2022-11-12 17:46:59,1517.9833333333333,Incident on PINES near TIERRA DR Drive with caution., Pines Rd,Shreveport,Caddo,LA,2022.0,calibration
A-5935059,Source1,2,2021-09-18 11:51:00,2021-09-19 13:08:53,1517.8833333333334,Incident on FAIRFIELD AVE near E 70TH ST Expect long delays., E 69th St,Shreveport,Caddo,LA,2021.0,validation
A-4017819,Source1,2,2022-12-06 13:24:00,2022-12-07 14:41:51,1517.85,Incident on S LAKESHORE DR near RISINGER DR Drive with caution., S Lakeshore Dr,Shreveport,Caddo,LA,2022.0,calibration
A-6077054,Source1,2,2021-10-14 08:42:00,2021-10-15 09:59:48,1517.8,Incident on I-49 NB near OLD MOORINGSPORT RD Drive with caution.,I-49 N,Shreveport,Caddo,LA,2021.0,validation
A-4859017,Source1,2,2022-12-16 16:49:00,2022-12-17 18:06:43,1517.7166666666667,Incident on SPRING ST near MILAM ST Drive with caution., Spring St,Shreveport,Caddo,LA,2022.0,calibration
A-5370745,Source1,2,2022-04-13 15:35:00,2022-04-14 16:52:41,1517.6833333333334,Incident on E STONER AVE near ACORN ST Drive with caution., E Stoner Ave,Shreveport,Caddo,LA,2022.0,calibration
A-6658361,Source1,2,2020-10-17 07:03:00,2020-10-18 08:20:27,1517.45,Incident on I-75 NB near SUWANNEE COUNTY Drive with caution.,I-75,Live Oak,Suwannee,FL,2020.0,train
A-6242264,Source1,2,2021-11-10 13:17:00,2021-11-11 14:34:26,1517.4333333333334,Incident on SHERWOOD RD near LINE AVE Drive with caution., Line Ave,Shreveport,Caddo,LA,2021.0,validation
A-4833850,Source1,2,2022-01-12 14:28:00,2022-01-13 15:45:26,1517.4333333333334,Incident on BELCHER OIL CITY RD near CLYDE PLACE VIVIAN RD Drive with caution., Clyde Place Vivian Rd,Oil City,Caddo,LA,2022.0,calibration
A-5819098,Source1,2,2021-09-11 02:49:00,2021-09-12 04:06:25,1517.4166666666667,Incident on EMERY ST near HEARNE AVE Expect long delays., Virginia Ave,Shreveport,Caddo,LA,2021.0,validation
A-4635706,Source1,2,2022-05-01 16:22:00,2022-05-02 17:39:20,1517.3333333333333,Incident on I-20 WB near LAKESHORE DR Drive with caution.,I-20 W,Shreveport,Caddo,LA,2022.0,calibration
A-4777566,Source1,2,2022-04-06 10:18:00,2022-04-07 11:35:14,1517.2333333333333,Incident on PLEASANT near STANLEY AVE Drive with caution., Pleasant Dr,Shreveport,Caddo,LA,2022.0,calibration
A-5232006,Source1,2,2022-03-14 09:09:00,2022-03-15 10:26:12,1517.2,Incident on E KINGS HWY near CAPTAIN SHREVE DR Drive with caution., E Kings Hwy,Shreveport,Caddo,LA,2022.0,calibration
A-3723467,Source1,2,2022-07-26 13:33:00,2022-07-27 14:50:10,1517.1666666666667,Incident on CRESWELL RD near E 70TH ST Drive with caution., E 70th St,Shreveport,Caddo,LA,2022.0,calibration
A-4185008,Source1,2,2022-11-14 17:58:00,2022-11-15 19:15:08,1517.1333333333334,Incident on BERT KOUNS INDUSTRIAL near BAIRD RD Drive with caution., Bert Kouns Industrial Loop,Shreveport,Caddo,LA,2022.0,calibration
A-4876318,Source1,2,2022-05-13 03:11:00,2022-05-14 04:28:04,1517.0666666666666,Incident on ELLERBE RD near ROBSON RD Drive with caution., Ellerbe Rd,Shreveport,Caddo,LA,2022.0,calibration
A-4175348,Source1,2,2022-04-28 10:41:00,2022-04-29 11:58:04,1517.0666666666666,Incident on GREENWOOD near MISSOURI AVE Drive with caution., Greenwood Rd,Shreveport,Caddo,LA,2022.0,calibration
A-6160130,Source1,2,2021-09-08 05:49:00,2021-09-09 07:05:59,1516.9833333333333,Incident on GREENWOOD near MAYWOOD DR Drive with caution., Greenwood Rd,Shreveport,Caddo,LA,2021.0,validation
A-5347010,Source1,2,2022-07-21 12:13:00,2022-07-22 13:29:56,1516.9333333333334,Incident on PETE HARRIS DR near PEABODY ST Expect long delays., Pete Harris Dr,Shreveport,Caddo,LA,2022.0,calibration
A-4921596,Source1,2,2022-12-06 18:16:00,2022-12-07 19:32:55,1516.9166666666667,Incident on PINE HILL RD near MCDANIEL DR Drive with caution., Pine Hill Rd,Shreveport,Caddo,LA,2022.0,calibration
A-5268756,Source1,2,2022-04-01 11:36:00,2022-04-02 12:52:54,1516.9,Incident on WARREN near N FAIRWAY DR Drive with caution., N Fairway Dr,Shreveport,Caddo,LA,2022.0,calibration
A-4252624,Source1,2,2022-04-17 06:16:00,2022-04-18 07:32:53,1516.8833333333334,Incident on GREENWOOD RD near CALDERWOOD DR Drive with caution., Greenwood Rd,Shreveport,Caddo,LA,2022.0,calibration
A-4986347,Source1,2,2022-07-05 17:45:00,2022-07-06 19:01:51,1516.85,Incident on MANSFIELD RD near DEVAUGHN ST Drive with caution., Devaughn St,Shreveport,Caddo,LA,2022.0,calibration
A-6495746,Source1,2,2021-01-23 07:50:00,2021-01-24 09:06:46,1516.7666666666667,Incident on MIRA MYRTIS RD near I-49 Drive with caution.,Mira Myrtis Rd,Ida,Caddo,LA,2021.0,validation
A-4452769,Source1,2,2022-10-11 21:54:00,2022-10-12 23:10:44,1516.7333333333333,Incident on N HEARNE near FORUM DR Expect long delays., N Hearne Ave,Shreveport,Caddo,LA,2022.0,calibration
A-5749772,Source1,2,2021-08-30 16:22:00,2021-08-31 17:38:42,1516.7,Incident on MURPHY ST near HEARNE AVE Expect long delays.,Murphy St,Shreveport,Caddo,LA,2021.0,validation
A-4855893,Source1,2,2022-02-18 10:21:00,2022-02-19 11:37:36,1516.6,Incident on JEWELLA AVE near NINOCK ST Drive with caution., Ninock St,Shreveport,Caddo,LA,2022.0,calibration
A-3973063,Source1,2,2022-05-01 18:20:00,2022-05-02 19:36:22,1516.3666666666666,Incident on FAIRY AVE near REGENT ST Drive with caution., Dupont St,Shreveport,Caddo,LA,2022.0,calibration
A-6192962,Source1,2,2021-12-05 14:17:00,2021-12-06 15:33:18,1516.3,Incident on W 70TH ST near LINWOOD AVE Drive with caution., W 70th St,Shreveport,Caddo,LA,2021.0,validation
A-4392742,Source1,2,2022-12-18 13:54:00,2022-12-19 15:10:17,1516.2833333333333,Incident on E KINGS HWY near DICKSON DR Drive with caution., E Kings Hwy,Shreveport,Caddo,LA,2022.0,calibration
A-5682163,Source1,2,2021-09-19 15:38:00,2021-09-20 16:54:16,1516.2666666666667,Incident on N MARKET near OLD MOORINGSPORT RD Drive with caution., N Market St,Shreveport,Caddo,LA,2021.0,validation
A-5698778,Source1,2,2021-11-03 08:08:00,2021-11-04 09:24:15,1516.25,Incident on FLOURNOY LUCAS RD near PINES RD Drive with caution.,Buncombe Rd,Shreveport,Caddo,LA,2021.0,validation
A-5832385,Source1,2,2021-12-02 07:19:00,2021-12-03 08:35:14,1516.2333333333333,Incident on AERO DR near N MARKET ST Expect long delays., Aero Dr,Shreveport,Caddo,LA,2021.0,validation
A-6200663,Source1,2,2021-11-03 07:53:00,2021-11-04 09:09:12,1516.2,Incident on FOUR FORKS RD near SHANE LN Drive with caution., Four Forks Rd,Keithville,Caddo,LA,2021.0,validation
A-5643714,Source1,2,2021-12-23 20:13:00,2021-12-24 21:29:10,1516.1666666666667,Incident on HARRISON RD near WYNN SCHOOL RD Drive with caution., Harrison Rd,Ida,Caddo,LA,2021.0,validation
A-6021120,Source1,2,2021-06-12 01:43:00,2021-06-13 02:59:07,1516.1166666666666,Incident on LINWOOD near PEARTREE HILL RD Drive with caution., Linwood Ave,Shreveport,Caddo,LA,2021.0,validation
A-6959905,Source1,2,2020-11-10 01:02:00,2020-11-11 02:18:07,1516.1166666666666,Incident on OLIVE near LINE AVE Road hazard. Expect long delays., Line Ave,Shreveport,Caddo,LA,2020.0,train
A-5072291,Source1,2,2022-06-27 08:42:00,2022-06-28 09:57:58,1515.9666666666667,Incident on FAIRFIELD AVE near OLIVE ST Expect long delays., Fairfield Ave,Shreveport,Caddo,LA,2022.0,calibration
A-4417551,Source1,2,2022-06-24 14:08:00,2022-06-25 15:23:57,1515.95,Incident on DUPONT ST near ORLA AVE Drive with caution., Dupont St,Shreveport,Caddo,LA,2022.0,calibration
A-4256168,Source1,2,2022-03-06 02:42:00,2022-03-07 03:57:56,1515.9333333333334,Incident on 8TH ST near 58TH AVE Drive with caution., 8th Ave N,St Petersburg,Pinellas,FL,2022.0,calibration
A-6930847,Source1,2,2020-11-13 08:12:00,2020-11-14 09:27:52,1515.8666666666666,Incident on ORANGE BLOSSOM TRL near PEPPER MILL BLVD Drive with caution., S Orange Blossom Trl,Orlando,Orange,FL,2020.0,train
A-6005125,Source1,2,2021-06-17 00:48:00,2021-06-18 02:03:52,1515.8666666666666,Incident on FL-24 near 96TH PL Drive with caution., NE State Road 24,Bronson,Levy,FL,2021.0,validation
A-5780166,Source1,2,2021-09-11 00:01:00,2021-09-12 01:16:48,1515.8,Incident on 34TH AVE near 61ST ST Drive with caution., 34th Ave N,Saint Petersburg,Pinellas,FL,2021.0,validation
A-6186532,Source1,2,2021-09-24 00:02:00,2021-09-25 01:17:47,1515.7833333333333,Incident on I-595 WB near MM 8 Drive with caution.,I-595 E,Fort Lauderdale,Broward,FL,2021.0,validation
A-5638768,Source1,2,2021-06-01 01:25:00,2021-06-02 02:40:44,1515.7333333333333,Incident on S CHEROKEE WAY near W CREEK LN Drive with caution., S Cherokee Way,Homosassa,Citrus,FL,2021.0,validation
A-5258185,Source1,2,2022-09-22 04:04:00,2022-09-23 05:19:43,1515.7166666666667,Incident on S NARCOOSSEE RD near LILLIAN BLACK RD Expect delays., S Narcoossee Rd,St Cloud,Osceola,FL,2022.0,calibration
A-5899133,Source1,2,2021-08-22 07:16:00,2021-08-23 08:31:43,1515.7166666666667,Incident on SADLER RD near CEMETARY RD Drive with caution., Round Lake Rd,Apopka,Orange,FL,2021.0,validation
A-5925013,Source1,2,2021-08-22 07:16:00,2021-08-23 08:31:43,1515.7166666666667,Incident on SADLER RD near CEMETARY RD Drive with caution., Round Lake Rd,Apopka,Orange,FL,2021.0,validation
A-6426963,Source1,2,2021-01-15 08:56:00,2021-01-16 10:11:40,1515.6666666666667,Incident on ORANGE AVE near KELSEY RD Expect delays., S Orange Ave,Orlando,Orange,FL,2021.0,validation
A-5530315,Source1,2,2021-06-05 05:35:00,2021-06-06 06:50:39,1515.65,Incident on SW 155TH RD near SW 158TH LN Drive with caution., SW 155th Rd,Lake Butler,Union,FL,2021.0,validation
A-3774409,Source1,2,2022-09-22 03:20:00,2022-09-23 04:35:37,1515.6166666666666,Incident on E IRLO BRONSON MEMORIAL HWY near OLD MELBOURNE HWY Drive with caution., E Irlo Bronson Memorial Hwy,Saint Cloud,Osceola,FL,2022.0,calibration
A-5056144,Source1,2,2022-09-22 03:20:00,2022-09-23 04:35:37,1515.6166666666666,Incident on S ORANGE AVE near WINTER QUARTERS Drive with caution., S Orange Ave,Orlando,Orange,FL,2022.0,calibration
A-6195662,Source1,2,2021-11-01 00:04:00,2021-11-02 01:19:36,1515.6,Incident on W IRLO BRONSON MEMORIAL HWY near SIESTA LAGO DR Expect delays.,W Irlo Bronson Memorial Hwy,Kissimmee,Osceola,FL,2021.0,validation
A-6513442,Source1,2,2021-01-22 09:09:00,2021-01-23 10:24:32,1515.5333333333333,Incident on S 50TH ST near 20TH AVE Drive with caution., 50th St N,Saint Petersburg,Pinellas,FL,2021.0,validation
A-4569688,Source1,2,2022-09-17 00:01:00,2022-09-18 01:16:31,1515.5166666666667,Incident on I-75 SB near MM 368 Left lane blocked.,I-75 S,Reddick,Marion,FL,2022.0,calibration
A-6508960,Source1,2,2021-02-03 08:11:00,2021-02-04 09:26:31,1515.5166666666667,Incident on W SAND LAKE RD near DELLA DR Drive with caution.,Della Dr,Orlando,Orange,FL,2021.0,validation
A-6507139,Source1,2,2021-02-15 01:49:00,2021-02-16 03:04:26,1515.4333333333334,Incident on I-75 SB near GRIFFIN RD Drive with caution.,I-75 S,Fort Lauderdale,Broward,FL,2021.0,validation
A-6913705,Source1,2,2020-12-26 08:01:00,2020-12-27 09:16:26,1515.4333333333334,Incident on SAND LAKE RD near VOLTAIRE DR Drive with caution.,Voltaire Dr,Orlando,Orange,FL,2020.0,train
A-6576862,Source1,2,2020-10-16 07:03:00,2020-10-17 08:18:21,1515.35,Incident on BLUE STAR HWY near MARTIN LUTHER KING BLVD Drive with caution., Blue Star Hwy,Midway,Gadsden,FL,2020.0,train
A-3900469,Source1,2,2022-12-15 01:16:00,2022-12-16 02:31:19,1515.3166666666666,Incident on SAND LAKE RD near CURRENCY DR Drive with caution., Sand Lake Rd,Orlando,Orange,FL,2022.0,calibration
A-3931378,Source1,2,2022-01-20 07:43:00,2022-01-21 08:58:15,1515.25,Incident on I-95 NB near MM 280 Expect delays.,I-95,Flagler Beach,Flagler,FL,2022.0,calibration
A-4134926,Source1,2,2022-02-08 01:12:00,2022-02-09 02:27:14,1515.2333333333333,Incident on S MAIN ST near PINE ST Drive with caution., Pine St,Wildwood,Sumter,FL,2022.0,calibration
A-5989403,Source1,2,2021-08-06 01:00:00,2021-08-07 02:15:13,1515.2166666666667,Incident on ORANGE BLOSSOM TRL near ORANGE LN Expect delays., Orange Ln,Kissimmee,Osceola,FL,2021.0,validation
A-5596554,Source1,2,2021-08-06 00:00:00,2021-08-07 01:15:13,1515.2166666666667,Incident on I-75 NB near MM 384 Drive with caution.,I-75,Gainesville,Alachua,FL,2021.0,validation
A-6515348,Source1,2,2021-01-06 15:55:47,2021-01-07 17:10:56,1515.15,Slow traffic on NJ-21 from Rector St (NJ-21) to Market St (NJ-21) due to accident., McCarter Hwy,Newark,Essex,NJ,2021.0,validation
A-5954002,Source1,2,2021-03-30 00:08:00,2021-03-31 01:23:09,1515.15,Incident on I-95 NB near SOUTHERN BLVD Left lane blocked.,I-95 N,West Palm Beach,Palm Beach,FL,2021.0,validation
A-4381132,Source1,2,2022-01-26 01:50:00,2022-01-27 03:05:06,1515.1,Incident on I-95 SB near I-595 Drive with caution.,I-95,Fort Lauderdale,Broward,FL,2022.0,calibration
A-5755385,Source1,2,2021-10-30 01:14:00,2021-10-31 02:29:05,1515.0833333333333,Incident on SE 36TH AVE near SE 35TH ST Drive with caution., SE 36th Ave,Ocala,Marion,FL,2021.0,validation
A-6261353,Source1,2,2021-10-30 01:14:00,2021-10-31 02:29:05,1515.0833333333333,Incident on NW CR-25A near NW BELL ST Drive with caution., NW County Road 25A,Lake City,Columbia,FL,2021.0,validation
A-6644677,Source1,2,2020-11-20 09:36:00,2020-11-21 10:51:04,1515.0666666666666,Incident on FL-860 EB near I-95 Left lane blocked., NE 183rd St,Miami,Miami-Dade,FL,2020.0,train
A-6286773,Source1,4,2021-08-25 23:30:00,2021-08-27 00:45:02,1515.0333333333333,Construction on US-60 EB near FS ROAD 377 Road closed. Take alternate route.,AZ-77,Globe,Gila,AZ,2021.0,validation
A-5159399,Source1,2,2022-05-03 00:39:00,2022-05-04 01:54:02,1515.0333333333333,Incident on I-75 SB near MM 128 Drive with caution.,I-75,Fort Myers,Lee,FL,2022.0,calibration
A-6780253,Source1,2,2020-12-13 08:42:00,2020-12-14 09:57:01,1515.0166666666667,Incident on NW 27TH AVE near NW 14TH ST Drive with caution., NW 27th St,Miami,Miami-Dade,FL,2020.0,train
A-4864045,Source1,2,2022-11-17 22:08:00,2022-11-18 23:23:00,1515.0,Incident on GA-53 NB near SLATE MINE RD Drive with caution., Fairmount Hwy SE,Fairmount,Gordon,GA,2022.0,calibration
A-5367697,Source1,2,2022-03-31 21:46:00,2022-04-01 23:01:00,1515.0,Incident on GA-20 WB near SCOTT RD Road closed. Take alternate route., Weaver Cir,Canton,Cherokee,GA,2022.0,calibration
A-4123579,Source1,4,2022-04-11 05:37:00,2022-04-12 06:52:00,1515.0,Construction on US-93 NB near DATE CREEK RANCH RD Road closed. Take alternate route.,US-93 N,Congress,Yavapai,AZ,2022.0,calibration
A-3710662,Source1,2,2022-09-21 13:27:00,2022-09-22 14:41:47,1514.7833333333333,Construction on LA-20 EB near DEVIL SWAMP RD Road closed. Take alternate route.,W Main St,Thibodaux,Terrebonne,LA,2022.0,calibration
A-6939084,Source1,2,2020-10-25 23:27:00,2020-10-27 00:41:24,1514.4,Construction on I-70 WB near EISENHOWER TUNL Road closed. Take alternate route.,Eisenhower Tunnel,Silver Plume,Clear Creek,CO,2020.0,train
A-4566041,Source1,2,2022-07-17 10:57:07,2022-07-18 12:11:29,1514.3666666666666,Travelers can expect the following: Crash full blockage and road blocked until further notice. NB PASSING LANE BLOCKED WATCH FOR EMERGENCY PERSONNEL AND EQUIPMENT,I-15 N,Wolf Creek,Lewis and Clark,MT,2022.0,calibration
A-6215213,Source1,4,2021-06-21 19:24:00,2021-06-22 20:38:19,1514.3166666666666,Construction on AZ-87 SB near BIA-9844 Road closed. Take alternate route.,Mile Post 399,Kykotsmovi Village,Navajo,AZ,2021.0,validation
A-5320181,Source1,2,2022-09-05 11:36:00,2022-09-06 12:50:06,1514.1,Accident on Natividad Rd from E Boronda Rd to Rogge Rd., Natividad Rd,Salinas,Monterey,CA,2022.0,calibration
A-7089321,Source1,2,2020-06-15 22:45:00,2020-06-16 23:59:00,1514.0,At I-480/US-75/Exit 452 - Accident.,I-80 W,Omaha,Douglas,NE,2020.0,train
A-4067958,Source1,2,2022-12-05 13:58:00,2022-12-06 15:11:22,1513.3666666666666,Construction on AZ-238 WB near S 67TH AVE Road closed. Take alternate route.,Maricopa Rd,Maricopa,Maricopa,AZ,2022.0,calibration
A-6134613,Source1,2,2021-06-07 15:58:39,2021-06-08 17:11:18,1512.65,Construction on I-40 EB near EXIT 279A Drive with caution.,I-40 E,West Memphis,Crittenden,AR,2021.0,validation
A-4334367,Source1,2,2022-07-15 14:38:22,2022-07-16 15:50:39,1512.2833333333333,Construction on I-10 WB near MS-63 Drive with caution.,I-10 W,Moss Point,Jackson,MS,2022.0,calibration
A-5026184,Source1,2,2022-04-12 02:49:47,2022-04-13 04:02:03,1512.2666666666667,Travelers can expect the following: Crash blockage slideoff northbound until further notice. SEMI BLOCKING DL - WATCH FOR EMERGENCY AND MAINTENANCE PERSONNEL,I-15 N,Divide,Silver Bow,MT,2022.0,calibration
A-4834840,Source1,2,2022-11-06 09:01:07,2022-11-07 10:12:55,1511.8,Travelers can expect the following: Crash blockage jackknife and road blocked eastbound until further notice. EB LANES BLOCKEDEXPECT DELAYSWATCH FOR EMS,Interstate 90,Clinton,Granite,MT,2022.0,calibration
A-4518195,Source1,2,2022-04-12 18:38:46,2022-04-13 19:50:19,1511.55,Travelers can expect the following: Crash blockage and road blocked with reduced lanes and no passing eastbound until further notice. East bound passing lane closed for vehicle recovery reduce speed,I-90 E,Columbus,Stillwater,MT,2022.0,calibration
A-5867165,Source1,2,2021-07-23 17:39:00,2021-07-24 18:50:33,1511.55,Construction on I-76 WB near MP 72 Expect long delays.,I-76 W,Irwin,Westmoreland,PA,2021.0,validation
A-5389481,Source1,2,2023-01-14 12:27:00,2023-01-15 13:38:31,1511.5166666666667,Accident on Camino Verde from Camino Magenta to Thousand Oaks., Camino Verde,Thousand Oaks,Ventura,CA,2023.0,test
A-3707454,Source1,2,2022-12-16 00:53:15,2022-12-17 02:03:51,1510.6,Construction on I-76 EB near SWAILES RD Road closed. Take alternate route.,Amberson Rd,Spring Run,Franklin,PA,2022.0,calibration
A-4907225,Source1,2,2022-04-05 04:18:10,2022-04-06 05:28:10,1510.0,Travelers can expect the following: Crash unknown blockage rollover and road blocked with consider alternate route and reduced lanes eastbound until further notice. DL BLOCKED - EXPECT DELAYS - WATCH FOR EMERGENCY PERSONNEL,I-90 E,Alberton,Missoula,MT,2022.0,calibration
A-1594731,Source2,3,2020-01-15 03:00:17,2020-01-16 04:10:00,1509.7166666666667,Entry ramp to I-5 Northbound from 2nd St Southbound closed due to snow.,D St,Blaine,Whatcom,WA,2020.0,train
A-4459806,Source1,4,2022-01-09 22:01:00,2022-01-10 23:10:43,1509.7166666666667,Construction on I-10 EB near US-90 Road closed. Take alternate route.,I-10 E,New Orleans,Orleans,LA,2022.0,calibration
A-6244009,Source1,2,2021-07-06 16:51:00,2021-07-07 18:00:00,1509.0,Incident on I-215 NB near HOUSE 4901 Expect long delays.,I-215 N,Salt Lake City,Salt Lake,UT,2021.0,validation
A-6359114,Source1,2,2021-01-15 21:03:36,2021-01-16 22:12:10,1508.5666666666666,Incident on NJ-35 NB near NJ-71 Road closed. Take alternate route., State Route 35,Eatontown,Monmouth,NJ,2021.0,validation
A-5890406,Source1,2,2021-12-23 23:49:00,2021-12-25 00:56:50,1507.8333333333333,Construction on I-15 SB near DESERT SPRINGS Road closed. Take alternate route.,I-15 S,Littlefield,Mohave,AZ,2021.0,validation
A-6708269,Source1,4,2020-11-05 06:10:00,2020-11-06 07:17:39,1507.65,Road closed due to a crash on US-60 Westbound near Gilbert Rd (182) . All Lanes Closed.,Superstition Fwy W,Mesa,Maricopa,AZ,2020.0,train
A-6550886,Source1,2,2020-12-31 06:51:00,2021-01-01 07:58:25,1507.4166666666667,Incident on SLOAN DR near HOUSE 4200 Drive with caution., Sloan Dr,North Highlands,Sacramento,CA,2020.0,train
A-3959622,Source1,2,2022-07-01 11:54:13,2022-07-02 13:01:35,1507.3666666666666,Construction on NOGALES AVE near HOUSE 1420 Drive with caution., N Nogales Ave,Tulsa,Osage,OK,2022.0,calibration
A-6032025,Source1,2,2021-10-15 13:58:00,2021-10-16 15:05:07,1507.1166666666666,Construction on AZ-87 SB near N FS ROAD 272 Road closed. Take alternate route.,State Highway 87,Payson,Gila,AZ,2021.0,validation
A-4574586,Source1,2,2022-11-17 22:39:54,2022-11-18 23:47:00,1507.1,Incident on US-71 NB near LINWOOD BLVD Drive with caution.,E Linwood Blvd,Kansas City,Jackson,MO,2022.0,calibration
A-5113856,Source1,2,2022-04-12 17:40:28,2022-04-13 18:47:19,1506.85,Travelers can expect the following: Crash full blockage and road blocked with consider alternate route and detour eastbound until further notice. TRAFFIC SHOULD DETOUR USING FRONTAGE ROAD,I-90 E,Bozeman,Gallatin,MT,2022.0,calibration
A-6678790,Source1,2,2020-12-08 12:11:00,2020-12-09 13:17:04,1506.0666666666666,Construction on DE-1 SB near FREDERICA RD Right lane blocked. Expect delays.,Bay Rd,Frederica,Kent,DE,2020.0,train
A-1019318,Source2,2,2021-06-02 15:05:13,2021-06-03 16:11:00,1505.7833333333333,Lane blocked due to accident on Richland St Westbound at Center St.,Center St,East Peoria,Tazewell,IL,2021.0,validation
A-3554879,Source1,4,2016-07-21 03:54:24,2016-07-22 05:00:00,1505.6,Closed at Interstate Bridge - Road closed due to accident. Construction work.,Interstate Bridge,Vancouver,Clark,WA,2016.0,train
A-3964998,Source1,2,2022-04-13 08:48:29,2022-04-14 09:53:42,1505.2166666666667,Travelers can expect the following: Crash blockage jackknife and road blocked northbound until further notice. SEMI JACK KNIFENB LANES BLOCKED AT MM 164 INTERCHANGEEXPECT DELAYSALTERNATE ROUTE ADV,I-15 N,Jefferson City,Jefferson,MT,2022.0,calibration
A-5671155,Source1,2,2021-12-05 07:18:30,2021-12-06 08:22:49,1504.3166666666666,Construction on I-90 EB near MP 57 Drive with caution.,I-90 E,Superior,Mineral,MT,2021.0,validation
A-6498838,Source1,2,2021-01-05 09:50:00,2021-01-06 10:54:07,1504.1166666666666,Construction on US-60 EB near S HILL ST Road closed. Take alternate route.,W Ash St,Globe,Gila,AZ,2021.0,validation
A-6733587,Source1,4,2020-09-27 04:37:00,2020-09-28 05:40:55,1503.9166666666667,Construction on US-93 NB near TRES ALAMOS RD Road closed. Take alternate route.,Joshua Tree Forest Pky of Arizona,Congress,Yavapai,AZ,2020.0,train
A-5887238,Source1,2,2021-10-25 10:17:00,2021-10-26 11:20:55,1503.9166666666667,Construction on I-17 SB near 7TH ST Road closed. Take alternate route.,I-17 S,Phoenix,Maricopa,AZ,2021.0,validation
A-4055137,Source1,2,2023-01-13 22:58:00,2023-01-15 00:01:50,1503.8333333333333,Crash on US-50 Eastbound near mile marker 49.,US-50 E,Ely,White Pine,NV,2023.0,test
A-6034706,Source1,2,2021-06-26 16:33:03,2021-06-27 17:36:52,1503.8166666666666,Incident on US-54 near MM 328 Drive with caution.,US-54 E,Logan,Quay,NM,2021.0,validation
A-5648303,Source1,2,2021-12-20 18:04:20,2021-12-21 19:08:06,1503.7666666666667,Construction on US-287 SB near MP 24 Road closed. Take alternate route., US Highway 287 N,Cameron,Madison,MT,2021.0,validation
A-5606107,Source1,2,2021-05-29 03:32:00,2021-05-30 04:35:42,1503.7,Construction on I-10 EB near MARANA Road closed. Take alternate route.,I-10,Marana,Pinal,AZ,2021.0,validation
A-6755041,Source1,4,2020-10-05 09:58:00,2020-10-06 11:01:27,1503.45,Construction on I-17 SB near MUNDS PARK Road closed. Take alternate route.,Arizona Veterans Highway,Flagstaff,Coconino,AZ,2020.0,train
A-4939208,Source1,2,2022-12-25 10:51:44,2022-12-26 11:54:57,1503.2166666666667,Travelers can expect the following: an event and Crash until further notice.,I-90 W,Clinton,Missoula,MT,2022.0,calibration
A-4274634,Source1,2,2022-11-07 00:01:00,2022-11-08 01:04:10,1503.1666666666667,Incident on I-5 SB near WEED Road closed. Take alternate route.,I-5 S,Lakehead,Shasta,CA,2022.0,calibration
A-5704177,Source1,4,2021-04-13 20:41:00,2021-04-14 21:44:04,1503.0666666666666,Construction on I-70 EB near EISENHOWER TUNL Road closed. Take alternate route.,I-70 E,Dillon,Summit,CO,2021.0,validation
A-4148942,Source1,2,2022-05-12 06:25:00,2022-05-13 07:27:50,1502.8333333333333,Construction on LA-308 EB near VERDIN LN Road closed. Take alternate route., Highway 308,Thibodaux,Lafourche,LA,2022.0,calibration
A-6142516,Source1,2,2021-11-27 09:34:07,2021-11-28 10:36:45,1502.6333333333334,Construction on STATE HWY-421 NB near MP 3 Drive with caution., Joliet Rd,Columbus,Stillwater,MT,2021.0,validation
A-3744457,Source1,4,2022-12-09 07:50:00,2022-12-10 08:52:24,1502.4,Construction on AZ-89-ALT NB near GREAT WESTERN DR Road closed. Take alternate route.,AZ-89-ALT,Prescott,Yavapai,AZ,2022.0,calibration
A-4761761,Source1,2,2022-08-09 14:52:06,2022-08-10 15:54:29,1502.3833333333334,Construction on I-80 WB near MP 215 Left lane blocked.,US-30,Rawlins,Carbon,WY,2022.0,calibration
A-4441054,Source1,4,2022-10-02 23:43:00,2022-10-04 00:45:22,1502.3666666666666,Construction on AZ-101-LOOP WB near 75TH AVE Road closed. Take alternate route.,AZ-101 Loop W,Glendale,Maricopa,AZ,2022.0,calibration
A-6451480,Source1,2,2021-01-15 15:34:00,2021-01-16 16:36:08,1502.1333333333334,Construction on I-40 WB near WALNUT CANYON NATL MONUMENT Road closed. Take alternate route.,I-40 W,Flagstaff,Coconino,AZ,2021.0,validation
A-4437096,Source1,2,2023-01-15 09:26:55,2023-01-16 10:29:01,1502.1,Travelers can expect the following: an event and Crash until further notice., US Highway 12,Lavina,Golden Valley,MT,2023.0,test
A-5173105,Source1,2,2022-12-09 07:50:00,2022-12-10 08:52:00,1502.0,Construction on AZ-89-ALT NB near LARRY CALDWELL DR Road closed. Take alternate route.,E Larry Caldwell Dr,Prescott,Yavapai,AZ,2022.0,calibration
A-6669332,Source1,2,2020-11-08 03:54:00,2020-11-09 04:55:56,1501.9333333333334,Construction on US-60 WB near LITTLE COLORADO RIV Road closed. Take alternate route.,US Highway 60,Concho,Apache,AZ,2020.0,train
A-3715063,Source1,2,2022-11-03 14:32:00,2022-11-04 15:33:48,1501.8,Construction on I-17 NB near BADGER SPRINGS RD Road closed. Take alternate route.,Arizona Veterans Highway,Black Canyon City,Yavapai,AZ,2022.0,calibration
A-4608771,Source1,2,2022-12-14 20:56:45,2022-12-15 21:58:14,1501.4833333333333,Travelers can expect the following: Crash until further notice. vehicle slide off with trailer full blockage,I-90 E,Huson,Missoula,MT,2022.0,calibration
A-6297816,Source1,2,2021-11-04 20:30:00,2021-11-05 21:31:28,1501.4666666666667,Construction on US-69 NB near KS-66 Road closed. Take alternate route.,Historic Route 66,Riverton,Cherokee,KS,2021.0,validation
A-4301781,Source1,2,2022-11-07 15:33:12,2022-11-08 16:34:39,1501.45,Travelers can expect the following: Crash unknown blockage and road blocked with reduced lanes eastbound until further notice. partial blockage of eastbound lanes emergency responders on scene use caution,I-90 E,Manhattan,Gallatin,MT,2022.0,calibration
A-4514833,Source1,2,2022-03-05 09:16:05,2022-03-06 10:17:06,1501.0166666666667,Travelers can expect the following: Crash blockage and road blocked with reduced lanes and no passing eastbound until further notice. EB PASSING LANE IS BLOCKED,I-90 E,Belgrade,Gallatin,MT,2022.0,calibration
A-4652779,Source1,2,2022-10-13 06:08:00,2022-10-14 07:09:00,1501.0,Incident on I-20 WB near I-285 Expect long delays.,GA-402 W,Atlanta,Fulton,GA,2022.0,calibration
A-4193054,Source1,2,2022-03-16 06:46:00,2022-03-17 07:47:00,1501.0,Incident on I-95 SB near GA-27 Road closed. Take alternate route.,GA-405 S,Brunswick,Glynn,GA,2022.0,calibration
A-5790746,Source1,2,2021-08-03 21:53:00,2021-08-04 22:53:54,1500.9,Construction on US-93 SB near CR-145 Road closed. Take alternate route., N US Highway 93,Willow Beach,Mohave,AZ,2021.0,validation
A-3886699,Source1,2,2022-04-15 16:31:05,2022-04-16 17:31:50,1500.75,Travelers can expect the following: Crash blockage southbound until further notice., Flathead View Dr,Polson,Lake,MT,2022.0,calibration
A-5909227,Source1,2,2021-05-08 09:19:00,2021-05-09 10:19:30,1500.5,Construction on LA-24 WB near RUTH ST Road closed. Take alternate route., Barrow St,Houma,Terrebonne,LA,2021.0,validation
A-6602540,Source1,4,2020-09-16 17:11:00,2020-09-17 18:11:27,1500.45,Construction on AZ-347 NB near W FARRELL RD Road closed. Take alternate route.,W Peters and Nall Rd,Maricopa,Pinal,AZ,2020.0,train
A-4542399,Source1,2,2022-07-31 02:06:00,2022-08-01 03:06:23,1500.3833333333334,Construction on AZ-66 EB near E IRONWOOD DR Road closed. Take alternate route., E Andy Devine Ave,Kingman,Mohave,AZ,2022.0,calibration
A-5088397,Source1,4,2023-01-24 05:32:00,2023-01-25 06:32:16,1500.2666666666667,Construction on AZ-87 NB near S FOREST SERVICE RD Road closed. Take alternate route.,Beeline Hwy,Fort McDowell,Maricopa,AZ,2023.0,test
A-7091332,Source1,2,2020-06-16 05:18:00,2020-06-17 06:18:00,1500.0,At US-421 - Accident. Hard shoulder closed.,I-73 S,Greensboro,Guilford,NC,2020.0,train
A-4687250,Source1,2,2022-12-05 05:38:31,2022-12-06 06:38:21,1499.8333333333333,Construction on I-90 WB near MP 419 Drive with caution.,I-90 W,Columbus,Stillwater,MT,2022.0,calibration
A-5863636,Source1,2,2021-05-06 14:43:19,2021-05-07 15:43:00,1499.6833333333334,A crash has occurred causing no to minimum delays. Use caution., Highway 126,Sisters,Deschutes,OR,2021.0,validation
A-6953079,Source1,2,2020-11-10 22:22:27,2020-11-11 23:22:00,1499.55,A crash has occurred causing no to minimum delays. Use caution., N Highway 97,Bend,Deschutes,OR,2020.0,train
A-5615093,Source1,2,2021-06-29 07:49:49,2021-06-30 08:49:00,1499.1833333333334,A crash has occurred causing no to minimum delays. Use caution., NW Oneil Hwy,Redmond,Crook,OR,2021.0,validation
A-6582465,Source1,4,2020-09-27 04:26:41,2020-09-28 05:25:52,1499.1833333333334,Construction on AZ-87 SB near N PINE CREEK CANYON RD Road closed. Take alternate route., Pine Creek Canyon Dr,Pine,Gila,AZ,2020.0,train
A-6779867,Source1,4,2020-11-13 15:08:00,2020-11-14 16:07:05,1499.0833333333333,Construction on LA-311 NB near MYSTIC BLVD Road closed. Take alternate route., Eagles Nest Ct,Houma,Terrebonne,LA,2020.0,train
A-5373985,Source1,2,2022-02-21 09:59:58,2022-02-22 10:58:54,1498.9333333333334,Construction on US-87 NB near MP 13 Road closed. Take alternate route., US Highway 87 N,Shepherd,Yellowstone,MT,2022.0,calibration
A-6625247,Source1,4,2020-10-08 07:18:00,2020-10-09 08:16:54,1498.9,Construction on I-10 EB near W QUEEN CREEK RD Road closed. Take alternate route.,I-10 E,Chandler,Maricopa,AZ,2020.0,train
A-6004630,Source1,4,2021-09-04 06:40:00,2021-09-05 07:38:49,1498.8166666666666,Construction on I-10 EB near LA-42 Road closed. Take alternate route.,I-10,Baton Rouge,East Baton Rouge,LA,2021.0,validation
A-4503321,Source1,2,2022-06-24 07:04:00,2022-06-25 08:02:41,1498.6833333333334,Construction on US-422 WB near US-422 Drive with caution.,Pottstown Expy W,Wayne,Chester,PA,2022.0,calibration
A-5284672,Source1,2,2022-11-06 13:38:28,2022-11-07 14:37:00,1498.5333333333333,Construction on US-212 WB near MP 42 Drive with caution.,US Highway 212,Lame Deer,Rosebud,MT,2022.0,calibration
A-6082727,Source1,2,2021-12-25 07:05:00,2021-12-26 08:03:32,1498.5333333333333,Construction on I-10 EB near MILLER RD Road closed. Take alternate route.,I-10 E,Buckeye,Maricopa,AZ,2021.0,validation
A-4329871,Source1,2,2022-11-16 07:34:41,2022-11-17 08:33:00,1498.3166666666666,Travelers can expect the following: an event and Crash eastbound until further notice.,I-90 E,Lodge Grass,Big Horn,MT,2022.0,calibration
A-4697919,Source1,2,2022-04-02 10:59:38,2022-04-03 11:57:40,1498.0333333333333,Travelers can expect the following: Crash full blockage until further notice. Semi Rollover causing Full Blockage of East Bound Lanes,I-90 W,Bozeman,Gallatin,MT,2022.0,calibration
A-6248944,Source1,2,2021-04-15 18:57:00,2021-04-16 19:55:02,1498.0333333333333,Construction on I-70 EB near SILVERTHORNE Road closed. Take alternate route.,CO-9 N,Frisco,Summit,CO,2021.0,validation
A-6743495,Source1,2,2020-09-13 15:30:00,2020-09-14 16:27:40,1497.6666666666667,Construction on AZ-87 SB near FS ROAD 626 Road closed. Take alternate route.,Beeline Hwy,Payson,Gila,AZ,2020.0,train
A-5216375,Source1,2,2022-10-10 05:34:00,2022-10-11 06:31:33,1497.55,Construction on AZ-287 EB near N CURRY RD Road closed. Take alternate route., W Highway 287,Casa Grande,Pinal,AZ,2022.0,calibration
A-4350841,Source1,2,2023-01-14 05:22:44,2023-01-15 06:19:26,1496.7,Travelers can expect the following: Crash eastbound until further notice.,Bear Gulch Rd,Drummond,Granite,MT,2023.0,test
A-6394125,Source1,2,2021-01-15 22:45:00,2021-01-16 23:41:31,1496.5166666666667,Construction on US-77 SB near WASHINGTON AVE Road closed. Take alternate route., Highway 77,Hooper,Dodge,NE,2021.0,validation
A-6111318,Source1,2,2021-05-05 09:45:14,2021-05-06 10:41:37,1496.3833333333334,Construction on AZ-85 NB near E SAHUARO ST Road closed. Take alternate route.,Ajo Sonita Hwy,Ajo,Pima,AZ,2021.0,validation
A-3993970,Source1,4,2022-11-14 09:11:55,2022-11-15 10:08:01,1496.1,Construction on I-90 WB near MP 315 Road closed. Take alternate route.,I-90 W,Bozeman,Gallatin,MT,2022.0,calibration
A-5043593,Source1,4,2022-08-03 10:58:57,2022-08-04 11:54:57,1496.0,Construction on MT-84 WB near MP 24 Road closed. Take alternate route.,Access,Bozeman,Gallatin,MT,2022.0,calibration
A-5125006,Source1,2,2022-04-11 18:05:59,2022-04-12 19:01:45,1495.7666666666667,Travelers can expect the following: Crash intermittent blockage multiple vehicles and road blocked with reduced lanes and no passing westbound until further notice. WATCH FOR EMERGENCY VEHICLES. SLOW DOWN AND USE CAUTION.,I-90 W,Bozeman,Gallatin,MT,2022.0,calibration
A-4785206,Source1,4,2022-04-11 18:05:59,2022-04-12 19:01:45,1495.7666666666667,Construction on I-90 WB near MP 316 Road closed. Take alternate route.,I-90 W,Bozeman,Gallatin,MT,2022.0,calibration
A-3817328,Source1,2,2022-12-12 08:13:14,2022-12-13 09:08:58,1495.7333333333333,Construction on I-90 EB near MP 19 Drive with caution., Thompson Deborgia Rd,Saint Regis,Mineral,MT,2022.0,calibration
A-6870237,Source1,4,2020-11-09 17:24:00,2020-11-10 18:19:39,1495.65,Construction on US-285 SB near RED HILL Road closed. Take alternate route., US Highway 285,Fairplay,Park,CO,2020.0,train
A-3895579,Source1,2,2022-04-12 07:42:34,2022-04-13 08:38:08,1495.5666666666666,Travelers can expect the following: Crash blockage multiple vehicles with reduced lanes until further notice. EB passing lane blocked,I-90 W,Billings,Yellowstone,MT,2022.0,calibration
A-5150805,Source1,2,2022-11-09 10:37:01,2022-11-10 11:32:35,1495.5666666666666,Travelers can expect the following: Crash no blockage slideoff eastbound until further notice. SEMI IN MEDIANWATCH FOR WRECKER,I-90 E,Missoula,Missoula,MT,2022.0,calibration
A-5300368,Source1,2,2022-01-27 21:38:30,2022-01-28 22:34:00,1495.5,Road Closed (Crash) - on SR-163/Laughlin Hwy eastbound at Casino Dr in Laughlin Clark County Nevada. If possible use other routes and expect delays.,State Road 163,Laughlin,Clark,NV,2022.0,calibration
A-6257450,Source1,2,2021-03-09 19:19:00,2021-03-10 20:14:10,1495.1666666666667,Construction on I-70 WB near EISENHOWER TUNL Road closed. Take alternate route.,Eisenhower Tunnel,Silver Plume,Clear Creek,CO,2021.0,validation
A-3956832,Source1,2,2022-04-07 07:39:38,2022-04-08 08:34:40,1495.0333333333333,Construction on DETROIT AVE near HOUSE 350 Drive with caution., N Detroit Ave,Tulsa,Tulsa,OK,2022.0,calibration
A-6027891,Source1,2,2021-12-27 10:16:27,2021-12-28 11:11:26,1494.9833333333333,Construction on US-191 NB near MP 56 Road closed. Take alternate route.,NFD Road 479,Gallatin Gateway,Gallatin,MT,2021.0,validation
A-5050027,Source1,2,2022-02-20 19:09:49,2022-02-21 20:04:35,1494.7666666666667,Travelers can expect the following: Crash intermittent blockage westbound until further notice. SEMI-TRUCK BLOCKING WB DRIVING LANE,I-90 W,Columbus,Stillwater,MT,2022.0,calibration
A-5176059,Source1,2,2022-11-17 07:56:45,2022-11-18 08:51:31,1494.7666666666667,Construction on US-93 NB near MP 81 Drive with caution., US Highway 93 N,Lolo,Missoula,MT,2022.0,calibration
A-4664215,Source1,2,2022-03-24 12:33:24,2022-03-25 13:27:56,1494.5333333333333,Construction on MAIN ST near HOUSE 1920 Drive with caution.,W Tecumseh St,Tulsa,Tulsa,OK,2022.0,calibration
A-5381092,Source1,2,2022-07-04 22:43:02,2022-07-05 23:37:32,1494.5,Construction on 124TH E AVE near HOUSE 1828 Drive with caution., E 18th Pl S,Tulsa,Tulsa,OK,2022.0,calibration
A-4939350,Source1,2,2022-11-03 04:53:32,2022-11-04 05:48:00,1494.4666666666667,Construction on I-80 EB near PATRICK DRAW Expect long delays.,I-80,Wamsutter,Sweetwater,WY,2022.0,calibration
A-4678746,Source1,2,2022-10-11 13:58:00,2022-10-12 14:52:07,1494.1166666666666,Construction on US-160 EB near BIA-6240 Road closed. Take alternate route.,US-160,Tuba City,Coconino,AZ,2022.0,calibration
A-6093595,Source1,2,2021-06-09 08:30:00,2021-06-10 09:23:54,1493.9,Construction on NE-31 SB near US-30 Road closed. Take alternate route.,NE-31,Kennard,Washington,NE,2021.0,validation
A-5888380,Source1,2,2021-09-27 20:23:00,2021-09-28 21:16:50,1493.8333333333333,Construction on I-476 SB near MP 38 Expect long delays.,I-476,Quakertown,Bucks,PA,2021.0,validation
A-4659205,Source1,2,2022-04-12 00:14:10,2022-04-13 01:07:57,1493.7833333333333,Travelers can expect the following: Crash intermittent blockage until further notice. WATCH FOR MULTIPLE VEHICLES.,I-90 W,Livingston,Park,MT,2022.0,calibration
A-4220958,Source1,2,2022-02-16 15:56:48,2022-02-17 16:50:28,1493.6666666666667,Travelers can expect the following: Crash intermittent blockage rollover eastbound until further notice. SLOW SPEED. WATCH FOR VEHICLES.,I-90 E,Lodge Grass,Big Horn,MT,2022.0,calibration
A-5836431,Source1,2,2021-04-28 00:48:00,2021-04-29 01:41:30,1493.5,Construction on I-17 SB near CAMELBACK RD Road closed. Take alternate route.,Black Canyon Fwy S,Phoenix,Maricopa,AZ,2021.0,validation
A-4136534,Source1,2,2022-04-02 12:21:18,2022-04-03 13:14:43,1493.4166666666667,Construction on MEMORIAL DR near HOUSE 6808 Drive with caution., S Memorial Dr,Tulsa,Tulsa,OK,2022.0,calibration
A-5599505,Source1,2,2021-09-27 02:57:49,2021-09-28 03:51:13,1493.4,Construction on 39TH ST near HOUSE 12234 Expect delays., E 39th St,Tulsa,Tulsa,OK,2021.0,validation
A-5722900,Source1,2,2021-10-28 03:06:00,2021-10-29 03:59:23,1493.3833333333334,Construction on I-40 WB near I-40 BUS Road closed. Take alternate route.,I-40 W,Flagstaff,Coconino,AZ,2021.0,validation
A-5868712,Source1,2,2021-05-01 23:53:00,2021-05-03 00:46:22,1493.3666666666666,Construction on I-10 EB near I-19 Road closed. Take alternate route.,,Tucson,Pima,AZ,2021.0,validation
A-4354769,Source1,4,2022-01-01 16:07:00,2022-01-02 17:00:19,1493.3166666666666,Construction on AZ-74 WB near N 211TH AVE Road closed. Take alternate route., Morristown New River Hwy,Morristown,Maricopa,AZ,2022.0,calibration
A-6579870,Source1,2,2020-11-23 20:50:00,2020-11-24 21:43:18,1493.3,Construction on AZ-87 NB near SUNFLOWER FRONTAGE RD Road closed. Take alternate route.,Sycamore Creek Rd,Fort McDowell,Maricopa,AZ,2020.0,train
A-4234469,Source1,4,2022-07-02 01:45:00,2022-07-03 02:38:16,1493.2666666666667,Construction on FULLERTON RD near MESCAL ST Road closed. Take alternate route., Mescal St,Rowland Heights,Los Angeles,CA,2022.0,calibration
A-6693942,Source1,2,2020-10-01 17:39:00,2020-10-02 18:32:12,1493.2,Incident on LAMBERT ST WB near VINEYARD AVE Drive with caution., E Vineyard Ave,Oxnard,Ventura,CA,2020.0,train
A-6264024,Source1,2,2021-11-01 21:30:00,2021-11-02 22:23:08,1493.1333333333334,Construction on LA-3185 SB near LA-3107 Road closed. Take alternate route., Highway 3185,Thibodaux,Lafourche,LA,2021.0,validation
A-5872347,Source1,2,2021-10-06 08:52:00,2021-10-07 09:45:07,1493.1166666666666,Construction on I-76 WB near MP 6 Expect long delays.,Pennsylvania Tpke,New Galilee,Beaver,PA,2021.0,validation
A-6722453,Source1,2,2020-09-18 15:50:40,2020-09-19 16:43:45,1493.0833333333333,Construction on STATE RTE-77 WB near STATE RTE-31 Road closed. Take alternate route., Chestnut Ridge Rd,Lockport,Niagara,NY,2020.0,train
A-4407722,Source1,4,2022-11-13 08:08:00,2022-11-14 09:01:04,1493.0666666666666,Crash on US-6 Both Directions at mile marker 23 south of Coaldale in Esmeralda County. All Lanes Closed.,US-95,Goldfield,Esmeralda,NV,2022.0,calibration
A-4494764,Source1,4,2022-12-17 02:38:00,2022-12-18 03:31:02,1493.0333333333333,Construction on I-8 EB near I-8 Road closed. Take alternate route.,I-8 E,Yuma,Yuma,AZ,2022.0,calibration
A-5975337,Source1,2,2021-09-20 19:28:00,2021-09-21 20:21:02,1493.0333333333333,Construction on I-76 WB near MP 124 Expect long delays.,I-70 W,Berlin,Somerset,PA,2021.0,validation
A-4679270,Source1,2,2023-01-25 11:13:00,2023-01-26 12:06:00,1493.0,Incident on I-75 SB near GA-133 Expect long delays.,GA-401 S,Valdosta,Lowndes,GA,2023.0,test
A-6264973,Source1,2,2021-12-15 08:43:00,2021-12-16 09:35:55,1492.9166666666667,Construction on I-40 EB near BUFFALO RANGE RD Road closed. Take alternate route.,I-40,Flagstaff,Coconino,AZ,2021.0,validation
A-4546523,Source1,2,2022-04-15 13:27:30,2022-04-16 14:20:18,1492.8,Road closed due to a crash on SR-74 Eastbound near N Lake Pleasant Rd (21) . Lane Closed., N Lake Pleasant Rd,Peoria,Maricopa,AZ,2022.0,calibration
A-4220499,Source1,2,2022-04-22 15:53:16,2022-04-23 16:45:58,1492.7,Construction on AZ-95 NB near 7TH ST Road closed. Take alternate route., Highway 95,Bullhead City,Mohave,AZ,2022.0,calibration
A-5932601,Source1,2,2021-08-02 20:11:00,2021-08-03 21:03:42,1492.7,Construction on I-476 NB near MP 31 Expect long delays.,I-476 N,Souderton,Montgomery,PA,2021.0,validation
A-6679381,Source1,2,2020-09-20 17:20:00,2020-09-21 18:12:42,1492.7,Construction on I-17 SB near AZ-169 Road closed. Take alternate route.,Arizona Veterans Highway,Mayer,Yavapai,AZ,2020.0,train
A-5509028,Source1,2,2021-10-11 01:25:00,2021-10-12 02:17:41,1492.6833333333334,Construction on I-10 WB near US-60 Road closed. Take alternate route.,I-10,Salome,La Paz,AZ,2021.0,validation
A-5332367,Source1,4,2022-08-09 09:20:00,2022-08-10 10:12:41,1492.6833333333334,Construction on AZ-87 NB near W MAIN ST Road closed. Take alternate route., S Beeline Hwy,Payson,Gila,AZ,2022.0,calibration
A-4009617,Source1,4,2022-11-03 08:41:00,2022-11-04 09:33:35,1492.5833333333333,Construction on AZ-260 WB near PORTER MOUNTAIN RD Road closed. Take alternate route., W White Mountain Blvd,Lakeside,Navajo,AZ,2022.0,calibration
A-6638458,Source1,2,2020-09-27 10:37:41,2020-09-28 11:30:12,1492.5166666666667,Construction on STATE RTE-33 WB near STATE RTE-198 Road closed. Take alternate route.,Kensington Expy W,Buffalo,Erie,NY,2020.0,train
A-5549075,Source1,2,2021-08-25 06:34:00,2021-08-26 07:26:26,1492.4333333333334,Construction on AZ-260 WB near FS ROAD 9566O Road closed. Take alternate route., State Route 260,Forest Lakes,Coconino,AZ,2021.0,validation
A-6025360,Source1,2,2021-05-11 18:35:00,2021-05-12 19:27:20,1492.3333333333333,Construction on I-76 WB near MP 72 Expect long delays.,I-76 W,Irwin,Westmoreland,PA,2021.0,validation
A-4621282,Source1,2,2022-11-03 10:36:03,2022-11-04 11:28:21,1492.3,Construction on I-80 EB near UTAH STATE LINE Right lane blocked. Expect delays.,I-80 E,Evanston,Uinta,WY,2022.0,calibration
A-3959289,Source1,2,2022-05-13 17:31:01,2022-05-14 18:23:15,1492.2333333333333,Construction on 31ST ST near HOUSE 6600 Expect delays., E 31st St S,Tulsa,Tulsa,OK,2022.0,calibration
A-5431425,Source1,2,2022-06-10 18:27:21,2022-06-11 19:19:33,1492.2,Construction on ADMIRAL PL near HOUSE 16920 Expect delays., E Admiral Pl,Tulsa,Tulsa,OK,2022.0,calibration
A-5264862,Source1,4,2022-04-04 12:44:38,2022-04-05 13:36:48,1492.1666666666667,Construction on US-12 WB near MP 2 Road closed. Take alternate route., Highway 12 W,Lolo,Missoula,MT,2022.0,calibration
A-4833308,Source1,2,2022-05-04 11:04:26,2022-05-05 11:56:35,1492.15,Construction on HARVARD AVE near HOUSE 3139 Drive with caution., E 31st St,Tulsa,Tulsa,OK,2022.0,calibration
A-5692181,Source1,2,2021-10-26 01:38:00,2021-10-27 02:30:00,1492.0,Construction on US-70 EB near YELLOWJACKET RD Road closed. Take alternate route.,W US Highway 70,Peridot,Graham,AZ,2021.0,validation
A-3941369,Source1,2,2022-09-27 08:48:00,2022-09-28 09:40:00,1492.0,Road closed due to a crash on E SR-87 Westbound near N Kenworthy Rd (MP 135),N Arizona Blvd,Coolidge,Pinal,AZ,2022.0,calibration
A-4482010,Source1,2,2022-05-31 00:15:00,2022-06-01 01:06:58,1491.9666666666667,Construction on AZ-95 NB near BASELINE RD Road closed. Take alternate route., Mohave Valley Hwy,Bullhead City,Mohave,AZ,2022.0,calibration
A-4037333,Source1,2,2022-06-24 20:07:09,2022-06-25 20:59:03,1491.9,Construction on 71ST ST near HOUSE 10700 Drive with caution.,E 71st St,Tulsa,Tulsa,OK,2022.0,calibration
A-6312427,Source1,2,2021-06-17 03:28:08,2021-06-18 04:20:00,1491.8666666666666,Road Closed (Crash) - on I-15 northbound at Moapa Valley Blvd in Moapa Valley Clark County Nevada. Expect delays.,I-15,Logandale,Clark,NV,2021.0,validation
A-4728398,Source1,2,2022-10-12 17:24:44,2022-10-13 18:16:32,1491.8,Construction on YALE AVE near HOUSE 4900 Drive with caution., S Yale Ave,Tulsa,Tulsa,OK,2022.0,calibration
A-6060449,Source1,2,2021-09-24 20:49:00,2021-09-25 21:40:48,1491.8,Construction on AZ-179 SB near FS9206L Road closed. Take alternate route.,Beaverhead Flat Rd,Sedona,Yavapai,AZ,2021.0,validation
A-4377189,Source1,2,2022-10-31 19:21:42,2022-11-01 20:13:28,1491.7666666666667,Construction on YORKTOWN AVE near HOUSE 5600 Expect delays., E 56th St S,Tulsa,Tulsa,OK,2022.0,calibration
A-4928370,Source1,2,2022-07-16 02:12:31,2022-07-17 03:04:17,1491.7666666666667,Construction on 94TH ST near HOUSE 9058 Expect delays., E 94th St S,Tulsa,Tulsa,OK,2022.0,calibration
A-4939178,Source1,2,2022-03-23 06:16:49,2022-03-24 07:08:35,1491.7666666666667,Travelers can expect the following: Crash blockage southbound until further notice. SLOW DOWN AND WATCH FOR EMERGENCY VEHICLES IN THE AREA, 2nd St,Cardwell,Madison,MT,2022.0,calibration
A-4753022,Source1,2,2022-06-17 15:53:00,2022-06-18 16:44:42,1491.7,Construction on PINE ST near HOUSE 7800 Expect delays., E Pine St,Tulsa,Tulsa,OK,2022.0,calibration
A-4336048,Source1,2,2022-08-30 14:53:22,2022-08-31 15:45:02,1491.6666666666667,Construction on GARRISON AVE near HOUSE 3500 Drive with caution., N Garrison Ave,Tulsa,Tulsa,OK,2022.0,calibration
A-5946175,Source1,4,2021-12-24 08:30:00,2021-12-25 09:21:36,1491.6,Construction on I-610 EB near LONDON AVE CANAL Road closed. Take alternate route.,,New Orleans,Orleans,LA,2021.0,validation
A-6224075,Source1,2,2021-11-23 21:13:22,2021-11-24 22:04:57,1491.5833333333333,Construction on US-87 SB near MP 6 Drive with caution., US Highway 87,Great Falls,Cascade,MT,2021.0,validation
A-4385029,Source1,2,2022-02-16 10:49:47,2022-02-17 11:41:22,1491.5833333333333,Travelers can expect the following: Crash blockage jackknife with reduced lanes westbound until further notice. JACKKNIFED SEMI - PARTIAL BLOCKAGE OF WEST BOUND PASSING LANE - SLOW DOWN - MOVE OVER - WATCH FOR EMERGENCY PERSONELL,I-90 W,Greycliff,Sweet Grass,MT,2022.0,calibration
A-3921383,Source1,2,2022-10-31 20:02:00,2022-11-01 20:53:27,1491.45,Construction on 21ST ST near HOUSE 1300 Expect delays., E 21st St,Tulsa,Tulsa,OK,2022.0,calibration
A-6765553,Source1,2,2020-12-02 02:57:00,2020-12-03 03:48:26,1491.4333333333334,Construction on AZ-66 EB near ELLA S PL Road closed. Take alternate route., Old State Highway 66,Kingman,Mohave,AZ,2020.0,train
A-6631786,Source1,2,2020-11-29 03:38:00,2020-11-30 04:29:22,1491.3666666666666,Construction on US-191 NB near W OLD PAXTON PL Road closed. Take alternate route., S US Highway 191,Safford,Graham,AZ,2020.0,train
A-4356903,Source1,2,2022-09-20 17:57:12,2022-09-21 18:48:34,1491.3666666666666,Construction on YALE AVE near HOUSE 200 Drive with caution., E 2nd St S,Tulsa,Tulsa,OK,2022.0,calibration
A-6511064,Source1,2,2021-01-25 12:35:00,2021-01-26 13:26:21,1491.35,Construction on I-10 WB near JOHNSON RD Road closed. Take alternate route.,I-10 W,Willcox,Cochise,AZ,2021.0,validation
A-4413131,Source1,2,2022-06-22 16:47:43,2022-06-23 17:38:55,1491.2,Construction on EVANSTON AVE near HOUSE 6100 Drive with caution., E 58th St S,Tulsa,Tulsa,OK,2022.0,calibration
A-5721793,Source1,4,2021-10-14 15:29:00,2021-10-15 16:20:11,1491.1833333333334,Construction on I-10 EB near VICKSBURG RD Road closed. Take alternate route.,I-10,Salome,La Paz,AZ,2021.0,validation
A-6148823,Source1,2,2021-03-25 18:33:00,2021-03-26 19:24:10,1491.1666666666667,Construction on AZ-95 NB near LAKE SHORE BLVD Road closed. Take alternate route.,AZ-95,Lake Havasu City,Mohave,AZ,2021.0,validation
A-6311740,Source1,2,2021-07-12 19:26:00,2021-07-13 20:17:08,1491.1333333333334,Construction on I-10 EB near JIMMIE KERR BLVD Road closed. Take alternate route.,I-10 E,Casa Grande,Pinal,AZ,2021.0,validation
A-5295164,Source1,2,2022-09-26 15:10:41,2022-09-27 16:01:49,1491.1333333333334,Construction on YALE AVE near HOUSE 8100 Drive with caution.,E 81st St,Tulsa,Tulsa,OK,2022.0,calibration
A-5683762,Source1,2,2021-06-11 17:37:00,2021-06-12 18:28:07,1491.1166666666666,Construction on I-10 EB near AZ-187 Road closed. Take alternate route.,I-10 E,Maricopa,Pinal,AZ,2021.0,validation
A-5903830,Source1,2,2021-08-14 12:24:00,2021-08-15 13:15:02,1491.0333333333333,Construction on US-6 EB near MM 257 Road closed. Take alternate route.,US-6,Evergreen,Clear Creek,CO,2021.0,validation
A-5342138,Source1,2,2022-01-11 20:16:20,2022-01-12 21:07:21,1491.0166666666667,Construction on MT-200 EB near MP 69 Drive with caution., MT Highway 200,Plains,Sanders,MT,2022.0,calibration
A-5818745,Source1,4,2021-11-05 23:12:00,2021-11-07 00:03:00,1491.0,Construction on AZ-72 EB near CENTRAL AVE Road closed. Take alternate route., Central Ave,Parker,La Paz,AZ,2021.0,validation
A-5167435,Source1,2,2023-01-18 01:32:00,2023-01-19 02:23:00,1491.0,Road closed due to a crash on I-40 Eastbound from Winona (MP 209) to Twin Arrows (MP 218),I-40 E,Flagstaff,Coconino,AZ,2023.0,test
A-5267894,Source1,2,2022-04-08 18:51:00,2022-04-09 19:42:00,1491.0,Incident on I-12 EB near LA-63 Road closed. Take alternate route.,I-12,Livingston,Livingston,LA,2022.0,calibration
A-4068647,Source1,2,2022-03-15 09:27:00,2022-03-16 10:17:54,1490.9,Construction on WA-14 WB near MP 0 Left lane blocked., SE Columbia Way,Vancouver,Clark,WA,2022.0,calibration
A-5482898,Source1,4,2021-12-06 16:44:37,2021-12-07 17:35:31,1490.9,Construction on MT-35 SB near MP 9 Road closed. Take alternate route., MT Highway 35,Polson,Lake,MT,2021.0,validation
A-4138536,Source1,2,2022-09-13 08:25:42,2022-09-14 09:16:36,1490.9,Construction on 61ST ST near HOUSE 2235 Drive with caution., S Zunis Ave,Tulsa,Tulsa,OK,2022.0,calibration
A-5754684,Source1,2,2021-08-11 23:35:00,2021-08-13 00:25:52,1490.8666666666666,Construction on AZ-177 NB near E CLIFFSIDE RD Road closed. Take alternate route.,Silver Crk,Kearny,Pinal,AZ,2021.0,validation
A-4219242,Source1,2,2022-12-07 11:10:00,2022-12-08 12:00:48,1490.8,Construction on LA-24 WB near RESERVATION BRG Road closed. Take alternate route., Reservation Ct,Gray,Terrebonne,LA,2022.0,calibration
A-5745578,Source1,2,2021-12-27 21:05:00,2021-12-28 21:55:41,1490.6833333333334,Construction on US-60 EB near N SUPERSTITION MOUNTAIN DR Road closed. Take alternate route., US Highway 60,Apache Junction,Pinal,AZ,2021.0,validation
A-4677532,Source1,2,2022-08-07 00:14:56,2022-08-08 01:05:37,1490.6833333333334,Construction on US-2 WB near MP 215 Road closed. Take alternate route., Durham Rd,Browning,Glacier,MT,2022.0,calibration
A-5772862,Source1,2,2021-09-08 20:01:00,2021-09-09 20:51:39,1490.65,Construction on I-76 EB near MP 70 Expect long delays., Glenn Fox Rd,New Stanton,Westmoreland,PA,2021.0,validation
A-6387737,Source1,2,2021-01-23 16:00:00,2021-01-24 16:50:39,1490.65,Construction on I-80 EB near L ST Road closed. Take alternate route.,I-80,Omaha,Douglas,NE,2021.0,validation
A-6766324,Source1,4,2020-10-26 02:46:00,2020-10-27 03:36:38,1490.6333333333334,Construction on I-70 WB near RIFLE Road closed. Take alternate route.,I-70 W,Rifle,Garfield,CO,2020.0,train
A-4952036,Source1,2,2022-08-26 09:27:35,2022-08-27 10:18:10,1490.5833333333333,Construction on US-2 EB near MP 590 Drive with caution., E Blaine St,Wolf Point,Roosevelt,MT,2022.0,calibration
A-4362783,Source1,2,2022-11-19 12:17:00,2022-11-20 13:07:34,1490.5666666666666,Construction on AZ-260 EB near N MOUNTAIN VIEW RD Road closed. Take alternate route., E AZ Highway 260,Payson,Gila,AZ,2022.0,calibration
A-4966375,Source1,2,2022-08-06 21:41:45,2022-08-07 22:32:18,1490.55,Construction on EVANSTON PL near HOUSE 1614 Drive with caution., N Evanston Pl,Tulsa,Tulsa,OK,2022.0,calibration
A-6663612,Source1,2,2020-11-23 00:10:00,2020-11-24 01:00:29,1490.4833333333333,Construction on AZ-260 EB near FS ROAD 412 Road closed. Take alternate route.,Payson Heber Hwy,Forest Lakes,Navajo,AZ,2020.0,train
A-3942115,Source1,2,2022-04-11 10:31:37,2022-04-12 11:22:06,1490.4833333333333,Construction on 90TH E AVE near HOUSE 7989 Drive with caution., S 90th Ave E,Tulsa,Tulsa,OK,2022.0,calibration
A-4654295,Source1,2,2022-03-19 02:38:25,2022-03-20 03:28:53,1490.4666666666667,Construction on I-17 SB near PIONEER RD Road closed. Take alternate route.,Black Canyon Fwy S,Phoenix,Maricopa,AZ,2022.0,calibration
A-3921749,Source1,2,2022-05-12 13:57:35,2022-05-13 14:48:00,1490.4166666666667,Travelers can expect the following: Crash blockage rollover and road blocked with reduced lanes until further notice. oil tanker rollover with oil spill creating a slick roadway Emergency responders on scene, US Highway 93,Saint Ignatius,Lake,MT,2022.0,calibration
A-5045566,Source1,2,2022-05-26 15:17:39,2022-05-27 16:08:02,1490.3833333333334,Construction on 129TH E AVE near HOUSE 6100 Expect delays., S 129th East Ave,Tulsa,Tulsa,OK,2022.0,calibration
A-5865891,Source1,2,2021-11-02 16:41:38,2021-11-03 17:31:59,1490.35,Construction on I-90 WB near MP 538 Drive with caution.,I-90 W,Lodge Grass,Big Horn,MT,2021.0,validation
A-6259186,Source1,2,2021-04-27 19:52:00,2021-04-28 20:42:20,1490.3333333333333,Construction on I-76 EB near MP 97 Expect long delays.,I-70 E,Donegal,Westmoreland,PA,2021.0,validation
A-5850166,Source1,2,2021-05-01 21:14:00,2021-05-02 22:04:19,1490.3166666666666,Construction on I-10 EB near LA PAZ MARICOPA COUNTY LINE Road closed. Take alternate route.,I-10 E,Salome,La Paz,AZ,2021.0,validation
A-6843199,Source1,4,2020-10-24 11:26:52,2020-10-25 12:17:11,1490.3166666666666,Construction on STATE RTE-78 NB near STATE RTE-192 Road closed. Take alternate route., Transit Rd,East Amherst,Erie,NY,2020.0,train
A-4448949,Source1,2,2022-07-13 21:44:19,2022-07-14 22:34:34,1490.25,Construction on CINCINNATI AVE near HOUSE 100 Expect delays., S Cincinnati Ave,Tulsa,Tulsa,OK,2022.0,calibration
A-5058094,Source1,2,2022-05-21 04:01:16,2022-05-22 04:51:30,1490.2333333333333,Construction on 193RD E AVE near HOUSE 700 Expect delays., E 6th St S,Tulsa,Wagoner,OK,2022.0,calibration
A-4034813,Source1,2,2022-08-03 09:52:23,2022-08-04 10:42:36,1490.2166666666667,Construction on 21ST ST near HOUSE 1800 Drive with caution., W 21st St S,Tulsa,Tulsa,OK,2022.0,calibration
A-4687725,Source1,2,2022-12-16 12:04:00,2022-12-17 12:54:11,1490.1833333333334,Construction on AZ-77 SB near E EL CONQUISTADOR WAY Road closed. Take alternate route., N Oracle Rd,Tucson,Pima,AZ,2022.0,calibration
A-4843732,Source1,2,2022-10-04 17:06:32,2022-10-05 17:56:38,1490.1,Construction on BOSTON PL near HOUSE 2600 Expect delays.,E Zion St,Tulsa,Tulsa,OK,2022.0,calibration
A-5208383,Source1,2,2022-11-10 09:20:00,2022-11-11 10:10:05,1490.0833333333333,Construction on AZ-77 SB near SNOWFLAKE FARMS RD Road closed. Take alternate route.,AZ-77,Snowflake,Navajo,AZ,2022.0,calibration
A-4668398,Source1,2,2022-09-23 09:37:14,2022-09-24 10:27:15,1490.0166666666667,Construction on PINE ST near HOUSE 10400 Drive with caution., E Pine St,Tulsa,Tulsa,OK,2022.0,calibration
A-6004784,Source1,2,2021-09-27 08:26:15,2021-09-28 09:16:15,1490.0,Construction on GARNETT RD near HOUSE 7616 Drive with caution., S Garnett Rd,Tulsa,Tulsa,OK,2021.0,validation
A-4550204,Source1,2,2022-07-07 19:52:07,2022-07-08 20:42:06,1489.9833333333333,Construction on US-87 SB near MP 59 Drive with caution.,US Highway 87,Hobson,Judith Basin,MT,2022.0,calibration
A-5913010,Source1,2,2021-06-19 08:53:00,2021-06-20 09:42:59,1489.9833333333333,Construction on US-60 WB near N CENTRAL AVE Road closed. Take alternate route., E Deuce of Clubs,Show Low,Navajo,AZ,2021.0,validation
A-6241966,Source1,2,2021-07-12 18:50:00,2021-07-13 19:39:57,1489.95,Construction on I-76 WB near MP 77 Expect long delays.,I-76 W,New Stanton,Westmoreland,PA,2021.0,validation
A-4724090,Source1,2,2022-07-07 16:40:33,2022-07-08 17:30:28,1489.9166666666667,Construction on GARNETT RD near HOUSE 4500 Expect delays., S Garnett Rd,Tulsa,Tulsa,OK,2022.0,calibration
A-3788875,Source1,2,2022-09-27 12:41:44,2022-09-28 13:31:38,1489.9,Construction on US-93 NB near MP 94 Drive with caution., Highway 93 S,Lakeside,Flathead,MT,2022.0,calibration
A-3777399,Source1,2,2022-07-07 15:25:33,2022-07-08 16:15:26,1489.8833333333334,Construction on APACHE ST near HOUSE 700 Expect delays., E Apache St,Tulsa,Tulsa,OK,2022.0,calibration
A-4274330,Source1,2,2022-09-27 22:30:00,2022-09-28 23:19:53,1489.8833333333334,Construction on I-10 EB near ELYSIAN FIELDS AVE Road closed. Take alternate route.,Elysian Fields Ave,New Orleans,Orleans,LA,2022.0,calibration
A-6716874,Source1,2,2020-12-20 16:11:00,2020-12-21 17:00:50,1489.8333333333333,Construction on US-95 NB near S FORTUNA RD Road closed. Take alternate route., E Highway 95,Yuma,Yuma,AZ,2020.0,train
A-6274144,Source1,2,2021-12-15 06:16:00,2021-12-16 07:05:50,1489.8333333333333,Construction on I-40 EB near HOUCK Road closed. Take alternate route.,Houck Rd,Ganado,Apache,AZ,2021.0,validation
A-3898548,Source1,2,2022-11-17 06:32:00,2022-11-18 07:21:50,1489.8333333333333,Construction on E AZ-69 WB near E VILLAGE CREEK BLVD Road closed. Take alternate route.,Pavlich Way,Dewey,Yavapai,AZ,2022.0,calibration
A-5879927,Source1,4,2021-07-05 21:58:00,2021-07-06 22:47:49,1489.8166666666666,Road closed due to a crash on US-191 Northbound near County Road 569 (443),US-191 N,Chinle,Apache,AZ,2021.0,validation
A-6252233,Source1,2,2021-12-15 05:01:00,2021-12-16 05:50:46,1489.7666666666667,Construction on I-40 WB near PERKINS VALLEY RD Road closed. Take alternate route.,Purple Heart Trl,Holbrook,Navajo,AZ,2021.0,validation
A-5838136,Source1,2,2021-07-31 05:01:00,2021-08-01 05:50:40,1489.6666666666667,Construction on DE-1 SB near SIMMS WOODS RD Right lane blocked. Expect delays.,DE-1 S,Dover,Kent,DE,2021.0,validation
A-6496090,Source1,2,2021-02-12 19:48:00,2021-02-13 20:37:40,1489.6666666666667,Construction on US-93 SB near N COPE RD Road closed. Take alternate route., S US Highway 93,Wickenburg,Maricopa,AZ,2021.0,validation
A-4978625,Source1,2,2022-02-11 17:25:00,2022-02-12 18:14:40,1489.6666666666667,Construction on STATE RTE-89A WB near FS ROAD 104 Road closed. Take alternate route.,Prescott Jerome Hwy,Cottonwood,Yavapai,AZ,2022.0,calibration
A-5722742,Source1,4,2021-04-16 11:47:00,2021-04-17 12:36:40,1489.6666666666667,Construction on US-6 EB near CLEAR CRK Road closed. Take alternate route., US Highway 6,Evergreen,Clear Creek,CO,2021.0,validation
A-5616631,Source1,2,2021-09-08 14:32:00,2021-09-09 15:21:37,1489.6166666666666,Construction on US-191 NB near COUNTY RD Road closed. Take alternate route.,US-191 N,Chinle,Apache,AZ,2021.0,validation
A-4213942,Source1,4,2022-02-25 15:53:00,2022-02-26 16:42:34,1489.5666666666666,Construction on I-17 SB near BETHANY HOME RD Road closed. Take alternate route.,N Black Canyon Hwy,Phoenix,Maricopa,AZ,2022.0,calibration
A-4178274,Source1,2,2022-06-25 16:31:39,2022-06-26 17:21:13,1489.5666666666666,Travelers can expect the following: Crash unknown blockage multiple vehicles and road blocked until further notice., Doc Kimball Way,Bigfork,Flathead,MT,2022.0,calibration
A-3767845,Source1,2,2022-10-07 16:13:12,2022-10-08 17:02:45,1489.55,Construction on 58TH ST near HOUSE 5700 Drive with caution., S Hudson Ave,Tulsa,Tulsa,OK,2022.0,calibration
A-4397638,Source1,2,2022-09-18 18:43:42,2022-09-19 19:33:14,1489.5333333333333,Construction on DARLINGTON AVE near HOUSE 7103 Drive with caution.,S Darlington Ave,Tulsa,Tulsa,OK,2022.0,calibration
A-6119905,Source1,2,2021-06-14 01:49:00,2021-06-15 02:38:31,1489.5166666666667,Construction on AZ-87 SB near FS ROAD 419 Left lane blocked., N Deer Creek Rd,Payson,Gila,AZ,2021.0,validation
A-4857511,Source1,2,2022-09-14 23:13:56,2022-09-16 00:03:27,1489.5166666666667,Construction on HARTFORD AVE near HOUSE 2171 Expect delays., N Hartford Ave,Tulsa,Tulsa,OK,2022.0,calibration
A-5514183,Source1,2,2021-10-07 15:40:54,2021-10-08 16:30:25,1489.5166666666667,Construction on JOHN HOPE FRANKLIN BLVD near HOUSE 300 Drive with caution., N Martin Luther King Jr Blvd,Tulsa,Tulsa,OK,2021.0,validation
A-4442057,Source1,2,2022-10-05 12:21:47,2022-10-06 13:11:17,1489.5,Construction on YALE AVE near HOUSE 3800 Drive with caution., S Yale Ave,Tulsa,Tulsa,OK,2022.0,calibration
A-4728020,Source1,2,2022-05-31 21:34:49,2022-06-01 22:24:18,1489.4833333333333,Construction on I-135 WB near LINCOLN ST Drive with caution.,I-135 N,Wichita,Sedgwick,KS,2022.0,calibration
A-5269398,Source1,2,2022-03-13 13:44:29,2022-03-14 14:33:57,1489.4666666666667,Construction on ST LOUIS AVE near HOUSE 2106 Drive with caution., E 20th St S,Tulsa,Tulsa,OK,2022.0,calibration
A-4921199,Source1,2,2022-07-18 18:53:36,2022-07-19 19:43:03,1489.45,Construction on 12TH ST near HOUSE 9837 Drive with caution., E 12th St S,Tulsa,Tulsa,OK,2022.0,calibration
A-4315878,Source1,2,2022-05-31 20:56:03,2022-06-01 21:45:30,1489.45,Construction on E HWY 64-51 EXPY near HOUSE 1501 Expect delays.,US-64,Tulsa,Tulsa,OK,2022.0,calibration
A-4837104,Source1,2,2022-10-08 13:30:25,2022-10-09 14:19:51,1489.4333333333334,Construction on 21ST ST near HOUSE 10300 Drive with caution., E 21st St,Tulsa,Tulsa,OK,2022.0,calibration
A-5820040,Source1,2,2021-05-28 17:46:00,2021-05-29 18:35:25,1489.4166666666667,Construction on I-95 SB near RAMP Road closed. Take alternate route.,I-95 S,Claymont,New Castle,DE,2021.0,validation
A-6135906,Source1,4,2021-03-23 19:11:00,2021-03-24 20:00:25,1489.4166666666667,Construction on US-6 WB near CLEAR CRK Road closed. Take alternate route.,US-6,Golden,Clear Creek,CO,2021.0,validation
A-6081550,Source1,2,2021-03-08 12:51:00,2021-03-09 13:40:23,1489.3833333333334,Construction on I-70 WB near EISENHOWER TUNL Road closed. Take alternate route.,I-70 W,Silver Plume,Clear Creek,CO,2021.0,validation
A-4176345,Source1,2,2022-04-17 20:33:14,2022-04-18 21:22:36,1489.3666666666666,Construction on 31ST ST near HOUSE 12630 Expect delays., E 31st St,Tulsa,Tulsa,OK,2022.0,calibration
A-4111997,Source1,2,2022-09-24 23:29:18,2022-09-26 00:18:40,1489.3666666666666,Construction on PEORIA AVE near HOUSE 5496 Expect delays., N Peoria Ave,Tulsa,Tulsa,OK,2022.0,calibration
A-5943306,Source1,2,2021-10-23 10:59:59,2021-10-24 11:49:20,1489.35,Construction on 63RD PL near HOUSE 7615 Drive with caution., E 63rd Pl,Tulsa,Tulsa,OK,2021.0,validation
A-5044338,Source1,2,2022-09-17 18:45:43,2022-09-18 19:35:02,1489.3166666666666,Construction on DELAWARE AVE near HOUSE 800 Expect delays.,E 8th St,Tulsa,Tulsa,OK,2022.0,calibration
A-5641012,Source1,2,2021-10-29 17:26:55,2021-10-30 18:16:14,1489.3166666666666,Construction on 16TH ST near HOUSE 12300 Drive with caution., E 16th St,Tulsa,Tulsa,OK,2021.0,validation
A-5943830,Source1,2,2021-09-30 13:47:37,2021-10-01 14:36:54,1489.2833333333333,Construction on 61ST ST near HOUSE 8050 Expect delays., E 61st St,Tulsa,Tulsa,OK,2021.0,validation
A-4406479,Source1,4,2022-06-09 16:35:13,2022-06-10 17:24:27,1489.2333333333333,Construction on US-2 WB near MP 595 Road closed. Take alternate route.,US Highway 2,Wolf Point,Roosevelt,MT,2022.0,calibration
A-4115034,Source1,2,2022-09-18 07:35:44,2022-09-19 08:24:54,1489.1666666666667,Construction on HARTFORD AVE near HOUSE 3768 Expect delays., N Hartford Ave,Tulsa,Tulsa,OK,2022.0,calibration
A-4046187,Source1,4,2022-09-30 12:36:12,2022-10-01 13:25:19,1489.1166666666666,Construction on US-212 NB near MP 53 Road closed. Take alternate route., US Highway 212 S,Laurel,Yellowstone,MT,2022.0,calibration
A-4114245,Source1,2,2022-04-09 14:21:20,2022-04-10 15:10:25,1489.0833333333333,Construction on 58TH ST near HOUSE 11413 Drive with caution., E 58th St S,Tulsa,Tulsa,OK,2022.0,calibration
A-4767434,Source1,2,2022-09-28 15:58:35,2022-09-29 16:47:40,1489.0833333333333,Construction on PEORIA AVE near HOUSE 4900 Drive with caution., E 49th St,Tulsa,Tulsa,OK,2022.0,calibration
A-3722912,Source1,4,2022-08-05 22:02:00,2022-08-06 22:51:04,1489.0666666666666,Construction on AZ-277 WB near PAPERMILL RD Road closed. Take alternate route.,AZ-277,Show Low,Navajo,AZ,2022.0,calibration
A-4630998,Source1,2,2022-07-01 10:23:00,2022-07-02 11:12:00,1489.0,Construction on MCKEE RD EB near HUGHES CROSSING RD Road closed. Take alternate route., Fork Branch Rd,Dover,Kent,DE,2022.0,calibration
A-4801905,Source1,2,2022-09-19 16:58:45,2022-09-20 17:47:45,1489.0,Construction on DENVER AVE near HOUSE 700 Expect delays., S Denver Ave,Tulsa,Tulsa,OK,2022.0,calibration
A-4314466,Source1,4,2022-12-14 08:19:00,2022-12-15 09:08:00,1489.0,Incident on AZ-89-ALT EB near AZ-89 Road closed. Take alternate route.,Pioneer Pkwy,Prescott,Yavapai,AZ,2022.0,calibration
A-6131723,Source1,2,2021-10-28 09:21:51,2021-10-29 10:10:49,1488.9666666666667,Construction on 9TH ST near HOUSE 744 Drive with caution., W 9th St,Tulsa,Tulsa,OK,2021.0,validation
A-5564354,Source1,2,2021-10-14 06:30:43,2021-10-15 07:19:40,1488.95,Construction on I-90B EB near MP 3 Drive with caution., Big Timber Loop Rd,Big Timber,Sweet Grass,MT,2021.0,validation
A-6162769,Source1,2,2021-10-14 06:30:43,2021-10-15 07:19:40,1488.95,Construction on I-90B WB near MP 3 Drive with caution., Big Timber Loop Rd,Big Timber,Sweet Grass,MT,2021.0,validation
A-4525735,Source1,2,2022-03-18 01:09:39,2022-03-19 01:58:35,1488.9333333333334,Construction on FRISCO AVE near HOUSE 300 Expect delays., S Frisco Ave,Tulsa,Tulsa,OK,2022.0,calibration
A-6147677,Source1,4,2021-10-11 18:07:58,2021-10-12 18:56:54,1488.9333333333334,Construction on US-287 SB near MP 12 Road closed. Take alternate route., US Highway 287 N,Cameron,Madison,MT,2021.0,validation
A-4385674,Source1,2,2022-09-10 22:32:58,2022-09-11 23:21:54,1488.9333333333334,A crash has occurred causing no to minimum delays. Use caution.,I-84 W,Arlington,Gilliam,OR,2022.0,calibration
A-4323643,Source1,2,2022-09-28 13:38:45,2022-09-29 14:27:37,1488.8666666666666,Construction on UTICA AVE near HOUSE 7100 Drive with caution., E 71st St,Tulsa,Tulsa,OK,2022.0,calibration
A-4280115,Source1,2,2022-11-15 14:42:00,2022-11-16 15:30:52,1488.8666666666666,Construction on US-13 NB near HICKORY RIDGE RD Road closed. Take alternate route.,S Dupont Blvd,Smyrna,Kent,DE,2022.0,calibration
A-5290248,Source1,2,2022-05-28 22:56:43,2022-05-29 23:45:34,1488.85,Construction on 21ST ST near HOUSE 11500 Expect delays., E 21st St,Tulsa,Tulsa,OK,2022.0,calibration
A-5560160,Source1,4,2021-06-25 23:21:00,2021-06-27 00:09:50,1488.8333333333333,Road closed due to a crash on SR-95 Southbound near W Acoma Blvd (184) . Lane Closed., Highway 95 N,Lake Havasu City,Mohave,AZ,2021.0,validation
A-5453568,Source1,2,2022-07-20 07:59:39,2022-07-21 08:48:28,1488.8166666666666,Construction on UTICA AVE near HOUSE 5500 Drive with caution., E 54th St N,Tulsa,Tulsa,OK,2022.0,calibration
A-4567022,Source1,2,2022-11-02 05:08:07,2022-11-03 05:56:55,1488.8,Construction on 41ST ST near HOUSE 12500 Drive with caution., S 123rd East Ave,Tulsa,Tulsa,OK,2022.0,calibration
A-4473689,Source1,2,2022-01-02 23:25:51,2022-01-04 00:14:37,1488.7666666666667,Construction on US-69 NB near I-635 Drive with caution.,US-69,Overland Park,Johnson,KS,2022.0,calibration
A-5189728,Source1,2,2022-10-15 21:45:32,2022-10-16 22:34:17,1488.75,Construction on SHERIDAN RD near HOUSE 2500 Expect delays., S Sheridan Rd,Tulsa,Tulsa,OK,2022.0,calibration
A-6058153,Source1,2,2021-12-16 14:59:00,2021-12-17 15:47:44,1488.7333333333333,Construction on DE-141 SB near BOX WOOD RD Left lane blocked.,SR-141,Wilmington,New Castle,DE,2021.0,validation
A-6251096,Source1,2,2021-03-19 20:11:00,2021-03-20 20:59:43,1488.7166666666667,Construction on I-95 NB near CHURCHMANS RD Drive with caution.,I-95,Newark,New Castle,DE,2021.0,validation
A-4586080,Source1,2,2022-08-01 17:03:18,2022-08-02 17:52:00,1488.7,Construction on TOLEDO AVE near HOUSE 6100 Drive with caution., E 61st St S,Tulsa,Tulsa,OK,2022.0,calibration
A-5057594,Source1,2,2022-09-10 15:50:00,2022-09-11 16:38:42,1488.7,Construction on US-13 SB near TOWNSEND BLVD Expect long delays., N Dupont Hwy,Dover,Kent,DE,2022.0,calibration
A-4056647,Source1,2,2022-06-30 14:23:28,2022-07-01 15:12:09,1488.6833333333334,Construction on 75TH E AVE near HOUSE 8000 Drive with caution., E 81st St,Tulsa,Tulsa,OK,2022.0,calibration
A-4090697,Source1,2,2022-09-12 22:06:25,2022-09-13 22:55:06,1488.6833333333334,Construction on 71ST ST near HOUSE 1601 Drive with caution., W 71st St S,Tulsa,Tulsa,OK,2022.0,calibration
A-5730875,Source1,2,2021-11-02 13:49:15,2021-11-03 14:37:56,1488.6833333333334,Construction on I-94 EB near MP 42 Road closed. Take alternate route.,I-94 E,Custer,Yellowstone,MT,2021.0,validation
A-5621427,Source1,2,2021-08-28 17:03:15,2021-08-29 17:51:55,1488.6666666666667,Construction on PEORIA AVE near HOUSE 500 Expect delays., S Peoria Ave,Tulsa,Tulsa,OK,2021.0,validation
A-6754219,Source1,2,2020-10-10 09:07:00,2020-10-11 09:55:37,1488.6166666666666,Construction on I-10 WB near WESTLAKE (LA-378) Road closed. Take alternate route.,I-10 W,Lake Charles,Calcasieu,LA,2020.0,train
A-3714473,Source1,2,2022-11-04 14:30:26,2022-11-05 15:19:03,1488.6166666666666,Construction on E HWY 64-51 EXPY near HOUSE 4900 Expect delays.,OK-51,Tulsa,Tulsa,OK,2022.0,calibration
A-4253822,Source1,2,2022-03-13 17:55:28,2022-03-14 18:44:01,1488.55,Construction on 129TH E AVE near HOUSE 1835 Drive with caution.,S 129th East Ave,Tulsa,Tulsa,OK,2022.0,calibration
A-3957387,Source1,2,2022-04-19 20:00:18,2022-04-20 20:48:50,1488.5333333333333,Construction on 72ND E AVE near HOUSE 6003 Expect delays., S 72nd East Ave,Tulsa,Tulsa,OK,2022.0,calibration
A-4677019,Source1,2,2022-02-23 12:59:00,2022-02-24 13:47:29,1488.4833333333333,Construction on I-40 EB near I-40 BUS Road closed. Take alternate route.,I-40 E,Williams,Coconino,AZ,2022.0,calibration
A-4489769,Source1,2,2022-02-23 12:59:00,2022-02-24 13:47:29,1488.4833333333333,Construction on I-40 EB near I-40 BUS Road closed. Take alternate route.,I-40,Williams,Coconino,AZ,2022.0,calibration
A-6580812,Source1,2,2020-11-04 19:02:00,2020-11-05 19:50:27,1488.45,Construction on AZ-260 EB near FS ROAD 9566O Road closed. Take alternate route.,AZ-260,Heber,Navajo,AZ,2020.0,train
A-6720421,Source1,2,2020-12-16 13:50:03,2020-12-17 14:38:30,1488.45,Slow traffic on Garden State Pkwy N from Red Hill Rd/Exit 114 (Garden State Pkwy) to Telegraph Hill Rd/Exit 116 (Garden State Pkwy) due to accident.,Garden State Pkwy N,Middletown,Monmouth,NJ,2020.0,train
A-4635726,Source1,2,2022-10-02 22:51:24,2022-10-03 23:39:51,1488.45,Construction on OSWEGO AVE near HOUSE 2400 Expect delays., N Oswego Ave,Tulsa,Tulsa,OK,2022.0,calibration
A-4021984,Source1,2,2022-03-14 16:13:00,2022-03-15 17:01:26,1488.4333333333334,Construction on I-95 SB near DE-273 Drive with caution.,Delaware Turnpike,Newark,New Castle,DE,2022.0,calibration
A-5814897,Source1,2,2021-10-25 16:46:34,2021-10-26 17:35:00,1488.4333333333334,Construction on DELAWARE AVE near HOUSE 9500 Expect delays., S Delaware Ave,Tulsa,Tulsa,OK,2021.0,validation
A-4251946,Source1,2,2022-06-07 07:51:32,2022-06-08 08:39:57,1488.4166666666667,Construction on 41ST ST near HOUSE 18500 Expect delays., E 41st St,Tulsa,Tulsa,OK,2022.0,calibration
A-6534647,Source1,2,2021-01-15 21:32:00,2021-01-16 22:20:24,1488.4,Construction on US-13 SB near DE-71 Drive with caution.,S Dupont Hwy,New Castle,New Castle,DE,2021.0,validation
A-3709305,Source1,2,2022-08-03 10:09:13,2022-08-04 10:57:36,1488.3833333333334,Construction on 3RD ST near HOUSE 2321 Expect delays., S Gillette Ave,Tulsa,Tulsa,OK,2022.0,calibration
A-5450553,Source1,2,2022-08-29 20:23:47,2022-08-30 21:12:09,1488.3666666666666,Construction on PEORIA AVE near HOUSE 6207 Expect delays., E 62nd St,Tulsa,Tulsa,OK,2022.0,calibration
A-3946802,Source1,2,2022-11-02 16:10:09,2022-11-03 16:58:26,1488.2833333333333,Construction on 91ST ST near HOUSE 5100 Expect delays., E 91st St S,Tulsa,Tulsa,OK,2022.0,calibration
A-5533495,Source1,4,2021-06-24 22:42:00,2021-06-25 23:30:17,1488.2833333333333,Construction on AZ-260 EB near RANCHERO MOBILE HOME PARK Road closed. Take alternate route., S White Mountain Rd,Show Low,Navajo,AZ,2021.0,validation
A-4434841,Source1,2,2022-09-28 16:09:24,2022-09-29 16:57:40,1488.2666666666667,Construction on 73RD E AVE near HOUSE 1231 Expect delays., E 12th St,Tulsa,Tulsa,OK,2022.0,calibration
A-3765554,Source1,2,2022-06-15 15:26:18,2022-06-16 16:14:32,1488.2333333333333,Construction on 193RD E AVE near HOUSE 4100 Expect delays., S 193rd East Ave,Broken Arrow,Tulsa,OK,2022.0,calibration
A-4647457,Source1,2,2022-08-30 10:21:46,2022-08-31 11:09:59,1488.2166666666667,Construction on 89TH E AVE near HOUSE 817 Drive with caution.,E Independence St,Tulsa,Tulsa,OK,2022.0,calibration
A-5694116,Source1,2,2021-09-15 13:37:00,2021-09-16 14:25:12,1488.2,Construction on I-95 SB near DELAWARE AVE Right lane blocked. Expect delays.,I-95,Wilmington,New Castle,DE,2021.0,validation
A-5815968,Source1,2,2021-09-12 16:41:03,2021-09-13 17:29:09,1488.1,Construction on 36TH ST near HOUSE 2600 Expect delays., E 36th St N,Tulsa,Tulsa,OK,2021.0,validation
A-5371443,Source1,2,2022-06-19 23:35:05,2022-06-21 00:23:10,1488.0833333333333,Construction on SHERIDAN RD near HOUSE 1401 Drive with caution., N Sheridan Rd,Tulsa,Tulsa,OK,2022.0,calibration
A-5728522,Source1,4,2021-10-17 19:48:16,2021-10-18 20:36:20,1488.0666666666666,Construction on I-90 WB near MP 277 Road closed. Take alternate route.,I-90 W,Three Forks,Broadwater,MT,2021.0,validation
A-5818746,Source1,2,2021-03-21 15:19:00,2021-03-22 16:07:02,1488.0333333333333,Construction on AZ-377 NB near HUTCH RD Road closed. Take alternate route.,AZ-377,Holbrook,Navajo,AZ,2021.0,validation
A-4806803,Source1,2,2022-11-03 13:29:21,2022-11-04 14:17:23,1488.0333333333333,Construction on MEMORIAL DR near HOUSE 4200 Expect delays.,E 42nd Pl S,Tulsa,Tulsa,OK,2022.0,calibration
A-6459181,Source1,2,2021-01-22 19:12:00,2021-01-23 20:00:02,1488.0333333333333,Construction on US-70 WB near BIA-803 Road closed. Take alternate route.,US-70 E,Peridot,Gila,AZ,2021.0,validation
A-3922739,Source1,2,2022-05-23 16:19:11,2022-05-24 17:07:12,1488.0166666666667,Construction on VIRGIN ST near HOUSE 1300 Expect delays., N Peoria Ave,Tulsa,Tulsa,OK,2022.0,calibration
A-5146492,Source1,2,2022-08-25 09:55:00,2022-08-26 10:43:00,1488.0,Crash - on I-15 northbound at Mile Marker 104 in Clark County Nevada. Right lane blocked; use caution, N Arrowhead Ln,Mesquite,Clark,NV,2022.0,calibration
A-4311471,Source1,4,2022-11-09 17:25:00,2022-11-10 18:13:00,1488.0,Construction on US-90 SB near LA-182 Road closed. Take alternate route.,Highway 90 E,Broussard,Lafayette,LA,2022.0,calibration
A-6057889,Source1,2,2021-10-21 13:25:52,2021-10-22 14:13:47,1487.9166666666667,Construction on GARNETT RD near HOUSE 400 Expect delays., N Garnett Rd,Tulsa,Tulsa,OK,2021.0,validation
A-5818471,Source1,2,2021-11-01 14:34:21,2021-11-02 15:22:05,1487.7333333333333,Construction on 129TH E AVE near HOUSE 2700 Expect delays., E 27th St,Tulsa,Tulsa,OK,2021.0,validation
A-4014672,Source1,2,2022-09-26 14:59:06,2022-09-27 15:46:49,1487.7166666666667,Construction on WHEELING AVE near HOUSE 2255 Drive with caution., E Woodrow Pl,Tulsa,Tulsa,OK,2022.0,calibration
A-3717879,Source1,2,2022-04-11 21:34:29,2022-04-12 22:22:08,1487.65,Construction on 71ST ST near HOUSE 11201 Expect delays., E 71st St,Tulsa,Tulsa,OK,2022.0,calibration
A-6493880,Source1,2,2021-02-24 11:35:00,2021-02-25 12:22:34,1487.5666666666666,Construction on AZ-95 SB near NEWBERRY DR Road closed. Take alternate route., Highway 95,Bullhead City,Mohave,AZ,2021.0,validation
A-6464788,Source1,2,2021-01-12 15:35:00,2021-01-13 16:22:30,1487.5,Construction on AZ-89 NB near COMMERCIAL WAY Road closed. Take alternate route., W Industrial Dr,Chino Valley,Yavapai,AZ,2021.0,validation
A-5671477,Source1,2,2021-08-19 13:05:52,2021-08-20 13:53:20,1487.4666666666667,Construction on 31ST ST near HOUSE 7700 Expect delays., E 31st St,Tulsa,Tulsa,OK,2021.0,validation
A-5159363,Source1,2,2022-05-20 08:43:51,2022-05-21 09:31:18,1487.45,Construction on PEORIA AVE near HOUSE 5600 Drive with caution., S Peoria Ave,Tulsa,Tulsa,OK,2022.0,calibration
A-4397680,Source1,2,2022-03-23 18:05:23,2022-03-24 18:52:46,1487.3833333333334,Construction on PEORIA AVE near HOUSE 6200 Expect delays., S Peoria Ave,Tulsa,Tulsa,OK,2022.0,calibration
A-5319833,Source1,2,2022-06-11 16:12:26,2022-06-12 16:59:48,1487.3666666666666,Construction on 25TH PL near HOUSE 2225 Drive with caution.,S Zunis Ave,Tulsa,Tulsa,OK,2022.0,calibration
A-3706086,Source1,2,2022-08-30 12:27:22,2022-08-31 13:14:42,1487.3333333333333,Construction on I-82 EB near MP 3 Right lane blocked. Expect delays.,I-82 E,Ellensburg,Kittitas,WA,2022.0,calibration
A-4782763,Source1,2,2022-08-17 15:31:27,2022-08-18 16:18:45,1487.3,Construction on 87TH E AVE near HOUSE 4582 Expect delays., S 87th East Ave,Tulsa,Tulsa,OK,2022.0,calibration
A-5419673,Source1,2,2022-03-08 16:41:58,2022-03-09 17:29:12,1487.2333333333333,Construction on AZ-79 SB near FANNIN-MCFARLAND AQUEDUCT Road closed. Take alternate route., N Highway 79,Superior,Pinal,AZ,2022.0,calibration
A-5920738,Source1,2,2021-07-30 11:40:00,2021-07-31 12:27:13,1487.2166666666667,Construction on AZ-277 SB near AZ-377 Road closed. Take alternate route.,AZ-277,Show Low,Navajo,AZ,2021.0,validation
A-5854669,Source1,2,2021-03-29 08:11:00,2021-03-30 08:58:09,1487.15,Construction on I-84 WB near GOWEN RD Road closed. Take alternate route.,I-84 W,Boise,Ada,ID,2021.0,validation
A-4494349,Source1,2,2022-06-08 23:04:14,2022-06-09 23:51:21,1487.1166666666666,Construction on TRENTON AVE near HOUSE 3101 Drive with caution., E 30th Pl S,Tulsa,Tulsa,OK,2022.0,calibration
A-4328392,Source1,2,2022-03-24 13:35:56,2022-03-25 14:22:58,1487.0333333333333,Construction on VIRGIN ST near HOUSE 7200 Expect delays.,N 73rd East Ave,Tulsa,Tulsa,OK,2022.0,calibration
A-4664723,Source1,2,2022-05-25 15:19:54,2022-05-26 16:06:55,1487.0166666666667,Construction on 74TH PL near HOUSE 8109 Expect delays.,E 74th Pl,Tulsa,Tulsa,OK,2022.0,calibration
A-5351577,Source1,2,2022-09-28 17:45:44,2022-09-29 18:32:42,1486.9666666666667,Construction on YOUNG ST near HOUSE 4100 Expect delays., E Young St,Tulsa,Tulsa,OK,2022.0,calibration
A-5583995,Source1,2,2021-08-14 01:39:00,2021-08-15 02:25:57,1486.95,Construction on I-95 SB near SALEM CHURCH RD Road closed. Take alternate route.,Delaware Tpke S,Newark,New Castle,DE,2021.0,validation
A-6098251,Source1,2,2021-05-17 16:58:51,2021-05-18 17:45:48,1486.95,Incident on I-40 EB near I-40 Road closed. Take alternate route.,I-40,Mayflower,Faulkner,AR,2021.0,validation
A-4479163,Source1,2,2022-10-17 13:56:41,2022-10-18 14:43:37,1486.9333333333334,Construction on EASTON ST near HOUSE 1028 Drive with caution., N Madison Ave,Tulsa,Tulsa,OK,2022.0,calibration
A-5439204,Source1,2,2022-09-01 12:59:35,2022-09-02 13:46:31,1486.9333333333334,Construction on 91ST ST near HOUSE 9600 Drive with caution., E 91st St S,Tulsa,Tulsa,OK,2022.0,calibration
A-5917391,Source1,2,2021-04-28 22:35:00,2021-04-29 23:21:46,1486.7666666666667,Construction on DE-1 SB near DE-10 Road closed. Take alternate route.,SR-1,Dover,Kent,DE,2021.0,validation
A-6423494,Source1,2,2021-01-17 01:14:00,2021-01-18 02:00:43,1486.7166666666667,Construction on I-95 SB near DE-141 Expect long delays.,US-202 S,New Castle,New Castle,DE,2021.0,validation
A-5150971,Source1,2,2022-10-06 13:56:42,2022-10-07 14:43:24,1486.7,Construction on E HWY 64-51 EXPY near HOUSE 6300 Expect delays.,OK-51,Tulsa,Tulsa,OK,2022.0,calibration
A-4740120,Source1,2,2022-08-30 20:53:32,2022-08-31 21:40:06,1486.5666666666666,Construction on HOUSTON AVE near HOUSE 700 Expect delays., W 7th St S,Tulsa,Tulsa,OK,2022.0,calibration
A-3716403,Source1,2,2022-10-02 16:13:12,2022-10-03 16:59:46,1486.5666666666666,Construction on 21ST ST near HOUSE 3900 Expect delays.,E 21st St S,Tulsa,Tulsa,OK,2022.0,calibration
A-6008955,Source1,2,2021-07-08 21:47:00,2021-07-09 22:33:32,1486.5333333333333,Construction on US-77 NB near W BUCKEYE RD Road closed. Take alternate route., US Highway 77,Pickrell,Gage,NE,2021.0,validation
A-5020066,Source1,2,2022-10-04 17:25:12,2022-10-05 18:11:38,1486.4333333333334,Construction on ADMIRAL PL near HOUSE 5700 Expect delays., E Admiral Pl,Tulsa,Tulsa,OK,2022.0,calibration
A-6094113,Source1,2,2021-11-04 14:18:39,2021-11-05 15:04:59,1486.3333333333333,Construction on 117TH E AVE near HOUSE 202 Drive with caution., S 117th East Ave,Tulsa,Tulsa,OK,2021.0,validation
A-4632028,Source1,2,2022-04-20 11:12:48,2022-04-21 11:59:04,1486.2666666666667,Construction on 56TH ST near HOUSE 200 Expect delays., E 56th St N,Tulsa,Tulsa,OK,2022.0,calibration
A-6968554,Source1,2,2020-12-13 15:34:00,2020-12-14 16:20:13,1486.2166666666667,Construction on I-70 WB near EISENHOWER TUNL Road closed. Take alternate route.,I-70 W,Silver Plume,Clear Creek,CO,2020.0,train
A-4120354,Source1,2,2022-10-04 10:05:28,2022-10-05 10:51:34,1486.1,Construction on MEMORIAL DR near HOUSE 10100 Expect delays., S Memorial Dr,Tulsa,Tulsa,OK,2022.0,calibration
A-4247468,Source1,2,2022-09-07 14:52:57,2022-09-08 15:38:46,1485.8166666666666,Construction on 31ST ST near HOUSE 9000 Drive with caution., E 31st St,Tulsa,Tulsa,OK,2022.0,calibration
A-3856789,Source1,2,2022-05-24 09:06:48,2022-05-25 09:52:27,1485.65,Construction on I-235 near I-135 Drive with caution.,KS-254 E,Wichita,Sedgwick,KS,2022.0,calibration
A-6759507,Source1,2,2020-11-09 01:39:00,2020-11-10 02:24:31,1485.5166666666667,Construction on I-95 SB near DE-273 Drive with caution.,Delaware Tpke S,Newark,New Castle,DE,2020.0,train
A-5670831,Source1,2,2021-05-29 20:15:30,2021-05-30 21:01:00,1485.5,Construction on US-183 SB near US-136 Road closed. Take alternate route., Highway 183,Alma,Harlan,NE,2021.0,validation
A-5313284,Source1,2,2022-06-27 15:54:25,2022-06-28 16:39:52,1485.45,Construction on 71ST ST near HOUSE 1337 Expect delays., E 71st St,Tulsa,Tulsa,OK,2022.0,calibration
A-6822498,Source1,4,2020-11-13 04:03:20,2020-11-14 04:48:43,1485.3833333333334,Construction on KS-61 EB near US-54 Road closed. Take alternate route., NE State Road 61,Pratt,Pratt,KS,2020.0,train
A-5941655,Source1,2,2021-04-08 18:52:00,2021-04-09 19:37:17,1485.2833333333333,Construction on I-95 NB near MARSH RD Road closed. Take alternate route.,I-95 N,Wilmington,New Castle,DE,2021.0,validation
A-6951933,Source1,2,2020-11-12 00:03:22,2020-11-13 00:48:37,1485.25,Construction on US-54 WB near I-135 Drive with caution.,US-400 W,Wichita,Sedgwick,KS,2020.0,train
A-5584832,Source1,4,2021-11-01 06:15:58,2021-11-02 07:01:10,1485.2,Construction on KS-10 NB near 23RD ST Road closed. Take alternate route.,KS-10,Lawrence,Douglas,KS,2021.0,validation
A-6012571,Source1,2,2021-08-05 07:36:13,2021-08-06 08:21:24,1485.1833333333334,Construction on I-80 WB near NE-63 Right lane blocked. Expect delays.,I-80 W,Waverly,Lancaster,NE,2021.0,validation
A-5584340,Source1,4,2021-06-29 08:04:14,2021-06-30 08:49:25,1485.1833333333334,Construction on NE-103 NB near NE-4 Road closed. Take alternate route., State Highway 103,Plymouth,Jefferson,NE,2021.0,validation
A-4907850,Source1,2,2022-10-09 00:06:43,2022-10-10 00:51:53,1485.1666666666667,Construction on WY-156 EB near TORRINGTON Road closed. Take alternate route.,WY-156,Lingle,Goshen,WY,2022.0,calibration
A-3847676,Source1,4,2022-10-09 00:06:43,2022-10-10 00:51:53,1485.1666666666667,Construction on WY-156 WB near TORRINGTON Road closed. Take alternate route., WY-156,Lingle,Goshen,WY,2022.0,calibration
A-5485710,Source1,2,2021-04-20 17:46:09,2021-04-21 18:31:18,1485.15,Construction on I-80 WB near NE-80H Left lane blocked.,I-80 W,Pleasant Dale,Seward,NE,2021.0,validation
A-4433015,Source1,2,2022-06-28 10:46:56,2022-06-29 11:32:03,1485.1166666666666,Construction on WY-220 SB near CASPER Road closed. Take alternate route., State Highway 220,Casper,Natrona,WY,2022.0,calibration
A-5703581,Source1,2,2021-04-21 21:28:44,2021-04-22 22:13:51,1485.1166666666666,Construction on US-77 NB near FUTURES DR Road closed. Take alternate route.,US-77 N,South Sioux City,Dakota,NE,2021.0,validation
A-6906582,Source1,4,2020-12-23 22:23:27,2020-12-24 23:08:33,1485.1,Construction on US-81 NB near COUNTY ROAD 129 Road closed. Take alternate route., 130th Rd,Osceola,Polk,NE,2020.0,train
A-6710636,Source1,2,2020-09-24 23:46:14,2020-09-26 00:31:20,1485.1,Construction on NE-2 NB near N 28 RD Road closed. Take alternate route., H Rd,Unadilla,Otoe,NE,2020.0,train
A-4483434,Source1,2,2022-08-28 06:08:00,2022-08-29 06:53:06,1485.1,Construction on I-80 WB near PINE BLUFFS Road closed. Take alternate route.,I-80,Pine Bluffs,Laramie,WY,2022.0,calibration
A-5222122,Source1,4,2022-11-03 09:53:16,2022-11-04 10:38:21,1485.0833333333333,Construction on I-80 WB near RAWLINS Road closed. Take alternate route.,WY-789,Rawlins,Carbon,WY,2022.0,calibration
A-3953777,Source1,2,2022-08-04 07:02:35,2022-08-05 07:47:40,1485.0833333333333,Construction on I-80 EB near ARLINGTON Road closed. Take alternate route.,I-80 E,Bosler,Albany,WY,2022.0,calibration
A-6051977,Source1,2,2021-09-07 15:18:17,2021-09-08 16:03:22,1485.0833333333333,Construction on I-80 EB near RAWLINS Road closed. Take alternate route.,WY-789,Rawlins,Carbon,WY,2021.0,validation
A-3994963,Source1,4,2022-07-25 02:38:15,2022-07-26 03:23:20,1485.0833333333333,Construction on I-80 WB near CHEYENNE Road closed. Take alternate route.,I-80,Laramie,Albany,WY,2022.0,calibration
A-6661166,Source1,2,2020-12-23 17:23:21,2020-12-24 18:08:25,1485.0666666666666,Construction on I-80 EB near NE-56C Left lane blocked.,I-80 E,North Platte,Lincoln,NE,2020.0,train
A-5441679,Source1,4,2022-07-16 16:55:12,2022-07-17 17:40:16,1485.0666666666666,Construction on I-80 EB near WALCOTT JCT Road closed. Take alternate route.,I-80 E,Buford,Albany,WY,2022.0,calibration
A-5049362,Source1,2,2022-11-23 17:02:12,2022-11-24 17:47:16,1485.0666666666666,Construction on I-80 WB near PATRICK DRAW Road closed. Take alternate route.,I-80,Rock Springs,Sweetwater,WY,2022.0,calibration
A-5255734,Source1,2,2022-06-23 21:02:01,2022-06-24 21:47:05,1485.0666666666666,Construction on I-80 EB near ARLINGTON Road closed. Take alternate route.,I-80,Rock River,Carbon,WY,2022.0,calibration
A-6783839,Source1,2,2020-10-12 12:47:50,2020-10-13 13:32:54,1485.0666666666666,Construction on I-80 WB near NE-93B Left lane blocked.,I-80 W,York,York,NE,2020.0,train
A-6497280,Source1,2,2021-02-20 14:36:51,2021-02-21 15:21:55,1485.0666666666666,Construction on I-135 WB near 9TH STREET Drive with caution.,US-81,Wichita,Sedgwick,KS,2021.0,validation
A-5780484,Source1,2,2021-08-25 10:24:23,2021-08-26 11:09:27,1485.0666666666666,Construction on KS-68 WB near US-69 Road closed. Take alternate route., Highway K68,Louisburg,Miami,KS,2021.0,validation
A-4130386,Source1,2,2022-11-23 17:02:12,2022-11-24 17:47:16,1485.0666666666666,Construction on I-80 WB near PATRICK DRAW Road closed. Take alternate route.,I-80 W,Rock Springs,Sweetwater,WY,2022.0,calibration
A-6756136,Source1,4,2020-12-16 05:59:28,2020-12-17 06:44:32,1485.0666666666666,Construction on US-54 EB near US-183 Road closed. Take alternate route.,US-400 E,Greensburg,Kiowa,KS,2020.0,train
A-5529513,Source1,4,2021-10-11 03:16:05,2021-10-12 04:01:09,1485.0666666666666,Construction on I-80 EB near RAWLINS Road closed. Take alternate route.,I-80 E,Rawlins,Carbon,WY,2021.0,validation
A-5479066,Source1,4,2021-03-24 15:54:53,2021-03-25 16:39:57,1485.0666666666666,Construction on US-20 WB near 512 AVE Road closed. Take alternate route., 863rd Rd,Orchard,Antelope,NE,2021.0,validation
A-6825489,Source1,2,2020-12-19 05:15:29,2020-12-20 06:00:32,1485.05,Construction on US-183 SB near 190 RD Road closed. Take alternate route., Highway 183,Elm Creek,Buffalo,NE,2020.0,train
A-6837680,Source1,2,2020-12-02 23:47:02,2020-12-04 00:32:05,1485.05,Construction on NE-28B near SKYLINE RD Left lane blocked.,W Dodge Rd,Elkhorn,Douglas,NE,2020.0,train
A-5103403,Source1,2,2022-11-14 18:15:13,2022-11-15 19:00:16,1485.05,Construction on I-80 EB near PATRICK DRAW Left lane blocked.,I-80,Wamsutter,Sweetwater,WY,2022.0,calibration
A-6763866,Source1,4,2020-12-28 16:54:54,2020-12-29 17:39:56,1485.0333333333333,Construction on KS-383 WB near US-183 Road closed. Take alternate route.,US-183 N,Phillipsburg,Phillips,KS,2020.0,train
A-6638781,Source1,2,2020-12-07 18:29:18,2020-12-08 19:14:20,1485.0333333333333,Construction on I-70 EB near US-81 Road closed. Take alternate route.,I-70 E,Salina,Saline,KS,2020.0,train
A-6369589,Source1,2,2021-02-11 05:43:55,2021-02-12 06:28:56,1485.0166666666667,Construction on I-35 SB near IA-210 Right lane blocked. Expect delays.,I-35,Huxley,Story,IA,2021.0,validation
A-6564090,Source1,2,2021-01-29 17:39:29,2021-01-30 18:24:30,1485.0166666666667,Construction on US-95 NB near SHELTON RD Road closed. Take alternate route., Highway 95,Parma,Canyon,ID,2021.0,validation
A-6733013,Source1,4,2020-11-23 20:55:08,2020-11-24 21:40:09,1485.0166666666667,Construction on KS-39 NB near US-400 Road closed. Take alternate route.,KS-39,Fredonia,Wilson,KS,2020.0,train
A-6302515,Source1,4,2021-09-05 02:43:50,2021-09-06 03:28:50,1485.0,Incident on GREENVILLE RD near KANSAS CITY RD Road closed. Take alternate route., NW Strohmayer Rd,Forest Grove,Washington,OR,2021.0,validation
A-6195350,Source1,2,2021-07-26 11:51:00,2021-07-27 12:36:00,1485.0,Incident on US-2 EB near GILBERT ST Road closed. Take alternate route., Gilbert St S,Wilton,Franklin,ME,2021.0,validation
A-4352536,Source1,2,2022-06-15 00:00:00,2022-06-16 00:45:00,1485.0,Incident on I-26 WB near MM 36 Road closed. Take alternate route.,Price House Rd,Woodruff,Spartanburg,SC,2022.0,calibration
A-652807,Source2,2,2022-04-11 04:55:08,2022-04-12 05:40:00,1484.8666666666666,One lane blocked and shoulder blocked due to crash on US-26 Pioneer Blvd Eastbound at Ten Eyck Rd.,Proctor Blvd,Sandy,Clackamas,OR,2022.0,calibration
A-4485126,Source1,2,2022-12-27 11:48:00,2022-12-28 12:32:00,1484.0,Incident on GA-133 NB near MAUDE ST Road closed. Take alternate route., N Stanley St,Valdosta,Lowndes,GA,2022.0,calibration
A-6768244,Source1,2,2020-11-12 03:01:11,2020-11-13 03:45:00,1483.8166666666666,Incident on I-77 SB near MM 101 Drive with caution.,I-77 S,Charleston,Kanawha,WV,2020.0,train
A-3740280,Source1,2,2023-01-16 12:10:00,2023-01-17 12:53:41,1483.6833333333334,Accident on Carmel Rancho Blvd from CR-G16/Carmel Valley Rd to Rio Rd., Carmel Rancho Blvd,Carmel-by-the-Sea,Monterey,CA,2023.0,test
A-5894260,Source1,4,2021-06-15 21:30:25,2021-06-16 22:14:00,1483.5833333333333,Construction on I-84 EB near EXIT 18 Road closed. Take alternate route.,I-84 E,Waterbury,New Haven,CT,2021.0,validation
A-6932313,Source1,4,2020-09-19 03:06:00,2020-09-20 03:49:12,1483.2,Road OR-126 is closed from Goodpasture Rd (OR-126) to Heritage Ln (OR-126) due to accident., McKenzie Hwy,Walterville,Lane,OR,2020.0,train
A-4706401,Source1,2,2022-12-30 00:01:00,2022-12-31 00:44:00,1483.0,Incident on I-15 NB near SANTA FE FIRE RD Traffic stopped.,Barstow Fwy N,Hesperia,San Bernardino,CA,2022.0,calibration
A-3893902,Source1,4,2022-08-17 00:01:00,2022-08-18 00:44:00,1483.0,Incident on CA-178 EB near CA-184 Road closed. Take alternate route.,Highway 178,Bakersfield,Kern,CA,2022.0,calibration
A-3994079,Source1,4,2022-11-22 00:01:00,2022-11-23 00:44:00,1483.0,Incident on CA-184 SB near CA-58 Road closed. Take alternate route.,Weedpatch Hwy,Bakersfield,Kern,CA,2022.0,calibration
A-4811981,Source1,2,2023-01-05 00:01:00,2023-01-06 00:44:00,1483.0,Incident on CA-84 WB near I-680 Road closed. Take alternate route., Calaveras Rd,Sunol,Alameda,CA,2023.0,test
A-4728977,Source1,2,2022-11-16 00:01:00,2022-11-17 00:44:00,1483.0,Incident on CA-4 WB near ALHAMBRA WAY Road closed. Take alternate route., Alhambra Way,Martinez,Contra Costa,CA,2022.0,calibration
A-5746170,Source1,4,2021-08-22 17:02:00,2021-08-23 17:45:00,1483.0,Incident on WA-539 SB near MM 2 Road closed. Take alternate route., Guide Meridian,Bellingham,Whatcom,WA,2021.0,validation
A-4746272,Source1,4,2022-12-24 00:01:00,2022-12-25 00:44:00,1483.0,Incident on CA-152 WB near BLOOMFIELD RD Road closed. Take alternate route., Pacheco Pass Hwy,Gilroy,Santa Clara,CA,2022.0,calibration
A-4972254,Source1,2,2023-01-17 00:01:00,2023-01-18 00:44:00,1483.0,Incident on CA-138 WB near I-15 Road closed. Take alternate route.,CA-138,San Bernardino,San Bernardino,CA,2023.0,test
A-4253957,Source1,4,2022-12-24 00:01:00,2022-12-25 00:44:00,1483.0,Incident on CA-33 SB near LOZANO ST Road closed. Take alternate route.,Santa Fe GRD,Firebaugh,Fresno,CA,2022.0,calibration
A-4323961,Source1,2,2022-11-23 00:01:00,2022-11-24 00:44:00,1483.0,Incident on US-101 NB near PESULA RD Expect long delays.,US-101,Myers Flat,Humboldt,CA,2022.0,calibration
A-5172430,Source1,4,2022-09-21 00:01:00,2022-09-22 00:44:00,1483.0,Incident on CA-20 WB near HUMPHREY RD Road closed. Take alternate route., Colusa Hwy,Yuba City,Sutter,CA,2022.0,calibration
A-4397035,Source1,4,2022-11-30 00:01:00,2022-12-01 00:44:00,1483.0,Incident on CA-89 SB near I-5 Road closed. Take alternate route.,Mount Shasta Mount Lassen Hwy,Mount Shasta,Siskiyou,CA,2022.0,calibration
A-5285234,Source1,2,2022-08-25 00:01:00,2022-08-26 00:44:00,1483.0,Incident on CA-3 SB near CA-299 Road closed. Take alternate route., State Highway 3,Lewiston,Trinity,CA,2022.0,calibration
A-4908015,Source1,2,2022-02-17 16:03:00,2022-02-18 16:45:00,1482.0,Collision on I-705 southbound at milepost 0.1 near SB On-Ramp From S 26th St And S 27th St beginning at 4:03 pm on February 17 2022 until further notice. The right lane is blocked.,I-705 S,Tacoma,Pierce,WA,2022.0,calibration
A-6726538,Source1,2,2020-11-05 03:03:13,2020-11-06 03:45:00,1481.7833333333333,Incident on US-19 NB near MT HOPE ACCESS RD Road closed. Take alternate route.,US-19 N,Mount Hope,Fayette,WV,2020.0,train
A-5422648,Source1,2,2022-11-04 00:02:44,2022-11-05 00:44:00,1481.2666666666667,A disabled vehicle is creating a hazard causing no to minimum delays. Use caution.,Old Oregon Trl,Baker City,Baker,OR,2022.0,calibration
A-4513870,Source1,2,2022-11-04 00:02:44,2022-11-05 00:44:00,1481.2666666666667,Incident on I-84 WB near OR-86 Road closed. Take alternate route.,Old Oregon Trl,Union,Union,OR,2022.0,calibration
A-6950377,Source1,2,2020-11-18 00:05:00,2020-11-19 00:45:00,1480.0,Incident on I-5 NB near MP 133 Right lane blocked. Expect delays.,I-5 N,Tacoma,Pierce,WA,2020.0,train
A-5471488,Source1,2,2021-07-25 17:05:00,2021-07-26 17:45:00,1480.0,Incident on US-101 WB near MM 235 Drive with caution., Highway 101,Port Angeles,Clallam,WA,2021.0,validation
A-4802472,Source1,2,2022-10-06 20:05:33,2022-10-07 20:45:00,1479.45,Incident on I-79 SB near MM 132 Drive with caution.,I-79 S,Fairmont,Marion,WV,2022.0,calibration
A-4396430,Source1,2,2022-03-06 19:05:54,2022-03-07 19:45:00,1479.1,Incident on US-250 SB near OHIO COUNTY LN Drive with caution.,WV-2,Wheeling,Ohio,WV,2022.0,calibration
A-6796629,Source1,2,2020-12-11 03:06:24,2020-12-12 03:45:00,1478.6,Incident on US-60 EB near KELLEYS CREEK RD Road closed. Take alternate route., Maccorkle Ave SW,South Charleston,Kanawha,WV,2020.0,train
A-6582153,Source1,2,2020-09-22 00:07:00,2020-09-23 00:45:00,1478.0,Incident on WA-16 WB near MP 7 Left lane blocked.,WA-16 W,Tacoma,Pierce,WA,2020.0,train
A-6061119,Source1,2,2021-07-29 17:07:00,2021-07-30 17:45:00,1478.0,Incident on WA-520 EB near MM 3 Right lane blocked. Expect delays.,WA-520 E,Seattle,King,WA,2021.0,validation
A-4509217,Source1,2,2022-03-06 19:07:02,2022-03-07 19:45:00,1477.9666666666667,Incident on I-77 SB near MM 99 Drive with caution.,I-64,Charleston,Kanawha,WV,2022.0,calibration
A-4629199,Source1,4,2022-08-18 12:10:00,2022-08-19 12:45:00,1475.0,Incident on CA-299 EB near WHISKEY CREEK RD Road closed. Take alternate route., Eureka Way,Redding,Shasta,CA,2022.0,calibration
A-4046513,Source1,4,2022-08-18 12:10:00,2022-08-19 12:45:00,1475.0,Incident on CA-299 EB near WHISKEY CREEK RD Road closed. Take alternate route.,Eureka Way,French Gulch,Shasta,CA,2022.0,calibration
A-6731474,Source1,2,2020-10-15 07:10:00,2020-10-16 07:44:00,1474.0,Construction on 7TH AVE WB near UNION ST Drive with caution., Union St,Seattle,King,WA,2020.0,train
A-4174207,Source1,2,2023-01-15 13:11:00,2023-01-16 13:44:32,1473.5333333333333,Incident on I-5 NB near MCBEAN PKWY Drive with caution.,Golden State Fwy N,Valencia,Los Angeles,CA,2023.0,test
A-4748094,Source1,2,2022-07-13 19:38:00,2022-07-14 20:10:13,1472.2166666666667,Incident on E MINARETS AVE near N BLACKSTONE AVE Drive with caution., W Minarets Ave,Fresno,Fresno,CA,2022.0,calibration
A-6239365,Source1,2,2021-04-21 12:20:00,2021-04-22 12:51:27,1471.45,Incident on CLAREMONT AVE near HOUSE 13116 Drive with caution., Claremont Ave,Victorville,San Bernardino,CA,2021.0,validation
A-5641214,Source1,2,2021-03-21 17:14:00,2021-03-22 17:45:00,1471.0,Incident on US-101 EB near MP 252 Drive with caution., E Highway 101,Port Angeles,Clallam,WA,2021.0,validation
A-6510711,Source1,2,2021-02-12 00:14:00,2021-02-13 00:44:00,1470.0,Construction on BROADWAY NB near E PINE ST Drive with caution., E Pine St,Seattle,King,WA,2021.0,validation
A-6110269,Source1,2,2021-06-04 17:16:00,2021-06-05 17:45:00,1469.0,Incident on WA-5 SB near MP 163 Right lane blocked. Expect delays., S Royal Brougham Way,Seattle,King,WA,2021.0,validation
A-6702978,Source1,2,2020-10-20 00:16:00,2020-10-21 00:45:00,1469.0,Incident on WA-307 NB near MP 1 Drive with caution., Bond Rd NE,Poulsbo,Kitsap,WA,2020.0,train
A-5500218,Source1,2,2021-12-21 16:16:00,2021-12-22 16:45:00,1469.0,On I-5 southbound at Main St (MP 263) there is a collision blocking all lanes.,I-5 S,Ferndale,Whatcom,WA,2021.0,validation
A-2129391,Source2,2,2019-05-29 06:17:13,2019-05-30 06:46:00,1468.7833333333333,Accident on MN-29 both ways between 118th St and Revering St.,State Highway 29,Parkers Prairie,Otter Tail,MN,2019.0,train
A-1475398,Source2,3,2020-05-20 04:26:26,2020-05-21 04:55:00,1468.5666666666666,Entry ramp to I-71 Northbound from Frank Rd Eastbound closed due to flooding.,I-71 N,Columbus,Franklin,OH,2020.0,train
A-5525329,Source1,2,2021-07-22 21:13:00,2021-07-23 21:41:08,1468.1333333333334,Incident on CA-49 near BREM LN Drive with caution., State Highway 49,North San Juan,Nevada,CA,2021.0,validation
A-7287662,Source1,2,2019-12-24 17:32:00,2019-12-25 18:00:00,1468.0,At Rest Area (West) - Accident.,I-70 W,Green River,Emery,UT,2019.0,train
A-6177843,Source1,2,2021-11-12 19:17:01,2021-11-13 19:45:00,1467.9833333333333,Incident on I-70 WB near MM 3 Drive with caution.,I-70 W,Wheeling,Ohio,WV,2021.0,validation
A-1594728,Source2,3,2020-01-15 03:00:17,2020-01-16 03:28:00,1467.7166666666667,Entry ramp to D St Westbound from WA-543 Southbound closed due to snow. The border is closed.,Pacific Hwy,Blaine,Whatcom,WA,2020.0,train
A-5855633,Source1,2,2021-04-19 20:17:21,2021-04-20 20:45:00,1467.65,Incident on US-60 EB near MERCER RD Road closed. Take alternate route., Williams Rd,Cedar Grove,Kanawha,WV,2021.0,validation
A-6849178,Source1,2,2020-11-24 03:17:25,2020-11-25 03:45:00,1467.5833333333333,Incident on I-64 EB near MM 139 Drive with caution.,I-64 E,Sandstone,Summers,WV,2020.0,train
A-6920843,Source1,4,2020-09-09 19:41:30,2020-09-10 20:09:05,1467.5833333333333,Road OR-138 is closed from NFD4793 (OR-138) to Toketee Rigdon Rd (OR-138) due to accident., Birds Point Rd,Idleyld Park,Douglas,OR,2020.0,train
A-6159204,Source1,2,2021-03-30 03:22:53,2021-03-31 03:50:00,1467.1166666666666,Crash - on I-15 northbound at Mile Marker 119 (north of Lower Flat Top Dr) in Mesquite Clark County Nevada. Right lane blocked. Use caution in the area.,I-15,Mesquite,Clark,NV,2021.0,validation
A-6420117,Source1,2,2021-01-25 00:19:00,2021-01-26 00:45:00,1466.0,Incident on I-90 EB near MP 79 Expect delays.,I-90 E,Cle Elum,Kittitas,WA,2021.0,validation
A-6418090,Source1,2,2021-01-19 00:20:00,2021-01-20 00:45:00,1465.0,Incident on I-705 NB near MP 1 Right lane blocked. Expect delays.,I-705 N,Tacoma,Pierce,WA,2021.0,validation
A-6075354,Source1,2,2021-03-15 20:20:12,2021-03-16 20:45:00,1464.8,Incident on I-64 EB near MM 20 Road closed. Take alternate route.,I-64,Ona,Cabell,WV,2021.0,validation
A-6048961,Source1,2,2021-03-15 20:20:12,2021-03-16 20:45:00,1464.8,Incident on I-64 EB near MM 20 Road closed. Take alternate route.,I-64 E,Barboursville,Cabell,WV,2021.0,validation
A-6803934,Source1,2,2020-11-06 00:21:00,2020-11-07 00:45:00,1464.0,Incident on I-5 HOV LN SB near MP 156 Drive with caution.,I-5 S,Seattle,King,WA,2020.0,train
A-6312294,Source1,2,2021-04-02 17:23:00,2021-04-03 17:45:00,1462.0,Incident on WA-702 WB near MP 0 Drive with caution., Harts Lake Loop Rd S,Roy,Pierce,WA,2021.0,validation
A-5474387,Source1,2,2021-12-04 00:53:00,2021-12-05 01:11:33,1458.55,Accident from Doske Rd to Vogel Flat Rd., Big Tujunga Canyon Rd,Tujunga,Los Angeles,CA,2021.0,validation
A-6439227,Source1,2,2021-01-15 04:53:30,2021-01-16 05:10:00,1456.5,Slow traffic on I-80 W from IA-173/Exit 54 (I-80) to CR-M56/Exit 51 (I-80) due to accident.,I-80 W,Marne,Cass,IA,2021.0,validation
A-6620643,Source1,2,2020-11-30 20:30:00,2020-12-01 20:43:28,1453.4666666666667,SR15 S MAIN. [CHP] has closed their incident [201201BC00222], Osborn St,National City,San Diego,CA,2020.0,train
A-6970847,Source1,2,2020-12-25 08:32:00,2020-12-26 08:44:00,1452.0,Construction on 7TH AVE NB near MADISON ST Drive with caution., 7th Ave,Seattle,King,WA,2020.0,train
A-4763073,Source1,2,2023-02-09 05:51:00,2023-02-10 06:01:36,1450.6,Accident on County Hwy-J4 from N MacArthur Dr (E Grant Line Rd) to S Bird Rd (Byron Hwy/W Byron Rd/Kasson Rd/Grant Line Rd)., E Grant Line Rd,Tracy,San Joaquin,CA,2023.0,test
A-6506666,Source1,2,2021-02-12 16:38:00,2021-02-13 16:45:00,1447.0,Incident on WA-14 EB near MP 23 Drive with caution., SE Evergreen Blvd,Washougal,Skamania,WA,2021.0,validation
A-5459441,Source1,2,2022-08-29 12:16:50,2022-08-30 12:21:12,1444.3666666666666,Incident on OLD TWO NOTCH RD near TALLAWOOD DR Drive with caution., Old Two Notch Rd,Elgin,Richland,SC,2022.0,calibration
A-6859113,Source1,2,2020-10-19 03:41:01,2020-10-20 03:45:00,1443.9833333333333,Incident on I-64 EB near MM 13 Drive with caution.,Cedar Crest Dr,Huntington,Cabell,WV,2020.0,train
A-6566902,Source1,2,2021-02-19 19:41:50,2021-02-20 19:45:00,1443.1666666666667,Incident on I-79 NB near MM 13 Drive with caution.,I-79,Elkview,Kanawha,WV,2021.0,validation
A-6267460,Source1,2,2021-04-17 18:41:00,2021-04-18 18:44:00,1443.0,Incident on ALMA SCHOOL RD near W MAIN ST Expect delays.,Alma School Rd,Mesa,Maricopa,AZ,2021.0,validation
A-5908468,Source1,2,2021-04-26 08:48:22,2021-04-27 08:51:00,1442.6333333333334,Stationary traffic on I-278 W from Bruckner Blvd to exit [51] due to accident., Bruckner Blvd,Bronx,Bronx,NY,2021.0,validation
A-6024660,Source1,2,2021-10-05 20:44:00,2021-10-06 20:45:00,1441.0,Incident on US-60 WB near CEDAR GROVE Drive with caution., E Dupont Ave,Cedar Grove,Kanawha,WV,2021.0,validation
A-5871942,Source1,2,2021-11-25 19:44:26,2021-11-26 19:45:00,1440.5666666666666,Incident on US-60 WB near I-64 Road closed. Take alternate route., Maccorkle Ave SW,South Charleston,Kanawha,WV,2021.0,validation
